,date,ticker,open,high,low,close,adjusted_close,volume,dividend_amount
0,2024-10-24,A,138.3500,138.8100,130.6900,130.6900,130.6900,6286289,0.0000
1,2024-10-18,A,144.0000,146.6600,136.4800,138.8300,138.8300,7496600,0.0000
2,2024-10-11,A,144.1300,145.5899,142.5950,143.8200,143.8200,5102688,0.0000
3,2024-10-04,A,147.7000,148.8300,144.0200,144.9700,144.9700,6118210,0.2360
4,2024-09-27,A,141.1500,150.0800,138.6007,148.0600,147.8220,9909655,0.0000
5,2024-09-20,A,138.2800,143.4400,137.3900,140.0900,139.8648,7327315,0.0000
6,2024-09-13,A,138.8000,139.5400,134.2500,137.3100,137.0893,7067713,0.0000
7,2024-09-06,A,141.6300,143.2700,136.4900,137.2000,136.9794,5483819,0.0000
8,2024-08-30,A,141.1100,143.4400,139.7100,142.9200,142.6902,6200866,0.0000
9,2024-08-23,A,140.5500,145.4500,138.1500,140.8700,140.6435,9574998,0.0000
10,2024-08-16,A,136.8100,140.9000,134.4800,140.0400,139.8149,6000404,0.0000
11,2024-08-09,A,136.5500,138.9200,133.0600,136.9000,136.6799,6615586,0.0000
12,2024-08-02,A,137.5850,144.2200,135.6200,139.0400,138.8165,10428213,0.0000
13,2024-07-26,A,133.0600,140.2900,130.1800,137.3200,137.0992,8773376,0.0000
14,2024-07-19,A,132.0100,136.1899,130.2900,131.7800,131.5681,7626216,0.0000
15,2024-07-12,A,126.6800,133.4000,124.1600,132.2300,132.0174,8631788,0.0000
16,2024-07-05,A,130.6900,131.7850,125.2900,126.3700,126.1668,6975853,0.2360
17,2024-06-28,A,135.3000,137.7100,128.3900,129.6300,129.1792,19202748,0.0000
18,2024-06-21,A,131.1100,135.1500,129.5000,133.2500,132.7866,12892256,0.0000
19,2024-06-14,A,132.8700,133.8500,129.2400,129.8500,129.3985,10873801,0.0000
20,2024-06-07,A,130.0000,134.3500,130.0000,132.9800,132.5176,13350937,0.0000
21,2024-05-31,A,150.8200,151.1900,125.3000,130.4100,129.9565,13441825,0.0000
22,2024-05-24,A,153.9700,154.9500,149.5600,150.6600,150.1361,4924152,0.0000
23,2024-05-17,A,149.5300,155.3500,147.1800,154.2300,153.6937,7704274,0.0000
24,2024-05-10,A,139.5400,152.8100,138.3350,149.7600,149.2392,8050623,0.0000
25,2024-05-03,A,138.2600,140.9500,136.1300,139.4500,138.9651,4963713,0.0000
26,2024-04-26,A,133.5400,139.8900,131.7800,137.7400,137.2610,6078948,0.0000
27,2024-04-19,A,142.3100,143.2500,128.3400,132.7300,132.2684,8175688,0.0000
28,2024-04-12,A,143.8000,147.4300,140.2600,140.7300,140.2406,5015788,0.0000
29,2024-04-05,A,146.1800,146.5000,141.1300,144.1200,143.6188,6392512,0.2360
30,2024-03-28,A,147.5400,148.0700,143.7800,145.5100,144.7693,7120484,0.0000
31,2024-03-22,A,147.8800,150.1400,145.4700,147.4500,146.6994,8434785,0.0000
32,2024-03-15,A,148.0000,149.4750,143.9900,147.4800,146.7293,10692466,0.0000
33,2024-03-08,A,139.1500,151.5800,138.8100,147.8700,147.1173,10680975,0.0000
34,2024-03-01,A,131.7800,139.8800,130.8300,139.0600,138.3521,10140862,0.0000
35,2024-02-23,A,133.6700,135.4450,129.0150,132.0300,131.3579,7241083,0.0000
36,2024-02-16,A,133.2800,136.2700,128.2600,134.8400,134.1536,6249498,0.0000
37,2024-02-09,A,132.7400,136.9100,131.0750,133.3400,132.6612,8161616,0.0000
38,2024-02-02,A,131.7500,134.6200,129.2605,132.9700,132.2931,5865820,0.0000
39,2024-01-26,A,131.5000,134.2300,129.4300,130.9900,130.3232,5949141,0.0000
40,2024-01-19,A,129.1400,131.9900,126.7400,131.2200,130.5520,5567632,0.0000
41,2024-01-12,A,130.1400,135.6450,127.9000,130.5400,129.8755,7418375,0.0000
42,2024-01-05,A,138.1900,140.5900,128.6200,130.5600,129.8954,7355435,0.0000
43,2023-12-29,A,139.3100,140.8114,138.3600,139.0300,138.3223,4036903,0.2360
44,2023-12-22,A,137.5900,141.2400,136.8600,139.5700,138.6242,8166068,0.0000
45,2023-12-15,A,127.6200,138.9000,127.0000,136.7800,135.8531,12908540,0.0000
46,2023-12-08,A,128.4050,130.4807,125.7735,127.2000,126.3380,8427531,0.0000
47,2023-12-01,A,125.9800,129.0100,124.1000,128.7900,127.9173,10643974,0.0000
48,2023-11-24,A,113.2500,126.7700,112.3900,126.6200,125.7620,13007019,0.0000
49,2023-11-17,A,108.1300,114.5200,106.9600,113.1500,112.3832,9660286,0.0000
50,2023-11-10,A,108.8100,111.5700,104.0900,108.4700,107.7350,8378320,0.0000
51,2023-11-03,A,102.7100,109.5900,96.8000,109.0200,108.2812,12188573,0.0000
52,2023-10-27,A,108.1000,109.9075,100.0800,102.7700,102.0736,12392986,0.0000
53,2023-10-20,A,111.0400,112.9100,108.5350,109.2300,108.4898,9558062,0.0000
54,2023-10-13,A,109.9700,113.8300,106.8200,110.5100,109.7611,11315047,0.0000
55,2023-10-06,A,110.9000,112.2400,108.7700,110.6400,109.8902,7745891,0.2250
56,2023-09-29,A,110.7600,113.1650,109.6150,111.8200,110.8374,8445171,0.0000
57,2023-09-22,A,115.0000,115.0000,109.1100,111.4100,110.4310,9163924,0.0000
58,2023-09-15,A,114.2900,121.9200,109.0000,115.9100,114.8914,15307815,0.0000
59,2023-09-08,A,121.6400,122.5365,113.7100,113.9900,112.9883,6046288,0.0000
60,2023-09-01,A,119.9500,123.6800,119.3400,121.9100,120.8387,6764479,0.0000
61,2023-08-25,A,119.5000,120.8200,117.3300,119.6800,118.6283,8280024,0.0000
62,2023-08-18,A,125.4300,128.0000,119.0350,119.2500,118.2021,11230830,0.0000
63,2023-08-11,A,126.7300,129.9900,125.0700,126.8600,125.7452,8570749,0.0000
64,2023-08-04,A,124.3800,128.7250,120.4600,126.3000,125.1901,10248017,0.0000
65,2023-07-28,A,127.6200,130.0000,123.1600,126.0500,124.9423,12429479,0.0000
66,2023-07-21,A,119.9500,128.3000,117.6600,127.6200,126.4985,11108350,0.0000
67,2023-07-14,A,116.7300,120.8700,116.5600,119.7500,118.6977,7036751,0.0000
68,2023-07-07,A,120.0200,120.8500,115.6550,117.0000,115.9719,5362378,0.0000
69,2023-06-30,A,118.9600,120.6900,115.7100,120.2500,119.1933,10569918,0.2250
70,2023-06-23,A,118.6400,119.7100,116.8800,119.4200,118.1495,7870282,0.0000
71,2023-06-16,A,115.8600,123.1750,115.8200,121.1300,119.8413,13645663,0.0000
72,2023-06-09,A,118.5800,119.7600,114.1600,115.7900,114.5581,11934121,0.0000
73,2023-06-02,A,120.0100,121.3050,114.7950,118.2200,116.9623,13316769,0.0000
74,2023-05-26,A,128.6600,130.5400,113.2801,120.4200,119.1389,16707467,0.0000
75,2023-05-19,A,127.9400,130.4700,125.7800,128.8700,127.4990,7538539,0.0000
76,2023-05-12,A,134.0100,134.2100,125.3600,127.4900,126.1337,8701276,0.0000
77,2023-05-05,A,136.0200,137.1600,131.9050,133.3000,131.8819,7165519,0.0000
78,2023-04-28,A,138.8000,139.5200,128.1100,135.4300,133.9892,9166146,0.0000
79,2023-04-21,A,139.6200,140.9900,134.8730,138.5000,137.0265,6372325,0.0000
80,2023-04-14,A,137.3800,141.4800,135.8600,139.2000,137.7191,5389310,0.0000
81,2023-04-06,A,137.4200,139.2700,136.0050,138.0300,136.5615,6848671,0.2250
82,2023-03-31,A,133.5800,138.7300,132.0108,138.3400,136.6452,7209771,0.0000
83,2023-03-24,A,133.1400,137.5350,128.2200,131.9600,130.3434,9234791,0.0000
84,2023-03-17,A,135.5500,139.6000,132.2000,133.1800,131.5484,8878722,0.0000
85,2023-03-10,A,143.3500,145.4350,134.7100,135.7200,134.0573,6602893,0.0000
86,2023-03-03,A,142.8800,144.4400,136.0800,143.9300,142.1667,9652176,0.0000
87,2023-02-24,A,146.6000,146.6500,138.7200,141.2000,139.4702,6418717,0.0000
88,2023-02-17,A,153.2700,155.7499,146.4900,148.2600,146.4437,5099698,0.0000
89,2023-02-10,A,152.7300,156.3204,151.0700,152.5500,150.6811,4758620,0.0000
90,2023-02-03,A,154.5000,157.3100,150.2100,154.5500,152.6566,7614732,0.0000
91,2023-01-27,A,156.0000,159.5900,152.8300,155.6900,153.7827,4255061,0.0000
92,2023-01-20,A,156.6800,158.1600,152.1400,155.9200,154.0099,5113977,0.0000
93,2023-01-13,A,149.6900,158.6000,147.1980,156.9200,154.9976,5808101,0.0000
94,2023-01-06,A,151.9600,154.6400,143.0100,147.6700,145.8609,6821330,0.0000
95,2022-12-30,A,149.2300,151.9000,147.3000,149.6500,147.8167,3218006,0.2250
96,2022-12-23,A,148.9100,150.2700,145.8800,149.2300,147.1805,6019875,0.0000
97,2022-12-16,A,154.0100,160.2650,147.9050,149.3000,147.2496,7870863,0.0000
98,2022-12-09,A,153.8400,156.9900,149.9100,152.9500,150.8494,5618218,0.0000
99,2022-12-02,A,155.8700,156.9900,149.1000,155.6700,153.5321,7764158,0.0000
100,2022-11-25,A,145.6200,157.4400,144.4300,156.9600,154.8044,7291425,0.0000
101,2022-11-18,A,149.0100,149.7100,142.1600,146.1900,144.1823,6731447,0.0000
102,2022-11-11,A,136.8500,149.7400,135.5600,148.3100,146.2732,6032476,0.0000
103,2022-11-04,A,137.6900,141.3500,130.6600,136.0800,134.2111,6768168,0.0000
104,2022-10-28,A,131.1300,139.3100,129.8050,138.7700,136.8642,5465905,0.0000
105,2022-10-21,A,127.3800,134.6750,124.8200,129.8800,128.0963,6234459,0.0000
106,2022-10-14,A,128.0500,130.2200,122.3500,125.7000,123.9737,7071751,0.0000
107,2022-10-07,A,122.7300,133.8200,121.6800,127.4400,125.6898,6931768,0.2100
108,2022-09-30,A,123.1800,125.1250,120.6000,121.5500,119.6818,7071786,0.0000
109,2022-09-23,A,128.7900,130.7900,121.4400,123.4800,121.5821,6296739,0.0000
110,2022-09-16,A,137.5300,140.0000,128.2800,129.8900,127.8936,8762201,0.0000
111,2022-09-09,A,129.3800,137.9200,127.7200,137.6300,135.5147,6568526,0.0000
112,2022-09-02,A,128.4300,130.2700,126.2100,128.0100,126.0425,7508558,0.0000
113,2022-08-26,A,135.3000,136.0800,129.7800,129.8700,127.8739,5681352,0.0000
114,2022-08-19,A,133.2800,149.0000,131.6600,137.6200,135.5048,10429062,0.0000
115,2022-08-12,A,134.2000,135.1300,128.0200,133.5500,131.4974,5202221,0.0000
116,2022-08-05,A,133.5100,135.2600,131.0900,133.6100,131.5564,6165107,0.0000
117,2022-07-29,A,125.0500,134.5000,123.1900,134.1000,132.0389,7776218,0.0000
118,2022-07-22,A,118.9500,128.5399,114.4600,125.0400,123.1182,6553747,0.0000
119,2022-07-15,A,121.6100,123.4600,113.0200,118.8300,117.0036,6195979,0.0000
120,2022-07-08,A,117.7500,123.2200,116.4900,122.5100,120.6270,5615819,0.0000
121,2022-07-01,A,121.8300,122.2950,116.0000,119.2100,117.3778,6870176,0.2100
122,2022-06-24,A,114.4100,121.3500,112.5200,121.2900,119.2158,9755477,0.0000
123,2022-06-17,A,116.4800,117.7700,112.6700,112.7100,110.7825,8889196,0.0000
124,2022-06-10,A,129.3800,131.2000,119.9000,120.5700,118.5081,5790357,0.0000
125,2022-06-03,A,128.9100,130.0700,122.3000,128.4900,126.2927,8327875,0.0000
126,2022-05-27,A,126.4500,130.7700,119.1800,130.5500,128.3174,12216336,0.0000
127,2022-05-20,A,119.6300,125.5800,118.8300,125.1300,122.9901,10468624,0.0000
128,2022-05-13,A,119.1300,120.7150,112.6400,119.3800,117.3385,8276904,0.0000
129,2022-05-06,A,118.3800,126.6900,116.4900,121.0800,119.0094,11180977,0.0000
130,2022-04-29,A,119.5300,123.8900,117.2400,119.2700,117.2303,12593785,0.0000
131,2022-04-22,A,126.4400,131.0300,121.1500,121.3200,119.2453,9313229,0.0000
132,2022-04-14,A,133.2200,133.8788,124.9100,126.4400,124.2777,11062294,0.0000
133,2022-04-08,A,133.8600,137.0800,129.8600,134.8700,132.5636,9450178,0.2100
134,2022-04-01,A,136.2500,139.3200,131.8600,133.9700,131.4741,9129848,0.0000
135,2022-03-25,A,137.6300,140.1997,133.4482,135.7100,133.1817,7306547,0.0000
136,2022-03-18,A,131.0000,139.3930,126.9000,139.1200,136.5282,8971864,0.0000
137,2022-03-11,A,133.5500,136.4400,127.5400,130.3100,127.8823,10306468,0.0000
138,2022-03-04,A,132.0300,138.0000,129.1550,133.8900,131.3956,15034255,0.0000
139,2022-02-25,A,130.8700,134.3700,123.0600,133.7300,131.2386,13557640,0.0000
140,2022-02-18,A,136.9600,138.0600,129.7100,132.0500,129.5899,13952999,0.0000
141,2022-02-11,A,141.5000,145.1000,136.2400,137.2000,134.6440,6562058,0.0000
142,2022-02-04,A,137.3200,144.7600,136.9729,141.1200,138.4909,6836327,0.0000
143,2022-01-28,A,136.3800,138.4900,131.2150,137.0600,134.5066,9750811,0.0000
144,2022-01-21,A,142.4200,143.6000,137.4900,137.5100,134.9482,7054229,0.0000
145,2022-01-14,A,143.2900,150.3900,140.8600,144.6800,141.9846,10794869,0.0000
146,2022-01-07,A,159.0000,159.4400,145.0900,145.1500,142.4459,10567745,0.2100
147,2021-12-31,A,158.8200,162.6200,157.1850,159.6500,156.4657,4616351,0.0000
148,2021-12-23,A,150.7600,158.8600,148.5400,157.8000,154.6526,6842750,0.0000
149,2021-12-17,A,157.3400,157.9000,148.0400,151.4200,148.3999,10052235,0.0000
150,2021-12-10,A,149.3400,158.0000,147.7800,156.2600,153.1434,7453864,0.0000
151,2021-12-03,A,153.0600,155.7100,147.7200,149.3300,146.3516,10362708,0.0000
152,2021-11-26,A,165.0000,165.6800,151.0900,152.0700,149.0369,9177683,0.0000
153,2021-11-19,A,161.2500,165.0700,156.9600,164.3000,161.0230,6393811,0.0000
154,2021-11-12,A,157.0000,162.2300,156.0600,160.8800,157.6712,5954543,0.0000
155,2021-11-05,A,157.3800,158.9300,152.4300,156.4100,153.2904,7088974,0.0000
156,2021-10-29,A,157.9000,159.9200,154.1900,157.4900,154.3488,7329531,0.0000
157,2021-10-22,A,153.6300,158.7100,152.3900,157.9700,154.8193,5439542,0.0000
158,2021-10-15,A,151.4900,153.8900,146.3000,153.2700,150.2130,7257442,0.0000
159,2021-10-08,A,155.2400,157.4800,151.2600,152.4700,149.4290,6954466,0.1940
160,2021-10-01,A,171.0600,171.1500,153.0500,155.9900,152.6843,8653721,0.0000
161,2021-09-24,A,170.5000,174.3500,169.1100,172.4000,168.7466,6336967,0.0000
162,2021-09-17,A,177.6600,178.0000,170.2200,173.9400,170.2539,8694929,0.0000
163,2021-09-10,A,179.2800,179.3650,176.5700,177.2300,173.4742,4523024,0.0000
164,2021-09-03,A,173.8600,179.5700,173.8600,179.2800,175.4808,6549487,0.0000
165,2021-08-27,A,169.4300,175.1000,168.1300,173.8100,170.1267,7171273,0.0000
166,2021-08-20,A,159.3900,170.7400,158.5000,168.1300,164.5671,11832859,0.0000
167,2021-08-13,A,156.0800,159.2700,155.0100,159.2300,155.8557,7070055,0.0000
168,2021-08-06,A,154.0500,155.8900,152.5200,155.7000,152.4005,7961599,0.0000
169,2021-07-30,A,151.7300,153.6000,148.8600,153.2300,149.9828,9868632,0.0000
170,2021-07-23,A,147.6600,152.4100,146.9500,152.3100,149.0823,10441719,0.0000
171,2021-07-16,A,150.6500,151.0000,147.8400,148.9300,145.7739,8058738,0.0000
172,2021-07-09,A,149.2300,150.2300,147.2800,150.0300,146.8506,7748219,0.0000
173,2021-07-02,A,147.6300,148.8900,146.4300,148.8200,145.6663,6548269,0.1940
174,2021-06-25,A,145.4200,148.3300,143.7334,147.2800,143.9712,13959839,0.0000
175,2021-06-18,A,143.5000,147.6800,142.7600,145.0100,141.7522,9674619,0.0000
176,2021-06-11,A,138.0900,143.6000,137.3701,143.5300,140.3055,5498749,0.0000
177,2021-06-04,A,139.1700,140.3200,135.5700,137.9000,134.8020,5709896,0.0000
178,2021-05-28,A,133.5100,139.2100,132.5300,138.1300,135.0268,10665678,0.0000
179,2021-05-21,A,130.8400,134.1300,127.1300,132.3000,129.3278,6264775,0.0000
180,2021-05-14,A,133.7600,133.9300,128.4700,131.1500,128.2036,5208388,0.0000
181,2021-05-07,A,134.2900,134.8200,130.3500,133.9000,130.8918,6409799,0.0000
182,2021-04-30,A,137.2100,137.8271,133.1500,133.6400,130.6377,8294198,0.0000
183,2021-04-23,A,134.3800,137.1200,131.8150,136.6800,133.6094,6734645,0.0000
184,2021-04-16,A,131.4400,134.6400,130.8400,134.5800,131.5565,10876071,0.0000
185,2021-04-09,A,129.0000,131.9200,128.5300,131.9100,128.9465,6151372,0.1940
186,2021-04-01,A,124.8800,128.4750,123.7400,127.6900,124.6353,5515296,0.0000
187,2021-03-26,A,122.1700,125.7100,119.8800,125.6400,122.6344,6998008,0.0000
188,2021-03-19,A,120.9200,125.3050,120.3400,122.6900,119.7550,8693004,0.0000
189,2021-03-12,A,116.3100,122.9200,115.2700,121.4400,118.5349,10179800,0.0000
190,2021-03-05,A,123.0500,125.8900,112.4700,116.1400,113.3616,9450694,0.0000
191,2021-02-26,A,125.9500,126.1600,120.4100,122.0700,119.1498,8687428,0.0000
192,2021-02-19,A,129.3100,136.9800,126.4900,126.8700,123.8350,9495060,0.0000
193,2021-02-12,A,123.9200,128.6000,122.3600,127.9800,124.9184,7542707,0.0000
194,2021-02-05,A,120.6900,125.9600,120.1800,123.1800,120.2332,7341284,0.0000
195,2021-01-29,A,126.6900,127.4800,118.1100,120.1700,117.2952,8265443,0.0000
196,2021-01-22,A,127.3800,128.9200,126.2900,126.3300,123.3079,6571073,0.0000
197,2021-01-15,A,126.4500,129.3400,124.7400,126.2100,123.1907,8135268,0.0000
198,2021-01-08,A,118.9400,127.6404,117.1100,127.0600,124.0204,10156236,0.1940
199,2020-12-31,A,118.5100,119.1200,116.6038,118.4900,115.4666,4441423,0.0000
200,2020-12-24,A,117.7000,118.8900,115.9600,117.3100,114.3167,5688056,0.0000
201,2020-12-18,A,118.6100,120.2400,116.4000,119.3000,116.2559,11146090,0.0000
202,2020-12-11,A,115.2000,119.9000,114.1200,118.4800,115.4569,8146293,0.0000
203,2020-12-04,A,113.8900,118.3800,113.1600,115.1500,112.2118,9873984,0.0000
204,2020-11-27,A,111.4000,118.9600,109.5600,114.0900,111.1789,12664687,0.0000
205,2020-11-20,A,111.0000,112.3000,105.1900,110.8900,108.0605,9937695,0.0000
206,2020-11-13,A,116.1600,117.5000,108.8400,110.1700,107.3589,8546753,0.0000
207,2020-11-06,A,103.5200,113.3500,103.2900,112.5400,109.6684,6284675,0.0000
208,2020-10-30,A,105.3900,106.6600,100.6548,102.0900,99.4851,7126057,0.0000
209,2020-10-23,A,106.7800,107.6200,104.1200,106.1700,103.4610,4199571,0.0000
210,2020-10-16,A,106.4500,107.5400,103.8800,106.7000,103.9774,4588241,0.0000
211,2020-10-09,A,100.9900,106.1000,100.9600,105.7600,103.0614,4678382,0.1800
212,2020-10-02,A,98.6400,102.4100,98.1200,100.0100,97.2883,4856959,0.0000
213,2020-09-25,A,98.1800,98.9750,95.4400,97.6900,95.0315,5108626,0.0000
214,2020-09-18,A,99.7300,101.5300,98.0800,99.3800,96.6755,7036013,0.0000
215,2020-09-11,A,96.1100,100.1000,94.7600,98.6000,95.9167,5481745,0.0000
216,2020-09-04,A,99.9000,103.6600,95.6600,96.8400,94.2046,7445959,0.0000
217,2020-08-28,A,98.7800,99.9300,97.1400,99.9000,97.1813,5391248,0.0000
218,2020-08-21,A,97.6700,99.4025,94.5252,98.3000,95.6249,9474647,0.0000
219,2020-08-14,A,97.8400,99.1200,96.2000,97.3700,94.7202,5504179,0.0000
220,2020-08-07,A,96.9400,99.3600,95.8100,97.7800,95.1190,5705312,0.0000
221,2020-07-31,A,94.9600,97.6600,94.7250,96.3300,93.7085,6891235,0.0000
222,2020-07-24,A,94.9100,98.0900,93.8700,94.8100,92.2298,7248485,0.0000
223,2020-07-17,A,89.9700,94.5100,88.0700,94.3700,91.8018,9588513,0.0000
224,2020-07-10,A,89.0200,90.6400,88.5600,89.4200,86.9865,5995478,0.0000
225,2020-07-02,A,86.5600,89.4900,86.1100,88.6800,86.2667,5867976,0.1800
226,2020-06-26,A,88.6400,89.7000,84.8000,85.9000,83.3904,7788340,0.0000
227,2020-06-19,A,84.4000,89.7900,83.7100,88.7300,86.1377,6725136,0.0000
228,2020-06-12,A,89.3100,90.5900,83.9900,86.1100,83.5942,9039931,0.0000
229,2020-06-05,A,88.0400,93.0400,87.9400,90.3800,87.7395,10615090,0.0000
230,2020-05-29,A,86.2300,88.4900,84.3700,88.1400,85.5649,9392844,0.0000
231,2020-05-22,A,83.2400,87.6700,80.4600,84.9800,82.4972,14559950,0.0000
232,2020-05-15,A,79.6000,82.8300,78.7200,81.5900,79.2063,13450651,0.0000
233,2020-05-08,A,74.2800,80.3300,73.4200,79.7100,77.3812,8780621,0.0000
234,2020-05-01,A,76.3500,79.3800,73.5700,74.2100,72.0419,8974902,0.0000
235,2020-04-24,A,79.0500,79.0500,73.7100,75.7500,73.5369,10603068,0.0000
236,2020-04-17,A,77.4400,80.3500,75.0200,79.5500,77.2259,10181207,0.0000
237,2020-04-09,A,72.9700,78.7200,72.2500,78.3300,76.0415,9872789,0.0000
238,2020-04-03,A,71.0600,73.1800,68.1400,70.4200,68.3626,9374873,0.1800
239,2020-03-27,A,66.8000,74.4500,62.0900,70.9100,68.6682,13583815,0.0000
240,2020-03-20,A,63.4100,71.0000,61.1300,66.4600,64.3589,18897571,0.0000
241,2020-03-13,A,72.5900,74.1900,62.1600,69.2000,67.0123,21434519,0.0000
242,2020-03-06,A,77.3100,85.0000,76.5000,78.5600,76.0764,13612624,0.0000
243,2020-02-28,A,82.2200,82.5900,74.1700,77.0700,74.6335,14848198,0.0000
244,2020-02-21,A,85.6600,86.0800,83.3600,85.0700,82.3806,11919895,0.0000
245,2020-02-14,A,83.0400,86.0600,82.9300,85.8200,83.1068,8635836,0.0000
246,2020-02-07,A,83.2900,85.5000,82.1100,83.1700,80.5406,8224001,0.0000
247,2020-01-31,A,86.5400,88.3600,82.3400,82.5600,79.9499,10528796,0.0000
248,2020-01-24,A,89.8000,90.6400,87.5800,88.2600,85.4697,6755974,0.0000
249,2020-01-17,A,87.8100,90.2800,86.7000,90.1200,87.2709,10134994,0.0000
250,2020-01-10,A,84.0000,88.2400,83.6000,87.5900,84.8209,8892699,0.0000
251,2020-01-03,A,85.3400,86.3500,84.5000,84.5700,81.8964,4447850,0.1800
252,2019-12-27,A,85.4200,85.6800,84.7600,85.4200,82.5445,2504672,0.0000
253,2019-12-20,A,84.4700,85.3100,83.3600,85.1900,82.3222,9033735,0.0000
254,2019-12-13,A,82.3400,84.9800,81.5500,83.7100,80.8921,10308595,0.0000
255,2019-12-06,A,80.7800,82.4200,79.1700,82.2100,79.4425,9260148,0.0000
256,2019-11-29,A,79.4500,81.3400,77.9600,80.7700,78.0510,10433742,0.0000
257,2019-11-22,A,78.1400,79.4900,77.3100,79.1200,76.4566,9787661,0.0000
258,2019-11-15,A,76.2500,78.3100,76.1300,78.2600,75.6255,6075885,0.0000
259,2019-11-08,A,77.6800,77.8500,74.9400,76.6400,74.0600,6820340,0.0000
260,2019-11-01,A,75.6900,77.3500,74.9400,76.9700,74.3789,5248693,0.0000
261,2019-10-25,A,74.8800,76.3300,74.1300,75.3900,72.8521,7313369,0.0000
262,2019-10-18,A,75.1800,76.3600,73.7700,74.5700,72.0597,7880653,0.0000
263,2019-10-11,A,75.3500,76.2100,71.7300,75.3000,72.7652,8296972,0.0000
264,2019-10-04,A,76.3700,77.1100,72.4700,75.8800,73.3256,9165746,0.1640
265,2019-09-27,A,77.4800,78.3900,75.1600,76.3900,73.6608,11331227,0.0000
266,2019-09-20,A,77.3200,78.7400,75.7500,77.9700,75.1844,13974065,0.0000
267,2019-09-13,A,74.3900,78.0900,73.2900,77.9000,75.1169,15300028,0.0000
268,2019-09-06,A,70.7000,74.3700,69.4800,74.2800,71.6262,10163821,0.0000
269,2019-08-30,A,70.1100,72.4500,68.7900,71.1100,68.5695,9501124,0.0000
270,2019-08-23,A,71.9300,72.7700,69.2500,69.5500,67.0652,10753137,0.0000
271,2019-08-16,A,68.2200,72.6500,65.3500,71.0800,68.5405,19042761,0.0000
272,2019-08-09,A,66.8400,69.5100,65.6600,68.6400,66.1877,11762670,0.0000
273,2019-08-02,A,69.5000,70.6800,67.5600,68.0800,65.6477,14765548,0.0000
274,2019-07-26,A,68.9100,70.1900,68.4600,69.5000,67.0170,13895269,0.0000
275,2019-07-19,A,71.0200,71.0200,68.6000,68.7000,66.2456,14832203,0.0000
276,2019-07-12,A,75.5300,75.9900,70.8300,71.6500,69.0902,15199650,0.0000
277,2019-07-05,A,75.6000,76.9300,74.9200,75.7500,73.0437,7279425,0.1640
278,2019-06-28,A,73.3300,74.7000,72.0400,74.6700,71.8468,8815705,0.0000
279,2019-06-21,A,70.2500,73.5400,69.8900,73.3400,70.5671,10590199,0.0000
280,2019-06-14,A,69.6800,72.6000,68.9300,69.9700,67.3245,8261793,0.0000
281,2019-06-07,A,67.0400,70.2150,66.4100,69.5200,66.8915,13269129,0.0000
282,2019-05-31,A,68.4300,68.8600,66.0700,67.0500,64.5149,12484013,0.0000
283,2019-05-24,A,68.6600,70.4400,66.0300,68.3600,65.7754,22154931,0.0000
284,2019-05-17,A,75.7500,76.6700,66.2400,69.1100,66.4970,29132153,0.0000
285,2019-05-10,A,77.6200,79.4100,74.0900,77.1000,74.1849,10167401,0.0000
286,2019-05-03,A,77.4700,79.5600,77.1500,79.2900,76.2921,7232473,0.0000
287,2019-04-26,A,75.9300,77.4600,73.7600,77.4200,74.4928,11656159,0.0000
288,2019-04-18,A,81.0000,81.1300,74.4600,76.1700,73.2901,12415031,0.0000
289,2019-04-12,A,81.5700,82.2400,80.5800,80.9800,77.9182,5341752,0.0000
290,2019-04-05,A,80.9600,82.0500,80.4400,81.4700,78.3897,8549730,0.1640
291,2019-03-29,A,79.0900,81.0400,78.6600,80.3800,77.1857,6998048,0.0000
292,2019-03-22,A,81.1000,82.2700,78.9700,78.9900,75.8509,6981024,0.0000
293,2019-03-15,A,78.2800,81.4300,78.2600,81.1000,77.8771,7539868,0.0000
294,2019-03-08,A,81.5000,81.7600,77.4000,77.9800,74.8811,9661872,0.0000
295,2019-03-01,A,78.9000,81.4400,78.2500,81.2400,78.0115,8510041,0.0000
296,2019-02-22,A,78.0000,78.8000,76.5000,78.4200,75.3036,11412988,0.0000
297,2019-02-15,A,76.0000,78.3100,75.7500,78.3000,75.1883,7978008,0.0000
298,2019-02-08,A,76.1800,76.6900,74.7600,75.8000,72.7877,8322978,0.0000
299,2019-02-01,A,72.7600,76.5900,72.4100,76.0400,73.0182,9388854,0.0000
300,2019-01-25,A,71.4400,73.7300,70.4700,73.6500,70.7231,7747814,0.0000
301,2019-01-18,A,69.7200,72.3100,69.6200,71.9300,69.0715,8233552,0.0000
302,2019-01-11,A,65.6400,70.4100,65.6100,70.3800,67.5831,9547074,0.0000
303,2019-01-04,A,66.3400,67.4800,62.0000,65.4600,62.8586,12193020,0.0000
304,2018-12-28,A,62.9300,67.1200,62.2200,65.9600,63.3387,6953040,0.1640
305,2018-12-21,A,69.1100,69.6250,63.2200,63.2900,60.6241,15430068,0.0000
306,2018-12-14,A,70.4300,73.0400,68.5700,69.3600,66.4384,12299478,0.0000
307,2018-12-07,A,73.3300,75.1100,69.6500,70.2500,67.2909,14219439,0.0000
308,2018-11-30,A,68.9400,72.6500,68.3900,72.3500,69.3025,12506477,0.0000
309,2018-11-23,A,64.6700,68.6700,62.4000,68.2100,65.3369,16511208,0.0000
310,2018-11-16,A,66.1600,66.2500,62.5400,64.9900,62.2525,16878367,0.0000
311,2018-11-09,A,66.0300,68.3800,65.2300,67.2700,64.4365,12354713,0.0000
312,2018-11-02,A,63.6500,66.6100,61.1300,65.9300,63.1529,13972133,0.0000
313,2018-10-26,A,64.6900,64.8400,61.0100,62.7300,60.0877,16367163,0.0000
314,2018-10-19,A,65.9200,67.5700,64.2400,64.4700,61.7544,10207983,0.0000
315,2018-10-12,A,69.9600,70.0500,64.6200,66.2400,63.4499,14708337,0.0000
316,2018-10-05,A,70.6800,72.3700,69.4500,70.3000,67.3388,13996815,0.1490
317,2018-09-28,A,70.6800,71.0000,69.7000,70.5400,67.4277,10083939,0.0000
318,2018-09-21,A,69.6400,71.4600,68.4100,70.7200,67.5998,10765721,0.0000
319,2018-09-14,A,67.8200,69.6600,67.2500,68.8500,65.8123,8823998,0.0000
320,2018-09-07,A,67.3400,67.8300,66.7600,67.4000,64.4263,6204632,0.0000
321,2018-08-31,A,66.3300,67.6500,65.8600,67.5400,64.5601,9124329,0.0000
322,2018-08-24,A,64.5700,66.2600,64.4600,65.9800,63.0689,11360173,0.0000
323,2018-08-17,A,66.4400,67.2600,64.2200,64.6600,61.8072,17769603,0.0000
324,2018-08-10,A,65.7000,68.1500,65.3300,66.2600,63.3366,11278146,0.0000
325,2018-08-03,A,65.8700,66.6900,64.5000,65.7300,62.8300,10940162,0.0000
326,2018-07-27,A,63.7000,66.8300,63.3700,65.7500,62.8491,12018808,0.0000
327,2018-07-20,A,63.2300,64.6500,62.1500,63.8500,61.0329,6948275,0.0000
328,2018-07-13,A,62.4300,63.8300,62.4300,63.3800,60.5836,7925178,0.0000
329,2018-07-06,A,61.3600,62.4000,60.7900,62.2900,59.5417,6908039,0.1490
330,2018-06-29,A,62.4600,63.0000,60.4200,61.8400,58.9687,11615072,0.0000
331,2018-06-22,A,65.4800,65.5400,62.2700,62.7900,59.8745,20067852,0.0000
332,2018-06-15,A,65.6800,66.7500,65.1900,66.1300,63.0595,17282493,0.0000
333,2018-06-08,A,63.1700,66.3700,62.7600,65.7300,62.6780,13856232,0.0000
334,2018-06-01,A,62.6300,63.2300,61.3000,62.7800,59.8650,10078983,0.0000
335,2018-05-25,A,64.7500,65.9900,62.8400,63.1500,60.2178,14433208,0.0000
336,2018-05-18,A,69.7300,70.4500,60.7000,64.3200,61.3335,33021139,0.0000
337,2018-05-11,A,67.1600,69.6000,66.8400,69.4500,66.2253,8862396,0.0000
338,2018-05-04,A,66.4900,67.2500,64.8600,67.0000,63.8891,11350201,0.0000
339,2018-04-27,A,67.7100,68.6700,64.9100,66.2800,63.2025,13003747,0.0000
340,2018-04-20,A,67.8300,70.2900,67.3200,67.5500,64.4135,12601085,0.0000
341,2018-04-13,A,64.9200,67.6700,64.0800,67.2100,64.0893,10376817,0.0000
342,2018-04-06,A,66.6500,66.9700,63.3800,63.6500,60.6946,16154707,0.1490
343,2018-03-29,A,67.2000,68.6300,65.8100,66.9000,63.6465,8598955,0.0000
344,2018-03-23,A,69.7900,70.3100,65.9400,66.0600,62.8474,9886829,0.0000
345,2018-03-16,A,71.2000,71.5300,69.0500,69.9000,66.5006,11048143,0.0000
346,2018-03-09,A,67.2500,71.5000,66.5100,71.1300,67.6708,12194513,0.0000
347,2018-03-02,A,71.0000,71.2100,66.6500,67.5100,64.2269,15815355,0.0000
348,2018-02-23,A,71.5000,72.7000,70.0600,70.7000,67.2617,10735154,0.0000
349,2018-02-16,A,67.4600,74.9900,67.3700,71.9700,68.4700,16853012,0.0000
350,2018-02-09,A,70.8600,71.4800,65.0300,66.9800,63.7226,17330936,0.0000
351,2018-02-02,A,74.4800,75.0000,71.2200,71.2500,67.7850,8951503,0.0000
352,2018-01-26,A,73.1700,74.8300,72.6000,74.8200,71.1814,7864945,0.0000
353,2018-01-19,A,72.0200,73.2200,71.0600,73.0700,69.5165,7377715,0.0000
354,2018-01-12,A,69.7300,72.3300,69.5500,71.7300,68.2416,9624214,0.0000
355,2018-01-05,A,67.4200,70.1000,67.3400,69.9000,66.5006,6607771,0.0000
356,2017-12-29,A,67.3100,67.5800,66.9300,66.9700,63.7131,3212708,0.1490
357,2017-12-22,A,67.8900,68.5100,66.8600,67.3500,63.9324,7663653,0.0000
358,2017-12-15,A,67.4300,67.8600,66.3700,67.6100,64.1792,10408261,0.0000
359,2017-12-08,A,68.9400,69.1700,65.6010,67.3800,63.9609,11324718,0.0000
360,2017-12-01,A,69.2200,70.9300,67.2300,68.6900,65.2044,10008250,0.0000
361,2017-11-24,A,69.2800,70.8100,67.7000,69.3600,65.8404,13401567,0.0000
362,2017-11-17,A,66.4500,69.0900,66.2500,68.7900,65.2993,8722050,0.0000
363,2017-11-10,A,68.2700,68.6400,66.7000,66.8100,63.4198,6269747,0.0000
364,2017-11-03,A,67.8000,68.6700,67.1000,68.3700,64.9006,6739190,0.0000
365,2017-10-27,A,67.4500,68.5200,66.8800,67.9700,64.5209,7682333,0.0000
366,2017-10-20,A,67.2000,67.5300,65.9900,67.2500,63.8375,7193722,0.0000
367,2017-10-13,A,66.4900,67.8200,66.0200,66.9900,63.5907,6827386,0.0000
368,2017-10-06,A,64.2900,66.3800,64.2100,66.3600,62.9926,6846290,0.1320
369,2017-09-29,A,65.8000,65.9000,63.7200,64.2000,60.8185,7268249,0.0000
370,2017-09-22,A,66.0900,66.4500,65.6300,65.7800,62.3153,5975609,0.0000
371,2017-09-15,A,65.5000,66.4200,65.1600,65.9600,62.4858,8620831,0.0000
372,2017-09-08,A,64.0200,65.6800,63.8100,65.0200,61.5953,4533910,0.0000
373,2017-09-01,A,63.1000,65.1800,62.9700,64.3800,60.9890,6717329,0.0000
374,2017-08-25,A,61.0900,63.3650,60.9600,62.9000,59.5870,7270759,0.0000
375,2017-08-18,A,59.8000,62.4200,59.1100,61.2500,58.0239,17985039,0.0000
376,2017-08-11,A,60.1600,60.9800,58.2200,59.3300,56.2050,8082193,0.0000
377,2017-08-04,A,60.3200,60.7400,59.5200,60.1300,56.9629,5245480,0.0000
378,2017-07-28,A,61.3800,61.6600,59.3900,60.0800,56.9155,8238890,0.0000
379,2017-07-21,A,61.6000,61.8400,60.7600,61.3700,58.1375,7563202,0.0000
380,2017-07-14,A,59.4800,61.6550,59.3800,61.5200,58.2796,8905064,0.0000
381,2017-07-07,A,59.5900,60.0700,59.0700,59.6300,56.4892,6299830,0.0000
382,2017-06-30,A,59.7900,59.9500,58.4900,59.3100,56.1860,6715979,0.1320
383,2017-06-23,A,59.5800,60.9200,59.5001,59.7700,56.4950,12760279,0.0000
384,2017-06-16,A,59.1400,59.7900,57.9200,59.5100,56.2492,8557538,0.0000
385,2017-06-09,A,60.8000,60.8400,59.1300,59.2100,55.9657,10890898,0.0000
386,2017-06-02,A,59.5400,61.1500,59.4100,60.8100,57.4780,8857240,0.0000
387,2017-05-26,A,56.5200,59.9800,55.8500,59.5100,56.2492,19919635,0.0000
388,2017-05-19,A,56.0700,58.3800,55.6000,56.1300,53.0544,7919598,0.0000
389,2017-05-12,A,56.6500,56.9400,55.8000,56.1600,53.0828,8218246,0.0000
390,2017-05-05,A,55.5000,56.9600,55.3600,56.6400,53.5365,9450067,0.0000
391,2017-04-28,A,53.9300,55.5050,53.9100,55.0500,52.0336,10737686,0.0000
392,2017-04-21,A,52.6300,53.7050,52.4300,53.2700,50.3512,8666287,0.0000
393,2017-04-13,A,52.9000,53.2600,52.3100,52.3300,49.4627,4668093,0.0000
394,2017-04-07,A,52.9000,53.2400,52.2600,52.8400,49.9447,8137292,0.0000
395,2017-03-31,A,52.6000,53.6100,52.4200,52.8700,49.9731,7562255,0.1320
396,2017-03-24,A,53.3300,54.0500,52.4800,53.0800,50.0466,7704397,0.0000
397,2017-03-17,A,52.1400,54.8200,51.9600,53.3100,50.2635,11311359,0.0000
398,2017-03-10,A,51.6400,52.3550,50.8600,52.1500,49.1698,8755595,0.0000
399,2017-03-03,A,51.7400,52.2600,51.1500,51.9800,49.0095,8170433,0.0000
400,2017-02-24,A,51.6600,51.8300,51.1700,51.7400,48.7832,6289444,0.0000
401,2017-02-17,A,50.6300,51.8400,50.0900,51.6300,48.6795,15583513,0.0000
402,2017-02-10,A,49.1300,50.8000,48.9600,50.3600,47.4821,9880120,0.0000
403,2017-02-03,A,48.4800,49.8100,47.3850,49.3800,46.5581,9608083,0.0000
404,2017-01-27,A,47.6000,48.8250,47.0500,48.6500,45.8698,11252405,0.0000
405,2017-01-20,A,48.3700,48.7300,47.4139,47.6200,44.8986,6510794,0.0000
406,2017-01-13,A,48.0100,49.4800,47.8200,48.6900,45.9075,14606084,0.0000
407,2017-01-06,A,45.9300,48.0700,45.7400,47.9900,45.2475,7948236,0.0000
408,2016-12-30,A,46.3700,46.7000,45.3750,45.5600,42.9564,4820262,0.1320
409,2016-12-23,A,45.8900,46.3600,45.3600,46.2000,43.4342,5984796,0.0000
410,2016-12-16,A,46.1800,46.9200,45.8100,45.9100,43.1615,9072307,0.0000
411,2016-12-09,A,44.2100,46.3200,44.1100,46.3000,43.5282,9233474,0.0000
412,2016-12-02,A,44.5200,44.9000,42.9200,44.0300,41.3941,11409276,0.0000
413,2016-11-25,A,45.2200,45.2400,43.7700,44.8900,42.2026,8174708,0.0000
414,2016-11-18,A,46.6600,47.8000,44.9500,45.0400,42.3436,17399271,0.0000
415,2016-11-11,A,44.9900,47.3800,44.4900,46.3700,43.5940,12139917,0.0000
416,2016-11-04,A,43.3300,44.9150,43.1400,44.3200,41.6667,10661268,0.0000
417,2016-10-28,A,45.8800,45.9500,43.1100,43.2200,40.6326,11627148,0.0000
418,2016-10-21,A,45.0800,46.2150,44.9999,45.5700,42.8419,7383467,0.0000
419,2016-10-14,A,47.5800,48.1500,44.7550,45.0800,42.3812,8526731,0.0000
420,2016-10-07,A,46.8200,47.4900,46.6700,47.3800,44.5435,8171806,0.0000
421,2016-09-30,A,46.4600,47.3150,46.1400,47.0900,44.2709,9421270,0.1150
422,2016-09-23,A,44.9000,46.8700,44.8600,46.6100,43.7129,9137864,0.0000
423,2016-09-16,A,44.5900,45.8100,44.4700,44.7900,42.0060,11228893,0.0000
424,2016-09-09,A,46.9000,47.1700,44.8700,44.8800,42.0904,6395260,0.0000
425,2016-09-02,A,47.4500,47.8900,46.8075,47.0000,44.0786,7923105,0.0000
426,2016-08-26,A,47.6300,48.0850,46.6100,47.3200,44.3787,9648207,0.0000
427,2016-08-19,A,48.1700,48.6300,46.0900,47.6200,44.6601,16651747,0.0000
428,2016-08-12,A,47.5700,48.1950,47.1100,48.1400,45.1478,5988031,0.0000
429,2016-08-05,A,48.1100,48.1100,46.7400,47.4900,44.5382,7660442,0.0000
430,2016-07-29,A,46.4900,48.1750,45.7900,48.1100,45.1196,8912785,0.0000
431,2016-07-22,A,46.6000,47.1800,46.3410,46.5800,43.6847,8810463,0.0000
432,2016-07-15,A,45.6100,46.9800,45.3500,46.6700,43.7691,7580044,0.0000
433,2016-07-08,A,44.3100,45.5500,43.3600,45.4800,42.6531,7825274,0.0000
434,2016-07-01,A,43.6300,44.8000,41.9800,44.6000,41.8278,14804329,0.1150
435,2016-06-24,A,45.5700,46.6800,43.9200,44.1200,41.2706,14437939,0.0000
436,2016-06-17,A,45.3200,45.5200,44.5600,45.3600,42.4306,10145668,0.0000
437,2016-06-10,A,45.7200,46.1800,45.1900,45.3600,42.4306,7878324,0.0000
438,2016-06-03,A,45.7900,46.1500,45.1900,45.7200,42.7673,8595962,0.0000
439,2016-05-27,A,44.8900,45.8500,44.5300,45.8200,42.8609,11671220,0.0000
440,2016-05-20,A,42.6100,45.3400,42.5000,44.8900,41.9909,20813908,0.0000
441,2016-05-13,A,41.5100,43.2000,41.2900,42.6200,39.8675,12099144,0.0000
442,2016-05-06,A,41.2000,41.7500,40.3900,41.4300,38.7544,6709732,0.0000
443,2016-04-29,A,41.7100,41.8800,40.2600,40.9200,38.2773,8136902,0.0000
444,2016-04-22,A,40.7200,41.9950,40.6100,41.8000,39.1005,7488006,0.0000
445,2016-04-15,A,39.8600,41.0800,39.3400,40.9100,38.2680,7327188,0.0000
446,2016-04-08,A,40.3200,40.5200,39.1700,39.5400,36.9864,8905464,0.0000
447,2016-04-01,A,39.5400,40.5800,39.1100,40.3100,37.7067,9148729,0.1150
448,2016-03-24,A,40.0700,40.1400,38.8900,39.4300,36.7786,6273376,0.0000
449,2016-03-18,A,38.9800,40.4800,38.0200,40.1900,37.4875,8345232,0.0000
450,2016-03-11,A,39.0400,39.6800,37.6200,39.2300,36.5921,7765019,0.0000
451,2016-03-04,A,37.5900,39.5800,37.3300,39.3400,36.6947,10631904,0.0000
452,2016-02-26,A,37.8800,38.1900,36.4700,37.5900,35.0623,6927985,0.0000
453,2016-02-19,A,36.7200,38.1300,34.7500,37.4400,34.9224,12856868,0.0000
454,2016-02-12,A,35.6100,36.7300,34.1500,36.2200,33.7845,17670647,0.0000
455,2016-02-05,A,37.3700,37.9450,35.8300,36.0400,33.6166,13795419,0.0000
456,2016-01-29,A,37.4000,38.0300,36.0100,37.6500,35.1183,11505033,0.0000
457,2016-01-22,A,37.6400,38.1800,36.1300,37.9800,35.4261,9108486,0.0000
458,2016-01-15,A,38.7100,38.9000,36.5500,37.1100,34.6146,14902386,0.0000
459,2016-01-08,A,41.0600,41.1900,38.4650,38.5900,35.9951,15219282,0.0000
460,2015-12-31,A,42.0200,42.4800,41.5200,41.8100,38.9986,5500928,0.1150
461,2015-12-24,A,40.5100,42.2600,40.4400,42.1400,39.1986,5763596,0.0000
462,2015-12-18,A,40.2200,41.6300,39.9000,40.1000,37.3010,12639071,0.0000
463,2015-12-11,A,40.9200,41.8000,40.0550,40.1900,37.3847,16813213,0.0000
464,2015-12-04,A,41.9700,42.3100,39.9500,41.1000,38.2312,21743982,0.0000
465,2015-11-27,A,39.2900,42.2000,39.1400,41.9700,39.0404,17876012,0.0000
466,2015-11-20,A,36.7500,39.6950,36.5000,39.2800,36.5382,29481849,0.0000
467,2015-11-13,A,38.0400,38.2200,36.6300,36.7700,34.2034,15849984,0.0000
468,2015-11-06,A,37.8700,38.6200,37.8000,38.1400,35.4778,8250659,0.0000
469,2015-10-30,A,36.9800,38.1000,36.4650,37.7600,35.1243,9832595,0.0000
470,2015-10-23,A,35.6900,37.2700,35.5900,37.1100,34.5197,15636957,0.0000
471,2015-10-16,A,36.0800,36.2400,34.7900,35.7800,33.2825,8567799,0.0000
472,2015-10-09,A,35.0400,36.3400,34.5300,36.2300,33.7011,12429935,0.0000
473,2015-10-02,A,34.1300,34.6800,33.1150,34.6700,32.2500,13935185,0.0000
474,2015-09-25,A,35.9600,36.0700,34.1000,34.4500,32.0453,11645864,0.1000
475,2015-09-18,A,35.9200,36.9900,35.3200,35.7400,33.1491,11277520,0.0000
476,2015-09-11,A,35.8200,36.8000,35.4400,35.9600,33.3531,6745148,0.0000
477,2015-09-04,A,36.3700,36.5525,34.5700,35.0600,32.5184,12587799,0.0000
478,2015-08-28,A,33.8700,36.6700,33.5700,36.5100,33.8633,15329757,0.0000
479,2015-08-21,A,38.3600,40.3500,36.1750,36.2300,33.6035,18422612,0.0000
480,2015-08-14,A,40.2400,40.6400,38.2700,38.6500,35.8481,12051703,0.0000
481,2015-08-07,A,40.9200,41.3500,39.6300,39.9900,37.0910,7939821,0.0000
482,2015-07-31,A,39.0400,41.1400,38.6100,40.9500,37.9814,14731845,0.0000
483,2015-07-24,A,40.0600,40.4200,39.2200,39.3100,36.4603,8819279,0.0000
484,2015-07-17,A,39.7200,40.6600,39.5400,39.9500,37.0539,10867634,0.0000
485,2015-07-10,A,39.1100,39.7900,38.7100,39.4000,36.5437,13173203,0.0000
486,2015-07-02,A,39.6000,39.8000,38.4800,39.5800,36.7107,12201167,0.0000
487,2015-06-26,A,39.8100,40.5200,39.0250,40.0200,37.1188,20706728,0.1000
488,2015-06-19,A,39.6300,40.0550,39.2500,39.4900,36.5359,9827908,0.0000
489,2015-06-12,A,40.2600,40.6000,39.7350,39.8400,36.8597,8928294,0.0000
490,2015-06-05,A,41.4300,41.4300,40.0100,40.3100,37.2946,13962142,0.0000
491,2015-05-29,A,42.4800,42.9300,40.8200,41.1900,38.1088,12797045,0.0000
492,2015-05-22,A,42.0500,42.8378,41.5000,42.5000,39.3208,13505702,0.0000
493,2015-05-15,A,42.3900,42.8300,41.5000,42.0400,38.8952,10617177,0.0000
494,2015-05-08,A,41.8800,42.5300,41.3100,42.5000,39.3208,5297631,0.0000
495,2015-05-01,A,42.7400,42.7700,41.1100,41.8300,38.7009,9869203,0.0000
496,2015-04-24,A,43.3300,43.5000,42.2400,42.4900,39.3115,12029758,0.0000
497,2015-04-17,A,43.5900,43.5900,42.5800,42.9800,39.7649,10335569,0.0000
498,2015-04-10,A,41.6800,43.5600,41.5100,43.5500,40.2922,12598520,0.0000
499,2015-04-02,A,41.5200,42.1300,40.7200,42.0500,38.9044,8029599,0.0000
500,2015-03-27,A,42.1200,42.4400,40.3703,41.1100,38.0347,11744015,0.1000
501,2015-03-20,A,41.1600,42.5300,41.0600,42.2100,38.9577,8753030,0.0000
502,2015-03-13,A,41.5400,41.8900,40.5150,40.8700,37.7209,12942487,0.0000
503,2015-03-06,A,42.3400,42.7400,41.4900,41.5300,38.3301,7693543,0.0000
504,2015-02-27,A,41.8900,42.4900,41.4900,42.2100,38.9577,9415263,0.0000
505,2015-02-20,A,40.0100,42.2000,39.7600,41.9500,38.7177,18590917,0.0000
506,2015-02-13,A,39.2300,40.3100,38.7800,40.1500,37.0564,11861310,0.0000
507,2015-02-06,A,37.9000,39.8200,37.7100,39.3400,36.3088,12549886,0.0000
508,2015-01-30,A,38.7900,39.2500,37.6900,37.7700,34.8598,10632541,0.0000
509,2015-01-23,A,38.4300,39.8600,37.6800,38.8100,35.8197,14130937,0.0000
510,2015-01-16,A,40.6100,40.7200,37.7600,38.2500,35.3028,15552947,0.0000
511,2015-01-09,A,40.3200,41.0000,39.0200,40.5900,37.4625,11243400,0.0000
512,2015-01-02,A,41.3600,41.7900,40.3700,40.5600,37.4348,5254666,0.1000
513,2014-12-26,A,41.3800,42.0100,40.9600,41.3800,38.0977,5477497,0.0000
514,2014-12-19,A,40.0700,41.4300,38.0900,41.3800,38.0977,18703733,0.0000
515,2014-12-12,A,42.2300,42.5100,39.7100,39.7200,36.5694,9855136,0.0000
516,2014-12-05,A,42.6900,42.7300,41.5500,42.3000,38.9447,11042242,0.0000
517,2014-11-28,A,42.4400,42.9850,41.9900,42.7400,39.3498,7680778,0.0000
518,2014-11-21,A,41.5700,42.3800,40.0500,42.2500,38.8987,20210434,0.0000
519,2014-11-14,A,40.9800,42.1100,40.8800,41.5700,38.2726,10388758,0.0000
520,2014-11-07,A,39.9000,41.4800,39.4900,40.9300,37.6834,18093370,15.7500
521,2014-10-31,A,53.9400,55.4100,53.6000,55.2800,36.7301,8454546,0.0000
522,2014-10-24,A,52.0700,54.2100,50.8600,54.0500,35.9129,12598081,0.0000
523,2014-10-17,A,53.7300,54.2300,49.8000,52.2700,34.7302,20396957,0.0000
524,2014-10-10,A,57.0600,57.1600,53.4200,53.6400,35.6405,12457511,0.0000
525,2014-10-03,A,56.0400,57.4000,55.2900,56.9100,37.8132,9513730,0.0000
526,2014-09-26,A,58.1300,58.1900,56.0700,56.5000,37.5407,8816346,0.1320
527,2014-09-19,A,58.5000,59.4000,57.3700,58.2500,38.6133,10751800,0.0000
528,2014-09-12,A,57.7200,58.6300,57.1750,58.6000,38.8453,7696100,0.0000
529,2014-09-05,A,57.2300,58.4900,57.2300,57.9200,38.3945,5191500,0.0000
530,2014-08-29,A,57.8800,58.1500,56.9800,57.1600,37.8908,6420700,0.0000
531,2014-08-22,A,57.7500,58.7500,57.3500,57.6400,38.2089,8469200,0.0000
532,2014-08-15,A,55.4400,59.0600,54.1890,57.5800,38.1692,14673400,0.0000
533,2014-08-08,A,56.1900,56.4000,54.8600,55.2400,36.6180,6990300,0.0000
534,2014-08-01,A,56.4900,56.8050,55.5700,56.0700,37.1682,7967237,0.0000
535,2014-07-25,A,55.8600,58.3100,55.7900,56.5300,37.4731,10103200,0.0000
536,2014-07-18,A,56.9200,57.1000,55.1350,56.1500,37.2212,11561100,0.0000
537,2014-07-11,A,58.2000,58.2500,56.0100,56.6000,37.5195,6216200,0.0000
538,2014-07-03,A,57.5000,58.5900,57.1800,58.4600,38.7525,5340900,0.0000
539,2014-06-27,A,58.7100,58.8600,57.1750,57.5000,38.1161,6243300,0.1320
540,2014-06-20,A,58.5700,59.5400,57.8400,58.7700,38.8688,8796500,0.0000
541,2014-06-13,A,59.0000,59.5800,58.1800,58.5000,38.6902,6600100,0.0000
542,2014-06-06,A,56.9600,59.2800,56.3000,59.0100,39.0275,7378900,0.0000
543,2014-05-30,A,56.3100,57.3800,56.0300,56.9400,37.6585,7098200,0.0000
544,2014-05-23,A,54.9000,56.2200,54.2090,56.1800,37.1558,10881200,0.0000
545,2014-05-16,A,55.5800,56.9800,53.7500,55.0300,36.3952,14244500,0.0000
546,2014-05-09,A,54.3100,56.1400,53.8880,55.3900,36.6333,10027700,0.0000
547,2014-05-02,A,54.8500,54.9900,51.9700,54.5400,36.0712,11594700,0.0000
548,2014-04-25,A,54.6100,55.6000,54.0700,54.3900,35.9720,6942500,0.0000
549,2014-04-17,A,53.1900,54.8900,51.9600,54.6500,36.1439,8318600,0.0000
550,2014-04-11,A,55.5600,55.6600,52.6500,52.7700,34.9005,11002900,0.1320
551,2014-04-04,A,54.9700,57.2400,54.5700,55.5700,36.6653,10111700,0.0000
552,2014-03-28,A,56.0800,56.2300,54.2200,54.6900,36.0847,11250400,0.0000
553,2014-03-21,A,55.6800,57.7800,55.4800,56.0900,37.0084,9107900,0.0000
554,2014-03-14,A,58.2900,58.3400,55.2300,55.4400,36.5795,11701400,0.0000
555,2014-03-07,A,56.1200,59.3200,55.7850,58.4200,38.5457,16869800,0.0000
556,2014-02-28,A,56.4500,57.6200,56.1900,56.9300,37.5626,14152400,0.0000
557,2014-02-21,A,55.3800,57.5350,54.9000,56.3400,37.1733,18428400,0.0000
558,2014-02-14,A,59.2700,60.4600,54.8700,55.2500,36.4542,27180500,0.0000
559,2014-02-07,A,58.1500,59.4650,56.0750,59.4200,39.2055,11701400,0.0000
560,2014-01-31,A,57.9000,60.1100,56.9800,58.1500,38.3676,16547700,0.0000
561,2014-01-24,A,60.6900,61.2200,57.7100,57.8700,38.1828,11497700,0.0000
562,2014-01-17,A,58.7700,60.8300,58.6000,60.7100,40.0567,11379600,0.0000
563,2014-01-10,A,57.4000,59.0100,56.5600,58.9300,38.8822,9280800,0.0000
564,2014-01-03,A,57.0500,57.5500,56.1500,56.9200,37.5560,5852300,0.0000
565,2013-12-27,A,57.4500,57.7100,57.1200,57.1700,37.7210,3725700,0.1320
566,2013-12-20,A,55.2500,57.9400,55.0700,56.9600,37.4958,13877000,0.0000
567,2013-12-13,A,54.8000,55.9000,54.3000,55.1600,36.3109,11526900,0.0000
568,2013-12-06,A,53.4700,54.9300,52.5600,54.8300,36.0937,11215600,0.0000
569,2013-11-29,A,54.1100,54.1300,53.0200,53.5700,35.2643,7006700,0.0000
570,2013-11-22,A,54.4500,54.9800,53.4650,53.8500,35.4486,13254400,0.0000
571,2013-11-15,A,50.6300,55.7400,50.3600,54.9300,36.1595,20301000,0.0000
572,2013-11-08,A,51.3900,51.4600,49.8400,50.7800,33.4277,9826100,0.0000
573,2013-11-01,A,51.7900,51.9800,50.4500,51.1000,33.6383,8159200,0.0000
574,2013-10-25,A,53.0400,53.1400,50.3000,51.8700,34.1452,13369700,0.0000
575,2013-10-18,A,51.2000,53.2400,50.5100,52.9900,34.8825,12989700,0.0000
576,2013-10-11,A,51.3400,51.6700,49.3900,51.4600,33.8753,10148500,0.0000
577,2013-10-04,A,51.0200,52.0800,50.7000,51.7800,34.0859,11414200,0.0000
578,2013-09-27,A,51.9100,52.2400,51.2000,51.6300,33.9872,12576200,0.1200
579,2013-09-20,A,49.0600,53.4700,48.2900,52.1500,34.2499,34320800,0.0000
580,2013-09-13,A,47.5900,49.0200,47.2900,48.4600,31.8265,8883200,0.0000
581,2013-09-06,A,47.0400,48.0900,46.6150,47.4300,31.1500,6733700,0.0000
582,2013-08-30,A,47.6400,48.2050,46.3700,46.6400,30.6312,8995100,0.0000
583,2013-08-23,A,46.6300,48.3300,46.1700,47.6800,31.3142,10820000,0.0000
584,2013-08-16,A,45.8900,48.1700,45.7200,46.7900,30.7297,15645900,0.0000
585,2013-08-09,A,46.2600,46.5500,45.6100,46.2200,30.3553,9519200,0.0000
586,2013-08-02,A,45.5900,46.5100,44.6600,46.3800,30.4604,12698100,0.0000
587,2013-07-26,A,46.2300,46.9000,45.4322,45.6000,29.9481,11711100,0.0000
588,2013-07-19,A,45.7000,46.4700,45.5500,46.2000,30.3422,8832700,0.0000
589,2013-07-12,A,44.3800,45.9800,44.1200,45.7500,30.0466,13434100,0.0000
590,2013-07-05,A,43.0500,44.2950,42.7200,44.2300,29.0484,11308500,0.0000
591,2013-06-28,A,42.4400,43.3050,42.0100,42.7600,28.0829,18502100,0.1200
592,2013-06-21,A,44.3800,44.8796,41.8500,42.9800,28.1484,20288800,0.0000
593,2013-06-14,A,45.3500,45.3500,43.6600,44.0000,28.8165,13648300,0.0000
594,2013-06-07,A,45.6500,46.4500,44.2100,45.1500,29.5696,16110600,0.0000
595,2013-05-31,A,46.0900,47.0500,45.4000,45.4500,29.7661,16114400,0.0000
596,2013-05-24,A,45.4800,47.4730,45.1950,45.5900,29.8578,21143400,0.0000
597,2013-05-17,A,43.4300,46.4900,42.7200,45.5600,29.8381,28768000,0.0000
598,2013-05-10,A,41.4400,43.8500,41.3900,43.6300,28.5741,16284100,0.0000
599,2013-05-03,A,41.6400,42.5500,40.9500,41.5500,27.2119,16896400,0.0000
600,2013-04-26,A,42.0300,43.2500,40.6900,41.3000,27.0482,16284900,0.0000
601,2013-04-19,A,44.5000,44.5400,41.4798,42.0000,27.5066,23798800,0.0000
602,2013-04-12,A,41.4400,44.7850,41.1700,44.7500,29.3076,17933500,0.0000
603,2013-04-05,A,41.8300,41.9771,40.3200,41.5400,27.2054,19051900,0.0000
604,2013-03-28,A,41.4900,42.1900,40.7900,41.9700,27.4870,10827300,0.1200
605,2013-03-22,A,42.4600,42.8200,40.9100,41.2500,26.9384,21191000,0.0000
606,2013-03-15,A,42.9900,43.3800,41.7300,43.0100,28.0878,11957802,0.0000
607,2013-03-08,A,41.7500,43.5200,41.5200,43.0300,28.1008,14391600,0.0000
608,2013-03-01,A,42.0900,42.2200,40.1900,41.9300,27.3825,19921200,0.0000
609,2013-02-22,A,42.2100,43.1200,41.4700,41.8000,27.2976,14756300,0.0000
610,2013-02-15,A,45.1700,45.2400,42.2100,42.2500,27.5915,25844000,0.0000
611,2013-02-08,A,44.8000,45.3500,43.8800,45.0800,29.4396,13355100,0.0000
612,2013-02-01,A,45.1900,45.6600,44.1700,45.2900,29.5767,14476400,0.0000
613,2013-01-25,A,43.9600,45.5500,43.8500,45.2900,29.5767,11218700,0.0000
614,2013-01-18,A,43.4300,44.4300,42.8300,44.1500,28.8323,15015700,0.0000
615,2013-01-11,A,42.6000,44.1200,42.1000,43.4300,28.3621,15729600,0.0000
616,2013-01-04,A,39.6900,42.9500,39.6400,42.8600,27.9898,18371100,0.0000
617,2012-12-28,A,40.8900,41.2300,39.8000,39.8300,26.0111,8020400,0.1000
618,2012-12-21,A,39.9800,41.7400,39.6610,41.0500,26.7420,21372200,0.0000
619,2012-12-14,A,37.8000,40.8400,37.7100,39.8500,25.9603,19797000,0.0000
620,2012-12-07,A,38.6000,38.9500,37.6900,37.8100,24.6313,15725500,0.0000
621,2012-11-30,A,36.6900,38.5800,36.5900,38.2900,24.9440,16549400,0.0000
622,2012-11-23,A,37.0100,37.9800,35.6400,36.8800,24.0254,21892100,0.0000
623,2012-11-16,A,37.0600,37.1500,35.4500,35.8100,23.3284,20612800,0.0000
624,2012-11-09,A,37.0000,38.4800,36.5610,36.9100,24.0450,16645100,0.0000
625,2012-11-02,A,36.0000,37.3700,35.8600,37.0000,24.1036,9960300,0.0000
626,2012-10-26,A,35.6600,36.3000,35.3800,35.9400,23.4131,16846100,0.0000
627,2012-10-19,A,37.3200,38.2500,35.6400,35.7500,23.2893,19313900,0.0000
628,2012-10-12,A,38.5900,39.1200,37.1200,37.2200,24.2469,14425600,0.0000
629,2012-10-05,A,38.5000,39.6400,38.3800,38.8600,25.3153,18291800,0.0000
630,2012-09-28,A,38.8700,39.0000,37.8000,38.4500,25.0482,17610800,0.1000
631,2012-09-21,A,39.4600,40.0100,38.7700,39.0000,25.3406,18157500,0.0000
632,2012-09-14,A,38.3200,40.1400,37.1800,39.7300,25.8149,22625200,0.0000
633,2012-09-07,A,36.9700,38.5800,36.6200,38.4200,24.9638,16699400,0.0000
634,2012-08-31,A,37.8200,37.8200,36.8600,37.1600,24.1451,17758400,0.0000
635,2012-08-24,A,37.0200,38.0100,36.5500,37.8500,24.5934,21102000,0.0000
636,2012-08-17,A,40.2700,40.9500,36.7600,37.2200,24.1840,24867300,0.0000
637,2012-08-10,A,39.7300,40.9650,39.2000,40.5300,26.3347,10294600,0.0000
638,2012-08-03,A,37.9200,39.4800,37.0500,39.1100,25.4121,11413600,0.0000
639,2012-07-27,A,36.8200,38.1400,35.3200,37.9400,24.6519,13776500,0.0000
640,2012-07-20,A,36.8200,38.7900,36.5000,37.5600,24.4050,10584800,0.0000
641,2012-07-13,A,37.9500,38.5900,36.2500,37.0400,24.0671,12681100,0.0000
642,2012-07-06,A,39.5300,39.8400,37.5800,37.9700,24.6714,7650100,0.0000
643,2012-06-29,A,38.4400,39.3000,37.1800,39.2400,25.4966,11691700,0.1000
644,2012-06-22,A,39.8500,41.4500,38.3700,39.0300,25.2956,15635600,0.0000
645,2012-06-15,A,40.0500,40.1500,38.5500,40.0100,25.9308,11100400,0.0000
646,2012-06-08,A,38.3500,40.5600,36.9610,39.6000,25.6651,20144700,0.0000
647,2012-06-01,A,41.4700,42.2499,38.0600,38.2200,24.7707,16781400,0.0000
648,2012-05-25,A,38.8300,41.4600,38.8000,41.0100,26.5789,15102200,0.0000
649,2012-05-18,A,38.8700,41.9100,38.4400,38.7300,25.1012,24608200,0.0000
650,2012-05-11,A,40.6700,41.0900,39.4050,39.4500,25.5678,17433900,0.0000
651,2012-05-04,A,42.5100,43.2700,40.9600,41.0100,26.5789,10756600,0.0000
652,2012-04-27,A,41.3600,42.6700,39.1500,42.5600,27.5835,18899400,0.0000
653,2012-04-20,A,42.5900,42.8800,41.5600,42.1000,27.2853,10970700,0.0000
654,2012-04-13,A,44.1300,44.1300,41.9500,42.2400,27.3761,14425900,0.0000
655,2012-04-05,A,44.5100,45.1500,43.3500,44.7700,29.0158,12367800,0.0000
656,2012-03-30,A,44.8700,46.2800,43.9500,44.5100,28.8473,14971300,0.1000
657,2012-03-23,A,45.4500,45.7000,43.1500,44.3000,28.6468,12161800,0.0000
658,2012-03-16,A,44.4400,46.0000,43.3800,45.6200,29.5004,12125700,0.0000
659,2012-03-09,A,43.6000,45.0700,41.8900,44.5500,28.8085,17707200,0.0000
660,2012-03-02,A,42.7100,44.4000,42.4500,43.7200,28.2718,11671100,0.0000
661,2012-02-24,A,43.2700,43.9950,42.3400,43.0200,27.8191,10645700,0.0000
662,2012-02-17,A,44.6900,44.7000,41.7600,43.1400,27.8967,19692900,0.0000
663,2012-02-10,A,44.7400,45.3500,43.5100,44.1400,28.5433,12588500,0.0000
664,2012-02-03,A,41.9300,45.3000,41.7200,45.2800,29.2805,16147000,0.0000
665,2012-01-27,A,40.8800,44.8500,40.5300,42.6800,27.5992,21725100,0.0000
666,2012-01-20,A,39.7600,42.3100,39.7000,41.0000,26.5128,14327100,0.0000
667,2012-01-13,A,37.6200,39.5750,37.4725,39.0600,25.2583,15632000,0.0000
668,2012-01-06,A,35.8400,37.5550,35.5900,37.4000,24.1849,14565300,0.0000
669,2011-12-30,A,35.1900,35.5710,34.0210,34.9300,22.5877,6524700,0.0000
670,2011-12-23,A,33.6300,35.3800,33.1400,35.3600,22.8657,13191600,0.0000
671,2011-12-16,A,34.8100,34.9200,32.5100,33.4600,21.6371,16564400,0.0000
672,2011-12-09,A,37.5300,37.8800,34.3200,35.3300,22.8463,15639100,0.0000
673,2011-12-02,A,35.1300,38.5800,34.7200,36.7600,23.7710,15918600,0.0000
674,2011-11-25,A,35.8100,36.1200,33.2150,33.8300,21.8763,13200900,0.0000
675,2011-11-18,A,37.1300,39.3900,36.6100,36.8100,23.8034,23385100,0.0000
676,2011-11-11,A,36.8000,38.7900,35.6900,37.4600,24.2237,21841500,0.0000
677,2011-11-04,A,39.8500,39.9700,34.6600,36.9100,23.8680,26919000,0.0000
678,2011-10-28,A,35.5900,41.0500,34.8300,40.8900,26.4417,32848100,0.0000
679,2011-10-21,A,33.0200,35.4400,32.1400,35.2700,22.8075,23674200,0.0000
680,2011-10-14,A,32.1400,34.5810,31.8900,33.3400,21.5595,29637800,0.0000
681,2011-10-07,A,30.9000,33.5600,28.6700,31.3700,20.2856,28603200,0.0000
682,2011-09-30,A,32.0400,34.5600,31.0500,31.2500,20.2080,23856400,0.0000
683,2011-09-23,A,35.4100,36.4950,30.7300,31.6800,20.4860,29272300,0.0000
684,2011-09-16,A,32.8130,37.4100,32.0800,36.3600,23.5124,27533200,0.0000
685,2011-09-09,A,32.7900,35.9000,32.1499,33.3600,21.5724,24591200,0.0000
686,2011-09-02,A,35.4400,38.0600,33.9850,34.4000,22.2449,27553700,0.0000
687,2011-08-26,A,31.9900,34.9487,30.2200,34.8700,22.5489,35146300,0.0000
688,2011-08-19,A,36.7200,38.1300,31.0300,31.0800,20.0980,32328800,0.0000
689,2011-08-12,A,35.4500,36.9400,31.7800,36.2100,23.4154,45313200,0.0000
690,2011-08-05,A,42.6200,42.7800,35.3700,36.5900,23.6611,31222600,0.0000
691,2011-07-29,A,46.1900,46.7200,41.2900,42.1600,27.2630,24844900,0.0000
692,2011-07-22,A,46.7100,47.3000,44.8100,46.8900,30.3216,20326500,0.0000
693,2011-07-15,A,49.4500,49.9000,46.5700,47.0800,30.4445,19907100,0.0000
694,2011-07-08,A,51.9300,52.6200,48.7600,50.2300,32.4815,14746900,0.0000
695,2011-07-01,A,48.3500,52.1300,47.8500,52.0000,33.6261,16167800,0.0000
696,2011-06-24,A,47.0900,50.3200,46.8200,48.4900,31.3563,15755300,0.0000
697,2011-06-17,A,48.2600,49.8900,46.3800,47.4300,30.6708,19649200,0.0000
698,2011-06-10,A,47.2500,49.1300,46.9900,48.1900,31.1623,18103300,0.0000
699,2011-06-03,A,49.6900,50.0300,46.8300,47.4300,30.6708,13023100,0.0000
700,2011-05-27,A,49.8100,49.8100,48.1300,49.6000,32.0741,16849300,0.0000
701,2011-05-20,A,52.1900,53.0000,50.4300,50.7000,32.7854,22191400,0.0000
702,2011-05-13,A,49.8500,55.3300,49.3900,52.5800,34.0011,22924300,0.0000
703,2011-05-06,A,50.2500,50.7600,49.0200,49.7300,32.1581,14650500,0.0000
704,2011-04-29,A,49.0900,50.6800,47.9700,49.9100,32.2745,15485400,0.0000
705,2011-04-21,A,46.8500,49.4000,45.3200,49.3400,31.9060,15649600,0.0000
706,2011-04-15,A,44.8000,47.9800,44.2800,47.5000,30.7161,18998900,0.0000
707,2011-04-08,A,45.0700,45.7000,44.2600,44.8900,29.0283,11726500,0.0000
708,2011-04-01,A,44.2400,45.4800,43.5100,45.1400,29.1900,12199700,0.0000
709,2011-03-25,A,43.5200,44.5000,42.7500,44.0400,28.4787,14150900,0.0000
710,2011-03-18,A,45.0900,45.4100,41.8600,42.9400,27.7674,25851400,0.0000
711,2011-03-11,A,46.2600,46.8000,43.9000,45.3400,29.3193,24082600,0.0000
712,2011-03-04,A,42.4300,46.8100,40.3600,46.7500,30.2311,28247600,0.0000
713,2011-02-25,A,43.2700,43.7500,39.9400,42.3600,27.3923,19970800,0.0000
714,2011-02-18,A,45.0000,45.4150,42.6400,43.9200,28.4011,21979200,0.0000
715,2011-02-11,A,43.4500,45.1500,42.5700,45.0200,29.1124,19795800,0.0000
716,2011-02-04,A,41.2100,43.1300,40.2300,42.9900,27.7997,19769700,0.0000
717,2011-01-28,A,42.1800,43.5200,40.8800,40.9800,26.4999,15947200,0.0000
718,2011-01-21,A,43.3700,44.4500,41.4600,42.1100,27.2306,15397300,0.0000
719,2011-01-14,A,41.4100,43.4100,41.3000,43.2600,27.9743,12816800,0.0000
720,2011-01-07,A,41.5600,42.1400,41.0000,41.6200,26.9138,16481000,0.0000
721,2010-12-31,A,40.8900,42.0800,40.8900,41.4300,26.7909,11713100,0.0000
722,2010-12-23,A,40.1000,41.3200,39.4600,41.0700,26.5581,12031000,0.0000
723,2010-12-17,A,38.5400,40.9900,38.3300,40.5400,26.2154,22193700,0.0000
724,2010-12-10,A,37.3000,38.9000,37.0500,38.5400,24.9221,18086400,0.0000
725,2010-12-03,A,35.9500,37.5900,34.9900,37.4800,24.2366,18221200,0.0000
726,2010-11-26,A,36.1500,36.5700,35.1200,36.3500,23.5059,7523100,0.0000
727,2010-11-19,A,36.5400,36.6200,34.8000,36.4600,23.5770,17635000,0.0000
728,2010-11-12,A,36.1500,37.5500,34.4800,36.3600,23.5124,19237200,0.0000
729,2010-11-05,A,34.9400,36.4000,34.3800,36.3800,23.5253,11651100,0.0000
730,2010-10-29,A,35.0300,35.3300,34.1700,34.8000,22.5036,11837800,0.0000
731,2010-10-22,A,34.4900,35.0000,33.5600,34.7500,22.4713,14130900,0.0000
732,2010-10-15,A,33.7700,34.7400,33.2899,34.4800,22.2967,14252700,0.0000
733,2010-10-08,A,33.5600,33.9200,32.2900,33.8000,21.8569,18948800,0.0000
734,2010-10-01,A,32.0700,34.2800,31.6800,33.7300,21.8117,20976300,0.0000
735,2010-09-24,A,30.7800,32.1600,30.3501,32.0900,20.7512,16894400,0.0000
736,2010-09-17,A,29.2300,30.9300,28.6500,30.5500,19.7553,18565500,0.0000
737,2010-09-10,A,29.6900,29.7100,28.7200,28.9100,18.6948,8889600,0.0000
738,2010-09-03,A,27.7700,29.9900,26.7500,29.8500,19.3026,16558500,0.0000
739,2010-08-27,A,28.7400,28.7900,26.6800,27.9600,18.0805,16724400,0.0000
740,2010-08-20,A,27.1100,29.6600,27.0000,28.5600,18.4685,20418100,0.0000
741,2010-08-13,A,28.9200,29.8700,27.3000,27.3500,17.6860,15706600,0.0000
742,2010-08-06,A,28.3500,28.9700,27.7500,28.7300,18.5784,14937600,0.0000
743,2010-07-30,A,29.2200,29.7300,27.6600,27.9300,18.0611,16685500,0.0000
744,2010-07-23,A,27.2900,29.4100,26.7400,29.3000,18.9470,21843800,0.0000
745,2010-07-16,A,28.5100,29.2500,26.9700,27.0300,17.4791,22532100,0.0000
746,2010-07-09,A,28.3500,28.9500,27.5300,28.6500,18.5267,13112400,0.0000
747,2010-07-02,A,30.6300,30.8625,27.4400,27.7900,17.9705,19045700,0.0000
748,2010-06-25,A,33.0600,33.3700,30.4400,30.6900,19.8458,15264900,0.0000
749,2010-06-18,A,31.1400,32.9400,30.9600,32.6100,21.0874,14722300,0.0000
750,2010-06-11,A,30.5300,30.7800,29.3100,30.7300,19.8717,19707400,0.0000
751,2010-06-04,A,32.0900,32.5500,30.2100,30.3350,19.6163,12354900,0.0000
752,2010-05-28,A,31.2400,32.8500,29.9700,32.3600,20.9258,16547800,0.0000
753,2010-05-21,A,34.0200,34.5000,30.1800,31.3400,20.2662,31758200,0.0000
754,2010-05-14,A,33.1800,35.2900,32.9900,33.8600,21.8957,18054700,0.0000
755,2010-05-07,A,36.5000,36.8900,30.6600,31.8700,20.6089,22839900,0.0000
756,2010-04-30,A,36.6700,37.4300,36.1300,36.2600,23.4477,15642600,0.0000
757,2010-04-23,A,35.3400,36.6800,34.6450,36.6400,23.6934,16061800,0.0000
758,2010-04-16,A,34.2100,35.9100,33.8800,35.2700,22.8075,28786900,0.0000
759,2010-04-09,A,34.5900,34.8400,33.5494,34.2300,22.1350,13311200,0.0000
760,2010-04-01,A,34.3100,34.8700,34.2500,34.5500,22.3419,14132000,0.0000
761,2010-03-26,A,33.2600,34.7500,33.0900,34.3100,22.1867,17583100,0.0000
762,2010-03-19,A,33.3200,33.6600,33.0400,33.4200,21.6112,15170600,0.0000
763,2010-03-12,A,33.1100,33.7700,32.8200,33.4200,21.6112,19138800,0.0000
764,2010-03-05,A,31.4300,33.2500,31.4300,33.1600,21.4431,22143700,0.0000
765,2010-02-26,A,31.2900,31.5200,30.2300,31.4600,20.3438,15598700,0.0000
766,2010-02-19,A,30.2400,31.2700,29.9700,31.2000,20.1756,13555700,0.0000
767,2010-02-12,A,29.2100,30.7400,28.7700,29.9800,19.3867,24156400,0.0000
768,2010-02-05,A,28.1600,29.8900,28.1300,29.1700,18.8629,24130800,0.0000
769,2010-01-29,A,29.4200,29.6500,27.9200,28.0300,18.1257,15399000,0.0000
770,2010-01-22,A,30.3600,31.1100,29.0900,29.1700,18.8629,13231200,0.0000
771,2010-01-15,A,30.8800,31.3600,30.0500,30.4300,19.6777,15638100,0.0000
772,2010-01-08,A,31.3900,31.6300,30.4000,30.8000,19.9170,12928800,0.0000
773,2009-12-31,A,30.3300,31.7700,29.9200,31.0700,20.0916,12518700,0.0000
774,2009-12-24,A,29.6000,30.4000,29.3000,30.3300,19.6130,8605700,0.0000
775,2009-12-18,A,29.7900,30.0800,29.2300,29.4000,19.0117,10491200,0.0000
776,2009-12-11,A,29.6800,29.9900,28.9800,29.6400,19.1669,11159200,0.0000
777,2009-12-04,A,28.7800,30.4800,28.5550,29.8600,19.3091,14573900,0.0000
778,2009-11-27,A,29.3200,29.5400,28.0100,28.8500,18.6560,5657400,0.0000
779,2009-11-20,A,28.2500,29.7092,28.1000,28.9100,18.6948,14606600,0.0000
780,2009-11-13,A,26.4300,28.8900,26.3500,28.6100,18.5008,17542500,0.0000
781,2009-11-06,A,24.7400,26.4800,24.6900,26.1700,16.9230,14597600,0.0000
782,2009-10-30,A,26.1900,26.7000,24.6100,24.7400,15.9982,18212100,0.0000
783,2009-10-23,A,27.3400,27.5500,26.0400,26.2000,16.9424,15981000,0.0000
784,2009-10-16,A,27.5900,27.7300,26.9400,27.2100,17.5955,11942800,0.0000
785,2009-10-09,A,26.2900,27.7500,26.2100,27.4700,17.7636,13120000,0.0000
786,2009-10-02,A,27.6900,28.2300,25.9500,26.3100,17.0135,18789400,0.0000
787,2009-09-25,A,28.7300,29.3800,27.4800,27.5800,17.8347,21468600,0.0000
788,2009-09-18,A,27.8600,28.8200,27.6400,28.3700,18.3456,18421400,0.0000
789,2009-09-11,A,25.8600,28.1600,25.8100,28.0500,18.1387,16484700,0.0000
790,2009-09-04,A,25.4500,26.3300,24.9600,25.8600,16.7225,26103000,0.0000
791,2009-08-28,A,25.6400,26.0500,25.1450,25.8300,16.7031,19634700,0.0000
792,2009-08-21,A,23.8800,26.0000,23.2800,25.5500,16.5220,29590700,0.0000
793,2009-08-14,A,23.6700,24.8000,23.4000,24.0400,15.5456,14632100,0.0000
794,2009-08-07,A,23.6100,24.4000,23.1400,23.7300,15.3451,14031000,0.0000
795,2009-07-31,A,21.6900,23.8900,21.6900,23.2200,15.0153,23318200,0.0000
796,2009-07-24,A,21.1300,22.2900,21.0518,22.2700,14.4010,17449000,0.0000
797,2009-07-17,A,18.9800,21.0100,18.7500,20.9600,13.5539,12128700,0.0000
798,2009-07-10,A,19.6800,19.6900,18.5000,18.9600,12.2606,13901700,0.0000
799,2009-07-02,A,20.4400,20.9500,19.2900,19.7500,12.7714,13873000,0.0000
800,2009-06-26,A,18.7600,20.4500,18.3400,20.3800,13.1788,17832000,0.0000
801,2009-06-19,A,19.1300,19.1600,18.1700,18.8900,12.2153,15629400,0.0000
802,2009-06-12,A,19.7400,20.1000,18.9400,19.3600,12.5192,13740000,0.0000
803,2009-06-05,A,18.4400,20.3400,18.4400,19.9000,12.8684,17349700,0.0000
804,2009-05-29,A,17.6600,18.3000,17.4000,18.2300,11.7885,9381500,0.0000
805,2009-05-22,A,17.6200,19.0000,17.3000,17.6900,11.4393,14046500,0.0000
806,2009-05-15,A,19.0700,19.1700,17.2600,17.6500,11.4135,15907100,0.0000
807,2009-05-08,A,18.8100,19.4200,18.5700,19.3400,12.5063,14508600,0.0000
808,2009-05-01,A,16.6800,19.0000,16.4500,18.8100,12.1636,17062600,0.0000
809,2009-04-24,A,16.9600,17.2300,16.0500,16.9000,10.9285,17254400,0.0000
810,2009-04-17,A,16.8100,17.1900,16.1050,17.0100,10.9996,16551900,0.0000
811,2009-04-09,A,16.3100,17.1300,15.3900,17.0000,10.9931,13606500,0.0000
812,2009-04-03,A,15.8200,16.7700,15.0200,16.4600,10.6439,19824700,0.0000
813,2009-03-27,A,15.0000,17.1800,15.0000,16.2100,10.4823,19474500,0.0000
814,2009-03-20,A,14.1400,14.9500,13.7000,14.4300,9.3312,15326500,0.0000
815,2009-03-13,A,12.5000,14.1400,12.3500,13.9900,9.0467,19116800,0.0000
816,2009-03-06,A,13.6000,13.7000,12.0200,12.6500,8.1802,25004600,0.0000
817,2009-02-27,A,15.3300,15.4400,13.8000,13.8700,8.9691,21940100,0.0000
818,2009-02-20,A,17.6700,17.9800,14.9700,15.1800,9.8162,26813500,0.0000
819,2009-02-13,A,19.1400,19.4100,17.9600,18.4700,11.9437,17706700,0.0000
820,2009-02-06,A,17.7900,19.6900,17.7500,19.3000,12.4804,19301900,0.0000
821,2009-01-30,A,18.6900,19.3700,17.9600,18.0800,11.6915,20557400,0.0000
822,2009-01-23,A,20.0100,20.0400,18.0100,18.6400,12.0536,18025100,0.0000
823,2009-01-16,A,18.8600,19.9800,18.0400,19.5100,12.6162,30925800,0.0000
824,2009-01-09,A,16.1200,18.9300,16.0000,18.5200,11.9760,30142800,0.0000
825,2009-01-02,A,15.4600,16.3000,14.7600,16.2400,10.5017,18456600,0.0000
826,2008-12-26,A,16.3000,16.3000,15.3500,15.4500,9.9908,11068400,0.0000
827,2008-12-19,A,17.4000,17.5000,15.9800,16.2800,10.5275,45996400,0.0000
828,2008-12-12,A,17.6700,18.4200,16.6400,17.3900,11.2453,35731100,0.0000
829,2008-12-05,A,18.4200,18.4200,16.3700,17.2600,11.1613,16123200,0.0000
830,2008-11-28,A,17.5000,19.4000,17.1800,18.8300,12.1765,12328800,0.0000
831,2008-11-21,A,19.8000,20.0700,15.7800,17.2900,11.1807,16830400,0.0000
832,2008-11-14,A,22.2000,22.7100,18.0500,20.7500,13.4181,15600600,0.0000
833,2008-11-07,A,22.1300,25.0700,21.2600,21.8400,14.1229,13523600,0.0000
834,2008-10-31,A,19.4500,23.1800,18.7500,22.1900,14.3493,16904100,0.0000
835,2008-10-24,A,22.8600,23.9400,18.9000,19.7500,12.7714,15133300,0.0000
836,2008-10-17,A,23.4300,27.4900,20.5700,22.6100,14.6209,15455100,0.0000
837,2008-10-10,A,27.8000,27.8000,20.6500,22.4800,14.5368,22224500,0.0000
838,2008-10-03,A,30.3700,30.5900,28.0400,28.2800,18.2874,18414300,0.0000
839,2008-09-26,A,32.7800,32.7800,30.1400,30.9300,20.0010,18085900,0.0000
840,2008-09-19,A,31.3500,33.0000,29.4000,32.9100,21.2814,16300500,0.0000
841,2008-09-12,A,33.3800,33.5200,31.1100,32.0500,20.7253,11472400,0.0000
842,2008-09-05,A,35.0900,35.7000,31.7500,32.7900,21.2038,9732400,0.0000
843,2008-08-29,A,35.1100,35.5100,34.2300,34.7600,22.4777,5822000,0.0000
844,2008-08-22,A,36.4000,36.4000,34.3100,35.3800,22.8786,11049800,0.0000
845,2008-08-15,A,37.0900,37.2500,35.6300,36.3700,23.5188,11875700,0.0000
846,2008-08-08,A,35.7500,37.2500,35.3000,37.0000,23.9262,10460000,0.0000
847,2008-08-01,A,36.1800,36.9200,35.2600,35.8600,23.1890,10420200,0.0000
848,2008-07-25,A,35.7700,36.2800,34.5500,36.2100,23.4154,12027700,0.0000
849,2008-07-18,A,35.0300,36.0500,34.4000,35.5700,23.0015,13893700,0.0000
850,2008-07-11,A,34.8100,36.1700,34.5300,35.6900,23.0791,14394000,0.0000
851,2008-07-03,A,35.7000,36.0700,34.6000,34.7300,22.4583,12705900,0.0000
852,2008-06-27,A,37.6600,37.8100,35.3800,35.5900,23.0144,14823500,0.0000
853,2008-06-20,A,37.0000,38.0000,36.5200,37.5700,24.2948,17683700,0.0000
854,2008-06-13,A,36.6200,37.4822,36.1400,37.3100,24.1267,10941400,0.0000
855,2008-06-06,A,36.9300,37.7500,36.4200,36.5100,23.6094,13951000,0.0000
856,2008-05-30,A,35.7100,37.5000,35.6400,37.3900,24.1784,11398400,0.0000
857,2008-05-23,A,34.8500,36.8600,34.7500,35.9300,23.2343,14659700,0.0000
858,2008-05-16,A,32.0800,35.7500,31.8300,35.0900,22.6911,20035600,0.0000
859,2008-05-09,A,32.1300,32.2500,31.0800,31.9000,20.6283,9562700,0.0000
860,2008-05-02,A,31.6000,32.1300,29.8900,32.0700,20.7382,15453400,0.0000
861,2008-04-25,A,30.7200,31.7900,29.9600,31.5300,20.3890,10090300,0.0000
862,2008-04-18,A,30.1300,31.3000,28.7900,30.9700,20.0269,13031900,0.0000
863,2008-04-11,A,31.7200,31.9900,30.0000,30.1300,19.4837,8618900,0.0000
864,2008-04-04,A,29.5100,31.9700,29.3000,31.7100,20.5054,10171400,0.0000
865,2008-03-28,A,29.7300,30.5700,29.2100,29.5800,19.1281,10787300,0.0000
866,2008-03-20,A,28.8800,30.8300,28.8800,29.6600,19.1798,12525900,0.0000
867,2008-03-14,A,30.0100,31.2900,29.3500,29.6400,19.1669,14453400,0.0000
868,2008-03-07,A,30.6700,30.8400,29.8200,30.0700,19.4449,12999300,0.0000
869,2008-02-29,A,31.4100,32.4400,30.5100,30.6100,19.7941,17725700,0.0000
870,2008-02-22,A,30.9400,31.9700,30.5800,31.4100,20.3114,13563100,0.0000
871,2008-02-15,A,31.6700,33.1600,30.4800,30.6500,19.8200,24845200,0.0000
872,2008-02-08,A,34.3900,34.8600,31.8100,32.0000,20.6930,19526800,0.0000
873,2008-02-01,A,33.1700,34.9100,32.7900,34.4600,22.2837,19130000,0.0000
874,2008-01-25,A,31.6600,34.0500,31.2600,33.1900,21.4625,15549500,0.0000
875,2008-01-18,A,36.2200,37.8300,33.1000,33.6600,21.7664,19490200,0.0000
876,2008-01-11,A,35.3400,37.4100,34.7200,36.0000,23.2796,18768400,0.0000
877,2008-01-04,A,37.3000,37.3500,34.7200,34.7700,22.4842,9422300,0.0000
878,2007-12-28,A,37.0000,37.5300,36.8000,37.4900,24.2431,6396300,0.0000
879,2007-12-21,A,36.2200,37.3400,34.9800,37.1900,24.0491,10925400,0.0000
880,2007-12-14,A,37.9200,38.1700,36.2600,36.3100,23.4800,10136700,0.0000
881,2007-12-07,A,37.4800,38.2400,37.4300,38.0100,24.5794,10048000,0.0000
882,2007-11-30,A,36.8400,38.1400,36.4000,37.8300,24.4630,12090800,0.0000
883,2007-11-23,A,36.4200,37.1100,35.7300,36.9100,23.8680,9533400,0.0000
884,2007-11-16,A,32.8700,36.9600,32.8700,36.7200,23.7452,15266600,0.0000
885,2007-11-09,A,35.5100,36.2500,33.2800,33.3900,21.5918,12053500,0.0000
886,2007-11-02,A,36.2400,37.0600,35.4700,36.0200,23.2925,7604400,0.0000
887,2007-10-26,A,36.9100,37.3800,35.4400,36.0300,23.2990,8264300,0.0000
888,2007-10-19,A,37.9100,39.3200,37.2200,37.3000,24.1202,9498800,0.0000
889,2007-10-12,A,37.7300,38.2400,37.1700,37.6100,24.3207,6119800,0.0000
890,2007-10-05,A,36.9700,37.9300,36.4300,37.7900,24.4371,10610400,0.0000
891,2007-09-28,A,36.7700,37.2100,36.3500,36.8800,23.8486,9386000,0.0000
892,2007-09-21,A,35.9800,37.5300,35.7700,36.9100,23.8680,9987800,0.0000
893,2007-09-14,A,36.4300,36.5900,35.7600,36.1600,23.3830,9112600,0.0000
894,2007-09-07,A,36.5900,36.6800,35.8400,36.2800,23.4606,7236400,0.0000
895,2007-08-31,A,35.1200,36.5400,34.6000,36.4000,23.5382,10807800,0.0000
896,2007-08-24,A,33.7200,35.2600,33.1000,35.2000,22.7623,11546800,0.0000
897,2007-08-17,A,36.0000,37.1000,31.1500,33.8300,21.8763,26330100,0.0000
898,2007-08-10,A,38.2600,38.8000,35.2800,35.7500,23.1179,15630200,0.0000
899,2007-08-03,A,37.4700,39.0000,37.2600,37.9800,24.5600,17972000,0.0000
900,2007-07-27,A,40.0000,40.4200,37.6400,37.6400,24.3401,13650700,0.0000
901,2007-07-20,A,39.7300,40.0500,39.1700,39.3800,25.4653,10477100,0.0000
902,2007-07-13,A,39.6000,40.4000,39.5000,39.9600,25.8403,11182100,0.0000
903,2007-07-06,A,38.7000,39.9000,38.4500,39.8200,25.7498,8043900,0.0000
904,2007-06-29,A,38.6600,39.0000,37.9400,38.4400,24.8574,9548300,0.0000
905,2007-06-22,A,38.8000,39.4400,38.0300,38.6500,24.9932,9947600,0.0000
906,2007-06-15,A,37.3800,39.0000,37.1000,38.7200,25.0385,10050000,0.0000
907,2007-06-08,A,38.0100,38.6300,36.9400,37.5300,24.2690,10894500,0.0000
908,2007-06-01,A,38.5000,38.5700,37.8500,38.2800,24.7539,8174400,0.0000
909,2007-05-25,A,37.6000,38.9700,37.5000,38.3700,24.8121,16220000,0.0000
910,2007-05-18,A,36.4600,38.4700,35.7100,38.0000,24.5729,19925700,0.0000
911,2007-05-11,A,36.9500,37.5000,35.4800,36.2100,23.4154,14102500,0.0000
912,2007-05-04,A,34.7700,37.0100,34.3500,37.0000,23.9262,16176200,0.0000
913,2007-04-27,A,35.3400,35.6300,34.4800,34.7100,22.4454,15206600,0.0000
914,2007-04-20,A,34.5000,35.8000,34.4200,35.4800,22.9433,14233400,0.0000
915,2007-04-13,A,34.8200,35.2000,34.2400,34.4700,22.2902,12398400,0.0000
916,2007-04-05,A,33.6300,34.9500,33.4900,34.7100,22.4454,10511800,0.0000
917,2007-03-30,A,33.0200,33.9600,32.4200,33.6900,21.7858,14655200,0.0000
918,2007-03-23,A,31.9800,33.6900,31.7800,33.2200,21.4819,13059600,0.0000
919,2007-03-16,A,31.7000,32.1400,31.4500,31.7500,20.5313,13048200,0.0000
920,2007-03-09,A,30.4000,32.0000,30.2600,31.7600,20.5378,15908000,0.0000
921,2007-03-02,A,33.2600,33.3600,30.6900,30.7200,19.8652,15689400,0.0000
922,2007-02-23,A,32.4800,33.4100,32.1700,33.2700,21.5142,14592100,0.0000
923,2007-02-16,A,32.6200,34.1500,32.5200,32.7700,21.1909,16510100,0.0000
924,2007-02-09,A,31.6400,32.9800,31.2400,32.6600,21.1197,13343000,0.0000
925,2007-02-02,A,32.2600,32.5000,31.4600,31.6100,20.4408,13714300,0.0000
926,2007-01-26,A,32.6700,33.0000,31.9900,32.3700,20.9322,12547900,0.0000
927,2007-01-19,A,33.5100,33.9300,31.9000,32.8000,21.2103,11891600,0.0000
928,2007-01-12,A,33.9800,34.3200,33.3500,33.6000,21.7276,8595000,0.0000
929,2007-01-05,A,34.9900,35.4800,33.4600,34.0900,22.0445,7324900,0.0000
930,2006-12-29,A,33.7000,35.6900,33.6500,34.8500,22.5359,7843300,0.0000
931,2006-12-22,A,34.0800,34.9500,33.6600,33.7200,21.8052,10595500,0.0000
932,2006-12-15,A,33.3500,34.4200,33.0600,34.0800,22.0380,13528300,0.0000
933,2006-12-08,A,32.0000,33.8300,32.0000,33.4300,21.6177,12964200,0.0000
934,2006-12-01,A,33.4500,33.4600,31.6800,31.9700,20.6736,19230300,0.0000
935,2006-11-24,A,33.5500,33.9800,33.2000,33.5600,21.7017,10884300,0.0000
936,2006-11-17,A,34.3000,35.1500,32.2500,33.7500,21.8246,25471900,0.0000
937,2006-11-10,A,32.9300,34.4100,32.9000,34.3400,22.2061,12840600,0.0000
938,2006-11-03,A,34.8000,35.8100,32.9000,32.9300,21.2943,12041200,0.0000
939,2006-10-27,A,35.0900,35.4800,34.5700,34.8800,22.5553,8620800,0.0000
940,2006-10-20,A,34.5000,35.1200,33.9000,34.9200,22.5812,14813700,0.0000
941,2006-10-13,A,33.0500,34.7800,32.7700,34.5000,22.3096,12079100,0.0000
942,2006-10-06,A,32.5000,33.4000,32.0500,33.2900,21.5271,11466300,0.0000
943,2006-09-29,A,32.5300,33.2500,32.0600,32.6900,21.1391,13591500,0.0000
944,2006-09-22,A,30.9300,33.4020,30.7900,32.4800,21.0034,14899100,0.0000
945,2006-09-15,A,30.5500,31.6800,30.5000,30.9200,19.9946,16871800,0.0000
946,2006-09-08,A,31.3400,31.6500,30.3100,30.6800,19.8394,8011100,0.0000
947,2006-09-01,A,30.4400,32.2500,30.4200,31.5200,20.3826,10351000,0.0000
948,2006-08-25,A,31.7000,31.7100,30.3500,30.4700,19.7036,8659100,0.0000
949,2006-08-18,A,27.4400,32.3300,27.4161,31.8000,20.5636,19379100,0.0000
950,2006-08-11,A,27.9400,28.2600,26.9600,27.2000,17.5890,9237800,0.0000
951,2006-08-04,A,27.8000,29.0000,27.6500,28.0500,18.1387,9914000,0.0000
952,2006-07-28,A,27.8900,29.8200,27.4700,27.9200,18.0546,18640300,0.0000
953,2006-07-21,A,28.6500,29.9600,27.4800,27.8600,18.0158,13281600,0.0000
954,2006-07-14,A,31.1800,31.4000,27.8800,28.6900,18.5525,20164700,0.0000
955,2006-07-07,A,31.7400,32.0000,30.7400,31.0200,20.0592,6644800,0.0000
956,2006-06-30,A,31.3000,32.1100,30.0700,31.5600,20.4084,15510900,0.0000
957,2006-06-23,A,33.4000,33.5400,29.8400,31.1900,20.1692,12268600,0.0000
958,2006-06-16,A,33.3200,33.8400,31.3000,33.3500,21.5659,23586500,0.0000
959,2006-06-09,A,35.3000,35.3700,32.8000,33.9400,21.9475,13935900,0.0000
960,2006-06-02,A,34.5700,35.6100,34.0200,35.5200,22.9692,12264700,0.0000
961,2006-05-26,A,34.9300,35.1200,33.4800,34.6300,22.3937,15611000,0.0000
962,2006-05-19,A,37.3500,38.1300,34.5500,34.9800,22.6200,24683400,0.0000
963,2006-05-12,A,39.1000,39.4500,37.1768,37.2500,24.0879,11728100,0.0000
964,2006-05-05,A,38.5500,39.2800,38.4000,39.1500,25.3165,8702800,0.0000
965,2006-04-28,A,38.6700,39.5400,38.2200,38.4200,24.8445,10694900,0.0000
966,2006-04-21,A,36.6600,39.4500,36.5000,38.8200,25.1031,14128100,0.0000
967,2006-04-13,A,37.7600,38.0000,36.1100,36.6700,23.7128,6352900,0.0000
968,2006-04-07,A,37.9000,38.5500,37.6500,37.8600,24.4824,11203600,0.0000
969,2006-03-31,A,37.1200,37.6500,36.2100,37.5500,24.2819,12020600,0.0000
970,2006-03-24,A,37.8400,37.9000,36.6700,37.3700,24.1655,11449200,0.0000
971,2006-03-17,A,36.4000,38.1400,36.4000,37.9200,24.5212,18995100,0.0000
972,2006-03-10,A,36.2000,36.8200,35.7500,36.3800,23.5253,11914300,0.0000
973,2006-03-03,A,35.8500,36.7400,35.8500,36.2200,23.4218,11357800,0.0000
974,2006-02-24,A,34.9300,36.2999,34.9200,35.9200,23.2278,13041400,0.0000
975,2006-02-17,A,34.0800,35.3200,34.0180,34.9900,22.6265,19011700,0.0000
976,2006-02-10,A,34.2700,35.8700,33.5200,35.8700,23.1955,15685400,0.0000
977,2006-02-03,A,34.1000,35.0000,33.7800,34.3300,22.1997,10114900,0.0000
978,2006-01-27,A,34.2000,34.5800,33.6900,34.1400,22.0768,9026600,0.0000
979,2006-01-20,A,33.6700,35.2500,33.3000,34.2500,22.1479,12173300,0.0000
980,2006-01-13,A,34.6500,35.0800,33.5900,33.9600,21.9604,13987600,0.0000
981,2006-01-06,A,33.4000,34.7900,32.8151,34.6500,22.4066,14652800,0.0000
982,2005-12-30,A,34.8000,34.8500,33.0900,33.2900,21.5271,9423000,0.0000
983,2005-12-23,A,35.2200,35.5000,34.5000,34.9000,22.5683,14796100,0.0000
984,2005-12-16,A,35.2300,36.0000,35.1800,35.3000,22.8269,41509600,0.0000
985,2005-12-09,A,35.5000,35.8000,34.1500,35.2700,22.8075,32351100,0.0000
986,2005-12-02,A,35.6000,36.1000,35.1800,35.4900,22.9498,18741500,0.0000
987,2005-11-25,A,34.6000,35.8000,34.5900,35.6900,23.0791,11506100,0.0000
988,2005-11-18,A,32.8000,34.9500,32.7750,34.9100,22.5747,34200100,0.0000
989,2005-11-11,A,32.6000,33.1800,32.4900,32.9300,21.2943,14478100,0.0000
990,2005-11-04,A,31.0000,33.0200,30.9500,32.8000,21.2103,10263000,0.0000
991,2005-10-28,A,31.0900,31.4600,29.9700,31.0000,20.0463,9504600,0.0000
992,2005-10-21,A,30.8300,31.6000,30.4000,31.0900,20.1045,13007500,0.0000
993,2005-10-14,A,31.8000,33.1000,30.0600,30.9300,20.0010,14354600,0.0000
994,2005-10-07,A,32.8300,33.3000,30.7800,31.8100,20.5701,19319600,0.0000
995,2005-09-30,A,33.8000,33.9800,32.4900,32.7500,21.1779,19347100,0.0000
996,2005-09-23,A,33.7500,34.4500,33.1200,33.6900,21.7858,17082300,0.0000
997,2005-09-16,A,32.7800,34.0000,32.5700,33.9100,21.9281,23788300,0.0000
998,2005-09-09,A,31.9000,32.6800,31.9000,32.6200,21.0939,12189900,0.0000
999,2005-09-02,A,30.8000,32.4200,30.8000,32.1400,20.7835,16052900,0.0000
1000,2005-08-26,A,30.4100,31.2200,29.9500,31.1000,20.1110,25794700,0.0000
1001,2005-08-19,A,29.7000,31.1500,29.3500,30.6500,19.8200,42451600,0.0000
1002,2005-08-12,A,25.8400,26.6600,25.1800,26.4100,17.0782,10422900,0.0000
1003,2005-08-05,A,26.2300,26.7800,25.8200,25.8700,16.7290,7114600,0.0000
1004,2005-07-29,A,25.5300,26.6300,25.4800,26.2400,16.9682,7484800,0.0000
1005,2005-07-22,A,25.6000,26.1500,25.2800,25.5900,16.5479,8914200,0.0000
1006,2005-07-15,A,25.0000,26.2500,25.0000,25.6600,16.5932,14648300,0.0000
1007,2005-07-08,A,23.2600,24.4300,23.1300,24.3400,15.7396,7933100,0.0000
1008,2005-07-01,A,23.9500,23.9550,22.9500,23.4000,15.1317,9041100,0.0000
1009,2005-06-24,A,24.5500,25.0500,24.1200,24.1300,15.6038,8766400,0.0000
1010,2005-06-17,A,24.4500,24.9200,24.4000,24.7700,16.0176,7066700,0.0000
1011,2005-06-10,A,24.7500,24.8600,24.1300,24.5000,15.8430,10984000,0.0000
1012,2005-06-03,A,23.7500,24.3800,23.7100,24.0600,15.5585,6260600,0.0000
1013,2005-05-27,A,23.3200,23.9800,23.3000,23.9100,15.4615,8054700,0.0000
1014,2005-05-20,A,21.8500,23.4600,21.2100,23.4100,15.1382,14874500,0.0000
1015,2005-05-13,A,21.4000,22.7100,21.3100,21.9900,14.2199,13157300,0.0000
1016,2005-05-06,A,20.7500,21.5600,20.7200,21.5000,13.9031,10135600,0.0000
1017,2005-04-29,A,21.1800,21.6800,20.4400,20.7500,13.4181,10387800,0.0000
1018,2005-04-22,A,20.3700,21.3700,20.3700,21.1000,13.6444,11308400,0.0000
1019,2005-04-15,A,21.3400,21.4600,20.1100,20.4000,13.1918,13464100,0.0000
1020,2005-04-08,A,21.9300,21.9300,21.0800,21.3700,13.8190,16030900,0.0000
1021,2005-04-01,A,22.7000,22.7500,21.7600,22.0700,14.2717,14628300,0.0000
1022,2005-03-24,A,22.2500,22.8400,22.1600,22.6100,14.6209,9731000,0.0000
1023,2005-03-18,A,23.3000,23.8900,22.1500,22.3500,14.4527,16027500,0.0000
1024,2005-03-11,A,24.1700,24.9900,23.2600,23.3400,15.0929,10190200,0.0000
1025,2005-03-04,A,23.5500,24.6500,23.5500,24.1100,15.5908,11136400,0.0000
1026,2005-02-25,A,23.4200,24.0000,22.8000,23.5500,15.2287,12397100,0.0000
1027,2005-02-18,A,23.5400,24.5300,23.3100,23.5700,15.2417,17251700,0.0000
1028,2005-02-11,A,22.8000,23.9900,22.7000,23.7200,15.3387,11011000,0.0000
1029,2005-02-04,A,21.9400,22.7700,21.8500,22.4500,14.5174,9894000,0.0000
1030,2005-01-28,A,21.8200,22.2300,21.4300,21.6100,13.9742,11719100,0.0000
1031,2005-01-21,A,21.9100,22.5600,21.7000,21.8000,14.0971,12848600,0.0000
1032,2005-01-14,A,22.6700,22.7200,21.6700,22.0500,14.2587,12129800,0.0000
1033,2005-01-07,A,24.1000,24.1800,22.6300,22.7100,14.6855,12022400,0.0000
1034,2004-12-31,A,23.9200,24.4600,23.7000,24.1000,15.5844,7333200,0.0000
1035,2004-12-23,A,23.9000,24.1900,23.5100,23.9700,15.5003,6177600,0.0000
1036,2004-12-17,A,23.8400,24.6300,21.1800,23.8200,15.4033,10177500,0.0000
1037,2004-12-10,A,24.1500,24.6800,22.8800,23.6900,15.3193,8593700,0.0000
1038,2004-12-03,A,23.1400,24.8000,22.7900,24.2100,15.6555,9740200,0.0000
1039,2004-11-26,A,23.0100,23.3600,22.7300,23.1600,14.9765,6235300,0.0000
1040,2004-11-19,A,22.2800,23.4500,22.2500,23.1300,14.9571,16918000,0.0000
1041,2004-11-12,A,24.9100,25.9000,21.9000,22.5800,14.6015,27353700,0.0000
1042,2004-11-05,A,24.9500,25.8600,24.3800,25.2100,16.3022,12990100,0.0000
1043,2004-10-29,A,23.6700,25.3068,23.6200,25.0600,16.2052,11318700,0.0000
1044,2004-10-22,A,22.8000,24.6900,22.4000,23.9000,15.4551,15874600,0.0000
1045,2004-10-15,A,22.5900,23.1100,21.6300,22.7900,14.7373,15638900,0.0000
1046,2004-10-08,A,23.4000,23.7800,22.1500,22.2300,14.3751,14554800,0.0000
1047,2004-10-01,A,21.7000,23.0300,20.9600,22.9900,14.8666,12714900,0.0000
1048,2004-09-24,A,22.8300,23.6000,21.8000,21.8200,14.1100,11612300,0.0000
1049,2004-09-17,A,22.8200,23.2000,22.2000,22.9000,14.8084,11614400,0.0000
1050,2004-09-10,A,20.6500,22.7100,20.1400,22.7100,14.6855,12944900,0.0000
1051,2004-09-03,A,21.5000,21.5400,20.0200,20.3700,13.1724,15352500,0.0000
1052,2004-08-27,A,22.3400,22.5000,21.2860,21.6400,13.9936,10672100,0.0000
1053,2004-08-20,A,20.3500,22.3300,20.3400,22.2000,14.3557,11926100,0.0000
1054,2004-08-13,A,21.8700,23.0000,19.5100,20.5200,13.2694,25553500,0.0000
1055,2004-08-06,A,23.8200,24.1600,21.7700,21.8500,14.1294,10125400,0.0000
1056,2004-07-30,A,23.6000,24.0200,22.6300,23.8100,15.3969,17004400,0.0000
1057,2004-07-23,A,25.2100,26.4500,23.5600,23.5600,15.2352,16017600,0.0000
1058,2004-07-16,A,26.5000,26.6500,25.2500,25.3100,16.3668,12012000,0.0000
1059,2004-07-09,A,28.0800,28.9900,26.7900,26.8400,17.3562,8957800,0.0000
1060,2004-07-02,A,29.5100,29.6800,28.0800,28.2700,18.2809,14175000,0.0000
1061,2004-06-25,A,25.8900,29.5500,25.4300,29.5100,19.0828,18712900,0.0000
1062,2004-06-18,A,26.2500,26.2500,25.3800,25.8900,16.7419,11531400,0.0000
1063,2004-06-10,A,25.4500,26.7400,25.4200,26.3000,17.0070,11078500,0.0000
1064,2004-06-04,A,25.4500,25.8800,25.0500,25.2200,16.3086,13489200,0.0000
1065,2004-05-28,A,24.5200,25.8100,23.8000,25.7000,16.6190,19175900,0.0000
1066,2004-05-21,A,25.4500,26.4660,24.1300,24.3800,15.7654,24841100,0.0000
1067,2004-05-14,A,25.8500,26.4000,25.0500,25.5900,16.5479,18146000,0.0000
1068,2004-05-07,A,27.0500,27.6900,26.0000,26.3100,17.0135,16668400,0.0000
1069,2004-04-30,A,29.5000,29.8100,26.9100,27.0100,17.4661,10552100,0.0000
1070,2004-04-23,A,30.0500,30.5800,28.5400,29.5000,19.0763,13898500,0.0000
1071,2004-04-16,A,31.8300,32.2700,29.4000,30.1300,19.4837,11634800,0.0000
1072,2004-04-08,A,32.2300,32.7000,31.5000,31.8300,20.5830,8402300,0.0000
1073,2004-04-02,A,31.0000,32.4000,31.0000,32.3200,20.8999,12896000,0.0000
1074,2004-03-26,A,30.3500,31.1700,28.8000,30.7900,19.9105,17568300,0.0000
1075,2004-03-19,A,31.6100,31.9500,29.3400,30.5500,19.7553,17546000,0.0000
1076,2004-03-12,A,34.8000,34.8700,30.2000,31.6500,20.4666,22876900,0.0000
1077,2004-03-05,A,34.1400,35.0000,33.7000,34.8100,22.5101,10858900,0.0000
1078,2004-02-27,A,34.9200,34.9320,33.2000,34.1900,22.1091,15729600,0.0000
1079,2004-02-20,A,37.0800,37.6200,34.9500,35.0500,22.6653,19066300,0.0000
1080,2004-02-13,A,36.8900,37.6100,36.7000,37.0800,23.9780,12309300,0.0000
1081,2004-02-06,A,36.9500,37.2500,35.1500,36.8500,23.8292,15251500,0.0000
1082,2004-01-30,A,33.1000,38.8000,33.0100,36.8600,23.8357,40410400,0.0000
1083,2004-01-23,A,34.2500,35.0600,33.2400,33.4400,21.6241,13817500,0.0000
1084,2004-01-16,A,32.0500,34.3700,31.6000,34.2500,22.1479,18771300,0.0000
1085,2004-01-09,A,29.5000,32.4400,29.2100,32.0500,20.7253,18408000,0.0000
1086,2004-01-02,A,27.9800,29.4200,27.9000,28.8000,18.6237,7059700,0.0000
1087,2003-12-26,A,28.0000,28.5000,27.8400,27.9500,18.0740,5024300,0.0000
1088,2003-12-19,A,27.4400,28.2500,26.7600,27.9900,18.0999,12839900,0.0000
1089,2003-12-12,A,26.9300,27.8900,26.2920,27.2500,17.6213,11666800,0.0000
1090,2003-12-05,A,28.4400,28.4400,26.7800,26.9200,17.4079,13800800,0.0000
1091,2003-11-28,A,27.2400,28.3200,27.1900,28.2800,18.2874,7311100,0.0000
1092,2003-11-21,A,26.6100,29.3500,25.6000,27.1900,17.5825,20140200,0.0000
1093,2003-11-14,A,26.7000,27.4000,25.5000,26.6100,17.2075,12289200,0.0000
1094,2003-11-07,A,24.9900,27.2000,24.9700,26.8200,17.3433,12132900,0.0000
1095,2003-10-31,A,23.1200,25.3100,22.7200,24.9200,16.1146,11558900,0.0000
1096,2003-10-24,A,23.9000,24.2200,22.6500,23.0700,14.9183,6420900,0.0000
1097,2003-10-17,A,23.8000,24.5000,23.7000,23.9800,15.5068,8247600,0.0000
1098,2003-10-10,A,23.0000,23.9600,22.7000,23.7000,15.3257,6963600,0.0000
1099,2003-10-03,A,22.4600,23.4700,21.8400,23.0000,14.8731,11441600,0.0000
1100,2003-09-26,A,24.5500,24.6890,22.3100,22.3800,14.4721,10255200,0.0000
1101,2003-09-19,A,24.8000,25.0900,24.2000,25.0400,16.1922,12000300,0.0000
1102,2003-09-12,A,25.4300,26.4800,24.4100,24.9700,16.1470,12792100,0.0000
1103,2003-09-05,A,24.4000,25.6200,24.2010,25.5000,16.4897,14356900,0.0000
1104,2003-08-29,A,24.1800,24.7200,23.5800,24.3200,15.7266,11093800,0.0000
1105,2003-08-22,A,21.7800,25.3000,21.7600,24.3100,15.7202,16729500,0.0000
1106,2003-08-15,A,20.7900,21.8700,20.6900,21.7800,14.0841,5035300,0.0000
1107,2003-08-08,A,21.5200,21.8100,20.3100,20.6900,13.3793,6774400,0.0000
1108,2003-08-01,A,21.6500,22.1500,21.3200,21.5500,13.9354,7970900,0.0000
1109,2003-07-25,A,21.0000,22.2700,20.4200,21.7300,14.0518,10383000,0.0000
1110,2003-07-18,A,21.9500,22.6400,20.7800,21.2400,13.7349,16012000,0.0000
1111,2003-07-11,A,20.1400,21.9500,20.1400,21.7000,14.0324,12754600,0.0000
1112,2003-07-03,A,19.5000,20.3400,19.3000,19.9900,12.9266,10536800,0.0000
1113,2003-06-27,A,19.0000,19.9400,18.3500,19.5500,12.6421,10790100,0.0000
1114,2003-06-20,A,18.9800,19.7800,18.9300,19.0600,12.3252,8735000,0.0000
1115,2003-06-13,A,19.0000,19.3100,16.6000,18.9200,12.2347,9595200,0.0000
1116,2003-06-06,A,19.0000,19.9500,18.5500,19.3100,12.4869,15559700,0.0000
1117,2003-05-30,A,15.9500,18.3300,15.8200,18.1300,11.7239,10386800,0.0000
1118,2003-05-23,A,16.1000,16.3900,15.4800,16.2600,10.5146,13371800,0.0000
1119,2003-05-16,A,15.7200,16.7400,15.7200,16.5100,10.6763,9970400,0.0000
1120,2003-05-09,A,16.3300,16.4400,15.7500,16.3300,10.5599,11094000,0.0000
1121,2003-05-02,A,15.5100,16.3100,15.4400,16.2500,10.5081,8829600,0.0000
1122,2003-04-25,A,14.9500,16.4000,14.8000,15.6200,10.1007,10587200,0.0000
1123,2003-04-17,A,13.9500,14.9600,13.8800,14.9400,9.6610,6475100,0.0000
1124,2003-04-11,A,14.7800,15.1300,13.4600,13.9900,9.0467,8521400,0.0000
1125,2003-04-04,A,13.3800,14.6000,13.0000,14.3600,9.2860,9114000,0.0000
1126,2003-03-28,A,14.6500,14.7400,13.8100,13.9200,9.0014,7786700,0.0000
1127,2003-03-21,A,13.3900,15.0000,13.0100,14.8000,9.5705,11991700,0.0000
1128,2003-03-14,A,13.1500,13.5500,12.1100,13.3900,8.6587,9876700,0.0000
1129,2003-03-07,A,13.4000,13.6500,12.6000,13.3900,8.6587,8905100,0.0000
1130,2003-02-28,A,13.3000,13.5000,12.6300,13.2000,8.5358,9792000,0.0000
1131,2003-02-21,A,12.6200,13.7000,12.3400,13.4500,8.6975,12360300,0.0000
1132,2003-02-14,A,11.4500,12.8200,11.4000,12.4900,8.0767,21409400,0.0000
1133,2003-02-07,A,16.4800,16.8200,11.3000,11.4500,7.4042,29680300,0.0000
1134,2003-01-31,A,16.3600,17.0000,15.8200,16.4800,10.6569,9835600,0.0000
1135,2003-01-24,A,18.4000,18.5000,16.7000,16.7000,10.7991,9002800,0.0000
1136,2003-01-17,A,19.9800,20.2200,17.8200,18.0500,11.6721,10455200,0.0000
1137,2003-01-10,A,19.0000,20.3000,18.7700,19.9000,12.8684,14894800,0.0000
1138,2003-01-03,A,18.0500,19.4400,17.5500,19.0500,12.3188,7102200,0.0000
1139,2002-12-27,A,17.9100,18.6700,17.8400,18.2000,11.7691,6174000,0.0000
1140,2002-12-20,A,17.2000,18.9100,16.4700,18.0000,11.6398,9886300,0.0000
1141,2002-12-13,A,16.6000,17.7900,16.3500,17.2000,11.1225,11809500,0.0000
1142,2002-12-06,A,19.7500,20.1500,16.4600,16.7900,10.8573,12401400,0.0000
1143,2002-11-29,A,18.1000,19.6500,17.9700,19.4100,12.5516,9389500,0.0000
1144,2002-11-22,A,13.7000,18.7500,13.5200,18.2500,11.8015,29129200,0.0000
1145,2002-11-15,A,13.7800,14.4400,13.1900,13.8000,8.9238,8919300,0.0000
1146,2002-11-08,A,14.7500,15.6500,13.7800,14.0500,9.0855,9606000,0.0000
1147,2002-11-01,A,13.1500,14.6400,12.3500,14.5800,9.4282,12106800,0.0000
1148,2002-10-25,A,11.9000,13.5500,11.5900,12.9400,8.3677,14000300,0.0000
1149,2002-10-18,A,10.7000,12.1800,10.5000,12.1000,7.8245,13618900,0.0000
1150,2002-10-11,A,11.8100,12.5000,10.7000,10.9000,7.0485,17970600,0.0000
1151,2002-10-04,A,12.8500,13.4600,11.7500,11.8000,7.6305,12370800,0.0000
1152,2002-09-27,A,13.9000,14.3100,13.0900,13.0900,8.4647,13467500,0.0000
1153,2002-09-20,A,14.9000,15.1900,13.7500,13.9700,9.0338,13626100,0.0000
1154,2002-09-13,A,14.1100,16.0800,13.2500,14.9800,9.6869,14899300,0.0000
1155,2002-09-06,A,13.3300,14.3500,12.7600,14.1500,9.1502,17192600,0.0000
1156,2002-08-30,A,16.0200,16.3900,13.3300,13.4300,8.6846,18045000,0.0000
1157,2002-08-23,A,15.8600,17.6500,15.7500,16.0200,10.3594,17584000,0.0000
1158,2002-08-16,A,16.3000,16.7500,15.0600,15.9600,10.3206,11738800,0.0000
1159,2002-08-09,A,17.0000,17.3000,15.4300,16.7200,10.8121,8120600,0.0000
1160,2002-08-02,A,17.5500,18.9000,16.2500,16.8400,10.8897,11840900,0.0000
1161,2002-07-26,A,20.4500,20.9000,16.0000,17.3100,11.1936,17716900,0.0000
1162,2002-07-19,A,23.5200,24.4700,20.3800,20.7500,13.4181,12877500,0.0000
1163,2002-07-12,A,24.0000,24.3000,21.6000,23.8700,15.4357,12238300,0.0000
1164,2002-07-05,A,23.4500,24.2500,21.5100,23.9500,15.4874,9908600,0.0000
1165,2002-06-28,A,24.0000,24.8900,22.4000,23.6500,15.2934,11128600,0.0000
1166,2002-06-21,A,23.9500,25.9700,23.5300,23.9600,15.4939,14108300,0.0000
1167,2002-06-14,A,23.7000,26.0000,23.0000,23.5000,15.1964,15036400,0.0000
1168,2002-06-07,A,26.4900,26.5500,23.5200,23.7000,15.3257,9399100,0.0000
1169,2002-05-31,A,27.3500,27.8900,25.4500,26.3700,17.0523,7653000,0.0000
1170,2002-05-24,A,29.6000,29.9900,27.1500,27.3000,17.6537,10327600,0.0000
1171,2002-05-17,A,27.9500,31.2500,27.7000,30.0100,19.4061,13237800,0.0000
1172,2002-05-10,A,28.2800,30.6000,27.4200,27.9500,18.0740,12965100,0.0000
1173,2002-05-03,A,29.7500,30.8500,28.3500,28.5100,18.4361,12623800,0.0000
1174,2002-04-26,A,34.5600,34.6500,29.8000,29.9600,19.3738,15034300,0.0000
1175,2002-04-19,A,32.3500,35.2700,31.9500,35.0000,22.6329,16898300,0.0000
1176,2002-04-12,A,33.2500,34.6300,31.8900,32.3500,20.9193,13502400,0.0000
1177,2002-04-05,A,36.8000,36.9500,33.7000,33.8900,21.9151,13684300,0.0000
1178,2002-03-28,A,34.4400,35.3600,33.0400,34.9600,22.6071,10964400,0.0000
1179,2002-03-22,A,37.3100,38.0000,34.1000,34.3700,22.2255,13308200,0.0000
1180,2002-03-15,A,36.0900,37.5000,35.1500,37.3100,24.1267,16971800,0.0000
1181,2002-03-08,A,33.0500,36.3600,32.8000,36.0900,23.3378,15999700,0.0000
1182,2002-03-01,A,28.5000,33.3000,28.4500,32.9900,21.3331,15126700,0.0000
1183,2002-02-22,A,26.8000,29.8000,26.0000,28.2600,18.2745,10589800,0.0000
1184,2002-02-15,A,25.5000,27.6700,25.5000,27.5000,17.7830,10743100,0.0000
1185,2002-02-08,A,29.1000,29.7000,24.8300,25.9800,16.8001,11544600,0.0000
1186,2002-02-01,A,29.8000,30.3800,28.1500,29.6100,19.1475,8594400,0.0000
1187,2002-01-25,A,28.4000,29.3000,26.9200,29.0600,18.7918,6491400,0.0000
1188,2002-01-18,A,30.5000,31.1500,28.2400,28.4800,18.4167,10024100,0.0000
1189,2002-01-11,A,32.8900,33.3000,30.7100,31.0400,20.0722,11075700,0.0000
1190,2002-01-04,A,28.7000,32.9400,28.4500,32.7800,21.1973,12070300,0.0000
1191,2001-12-28,A,28.4800,29.1900,28.0100,28.9500,18.7207,5167100,0.0000
1192,2001-12-21,A,28.4800,29.4700,27.4200,27.9500,18.0740,12950500,0.0000
1193,2001-12-14,A,29.9500,30.8500,28.0100,28.8300,18.6431,13092500,0.0000
1194,2001-12-07,A,27.7000,30.8700,26.9000,30.1500,19.4966,16080600,0.0000
1195,2001-11-30,A,25.1400,27.5900,25.0400,27.2700,17.6343,21789800,0.0000
1196,2001-11-23,A,24.0000,25.1000,23.5500,25.1000,16.2310,26918000,0.0000
1197,2001-11-16,A,24.3600,25.7000,22.6000,24.1300,15.6038,15557200,0.0000
1198,2001-11-09,A,23.4500,25.7400,23.4500,24.8000,16.0370,7589800,0.0000
1199,2001-11-02,A,23.8600,23.8700,22.0500,23.3000,15.0671,5893800,0.0000
1200,2001-10-26,A,22.7000,24.6500,22.3000,24.3400,15.7396,6664400,0.0000
1201,2001-10-19,A,23.4200,24.7900,22.3800,23.3600,15.1059,7131400,0.0000
1202,2001-10-12,A,22.0000,24.3600,20.4500,23.3600,15.1059,9765600,0.0000
1203,2001-10-05,A,19.1500,22.2500,18.7200,21.1000,13.6444,11319900,0.0000
1204,2001-09-28,A,20.5000,21.6900,18.4200,19.5500,12.6421,10711800,0.0000
1205,2001-09-21,A,21.1500,23.0000,18.0000,20.1500,13.0301,11997600,0.0000
1206,2001-09-10,A,22.5000,23.1800,22.3600,23.0500,14.9054,1964500,0.0000
1207,2001-09-07,A,26.3500,26.9500,23.1100,23.3500,15.0994,8780100,0.0000
1208,2001-08-31,A,28.0300,28.0400,25.8500,26.5000,17.1364,6165900,0.0000
1209,2001-08-24,A,26.1000,28.0500,24.3000,27.7900,17.9705,12866800,0.0000
1210,2001-08-17,A,29.0000,29.7000,26.1800,26.4500,17.1040,6919000,0.0000
1211,2001-08-10,A,31.3100,31.8000,27.5100,28.5900,18.4879,7360200,0.0000
1212,2001-08-03,A,29.0500,32.7000,28.4300,31.3000,20.2403,8198800,0.0000
1213,2001-07-27,A,28.9900,30.1900,26.9200,30.1000,19.4643,8036300,0.0000
1214,2001-07-20,A,30.1500,30.6400,27.9000,28.9000,18.6883,7554400,0.0000
1215,2001-07-13,A,30.1500,32.0900,26.2000,30.3000,19.5936,10975300,0.0000
1216,2001-07-06,A,32.5000,33.5000,29.1400,30.1500,19.4966,5287800,0.0000
1217,2001-06-29,A,29.4500,34.1000,28.4500,32.5000,21.0163,13614200,0.0000
1218,2001-06-22,A,30.3000,31.0700,27.2500,29.4000,19.0117,12140500,0.0000
1219,2001-06-15,A,34.4000,35.0000,29.0000,30.4600,19.6971,10720000,0.0000
1220,2001-06-08,A,34.0000,36.4500,33.3000,35.0100,22.6394,8402800,0.0000
1221,2001-06-01,A,37.6500,37.6500,32.1600,33.9700,21.9669,9143900,0.0000
1222,2001-05-25,A,36.0000,39.8000,35.7000,37.6900,24.3724,12958500,0.0000
1223,2001-05-18,A,39.8200,39.8300,35.5000,36.0000,23.2796,14031300,0.0000
1224,2001-05-11,A,37.6000,41.1800,37.4000,39.6900,25.6657,7663300,0.0000
1225,2001-05-04,A,39.4000,40.4500,37.1000,38.3700,24.8121,7004900,0.0000
1226,2001-04-27,A,39.5000,40.9700,36.5000,38.7900,25.0837,9005100,0.0000
1227,2001-04-20,A,33.2000,41.0000,31.7700,40.4000,26.1249,11748500,0.0000
1228,2001-04-12,A,27.5200,34.5000,27.0300,33.9600,21.9604,8964000,0.0000
1229,2001-04-06,A,32.2500,32.5700,25.0000,27.8000,17.9770,15865700,0.0000
1230,2001-03-30,A,37.1200,37.6400,30.0000,30.7300,19.8717,17163200,0.0000
1231,2001-03-23,A,34.6000,39.5000,29.6000,37.8300,24.4630,17872800,0.0000
1232,2001-03-16,A,36.0000,36.8800,33.9600,34.7500,22.4713,11993800,0.0000
1233,2001-03-09,A,38.0400,42.3800,36.6500,37.0500,23.9586,10133200,0.0000
1234,2001-03-02,A,37.6900,40.2400,34.4000,38.0300,24.5923,13893200,0.0000
1235,2001-02-23,A,49.2000,49.4500,35.5500,38.3000,24.7669,19914200,0.0000
1236,2001-02-16,A,52.3000,55.0000,47.3600,50.0000,32.3327,14782800,0.0000
1237,2001-02-09,A,53.6000,54.7400,48.0000,52.5000,33.9494,10936800,0.0000
1238,2001-02-02,A,55.5000,56.5000,52.0000,52.2000,33.7554,10377500,0.0000
1239,2001-01-26,A,65.6300,65.6300,52.6900,54.6300,35.3268,13725600,0.0000
1240,2001-01-19,A,56.2500,68.0000,55.3100,65.5600,42.3947,17273100,0.0000
1241,2001-01-12,A,54.2500,58.0000,51.8100,56.1300,36.2967,9456200,0.0000
1242,2001-01-05,A,53.8800,59.6900,47.5600,55.0600,35.6048,10328900,0.0000
1243,2000-12-29,A,54.7500,56.4400,53.0000,54.7500,35.4044,6552300,0.0000
1244,2000-12-22,A,56.8800,59.8800,49.8800,54.6900,35.3656,12849200,0.0000
1245,2000-12-15,A,58.6300,59.6900,54.5000,56.8800,36.7817,14097900,0.0000
1246,2000-12-08,A,52.0600,59.8800,50.5000,59.4400,38.4372,14452300,0.0000
1247,2000-12-01,A,50.9400,54.6900,50.0000,53.0000,34.2727,13957100,0.0000
1248,2000-11-24,A,46.8800,51.5000,43.8100,50.9400,32.9406,14060600,0.0000
1249,2000-11-17,A,39.1900,47.5000,38.0600,47.3800,30.6385,16439400,0.0000
1250,2000-11-10,A,46.9400,47.2500,39.3100,39.4400,25.5041,11352800,0.0000
1251,2000-11-03,A,44.8100,48.6900,43.7500,46.8100,30.2699,11330600,0.0000
1252,2000-10-27,A,46.5600,51.8800,42.0000,45.7500,29.5845,17758200,0.0000
1253,2000-10-20,A,44.8800,48.6900,39.2500,46.5600,30.1083,15688000,0.0000
1254,2000-10-13,A,52.1300,52.9400,42.8100,44.3800,28.6985,14329000,0.0000
1255,2000-10-06,A,49.1300,58.6300,49.1300,52.1900,33.7489,14940000,0.0000
1256,2000-09-29,A,50.2500,51.9400,44.3800,48.9400,31.6473,12344400,0.0000
1257,2000-09-22,A,57.1300,57.6900,47.0000,50.0000,32.3327,11639400,0.0000
1258,2000-09-15,A,59.0000,59.0000,53.5600,57.0000,36.8593,11927200,0.0000
1259,2000-09-08,A,61.6900,62.5000,59.1300,59.2500,38.3143,6022300,0.0000
1260,2000-09-01,A,58.3100,64.0000,57.2500,61.8800,40.0150,14160100,0.0000
1261,2000-08-25,A,58.2500,60.6900,57.3100,58.5000,37.8293,15941700,0.0000
1262,2000-08-18,A,42.0000,58.1300,41.5000,56.3800,36.4584,28956300,0.0000
1263,2000-08-11,A,40.6300,41.2500,38.1900,40.6300,26.2736,15674100,0.0000
1264,2000-08-04,A,41.0600,42.1900,38.5600,40.0600,25.9050,24662100,0.0000
1265,2000-07-28,A,50.0000,50.1900,39.5000,41.2500,26.6745,38608600,0.0000
1266,2000-07-21,A,76.8800,80.9400,46.2500,48.0600,31.0782,38169100,0.0000
1267,2000-07-14,A,67.7500,78.2500,66.1300,77.0600,49.8312,19153100,0.0000
1268,2000-07-07,A,74.0000,74.1900,66.7500,67.5000,43.6492,13440100,0.0000
1269,2000-06-30,A,75.0000,80.1900,73.6500,73.7500,47.6908,24871700,0.0000
1270,2000-06-23,A,62.1300,79.9400,62.1300,75.1300,48.5832,27332300,0.0000
1271,2000-06-16,A,72.6300,72.6300,62.0000,62.6300,40.5000,23097000,0.0000
1272,2000-06-09,A,81.0000,83.7500,65.5000,70.8800,45.8349,37974000,0.0000
1273,2000-06-02,A,66.1900,82.0000,66.0600,81.7500,52.8640,22018400,0.0000
1274,2000-05-26,A,67.0000,68.7500,54.0000,65.0000,42.0326,24053700,0.0000
1275,2000-05-19,A,90.0000,96.9400,66.1300,66.6300,43.0866,24376900,0.0000
1276,2000-05-12,A,91.8800,98.0000,75.7500,90.5600,58.5611,14053000,0.0000
1277,2000-05-05,A,88.6300,104.1000,88.2500,91.4400,59.1301,7821300,0.0000
1278,2000-04-28,A,87.1300,95.5600,85.0600,88.6300,57.3130,5621600,0.0000
1279,2000-04-20,A,80.0600,91.7500,73.0600,89.9400,58.1601,7434100,0.0000
1280,2000-04-14,A,122.0000,122.0000,81.0000,82.6900,53.4719,11304000,0.0000
1281,2000-04-07,A,103.0000,125.0000,82.0000,122.0000,78.8919,8591000,0.0000
1282,2000-03-31,A,118.2000,121.9000,90.0000,104.0000,67.2521,6621500,0.0000
1283,2000-03-24,A,120.4000,123.8000,105.8000,120.0000,77.5986,6508800,0.0000
1284,2000-03-17,A,130.1000,138.9000,112.0000,121.1000,78.3099,9677600,0.0000
1285,2000-03-10,A,113.0000,162.0000,112.5000,142.0000,91.8250,15988700,0.0000
1286,2000-03-03,A,108.1000,111.8000,98.2500,108.0000,69.8387,4345800,0.0000
1287,2000-02-25,A,96.0000,115.4000,90.0000,108.1000,69.9034,6382400,0.0000
1288,2000-02-18,A,75.2500,97.0000,74.8100,93.7500,60.6239,6911300,0.0000
1289,2000-02-11,A,77.6900,82.1900,74.8100,75.3800,48.7448,3895100,0.0000
1290,2000-02-04,A,67.5600,77.7500,64.7500,76.2500,49.3074,5232500,0.0000
1291,2000-01-28,A,68.5000,71.8100,66.4400,68.0600,44.0113,4828200,0.0000
1292,2000-01-21,A,68.6300,72.8800,66.4400,68.7500,44.4575,6189500,0.0000
1293,2000-01-14,A,69.0000,69.8100,64.0600,68.3800,44.2183,5640600,0.0000
1294,2000-01-07,A,78.7500,78.9400,58.1300,65.0000,42.0326,14701100,0.0000
1295,1999-12-31,A,49.9400,80.0000,49.5600,77.3100,49.9929,17675600,0.0000
1296,1999-12-23,A,46.2500,50.0000,46.0000,49.7500,32.1711,5380200,0.0000
1297,1999-12-17,A,45.5000,48.0000,41.0000,45.9400,29.7073,11129600,0.0000
1298,1999-12-10,A,45.2500,46.4400,44.3100,44.7500,28.9378,7187700,0.0000
1299,1999-12-03,A,41.0000,45.6900,40.5600,44.5000,28.7761,12484700,0.0000
1300,1999-11-26,A,41.3100,44.0000,40.0000,41.1900,26.6357,13681100,0.0000
0,2024-10-24,AAL,12.9800,13.6300,12.4150,12.7800,12.7800,147901240,0.0000
1,2024-10-18,AAL,11.8500,13.2400,11.7000,13.0900,13.0900,178702464,0.0000
2,2024-10-11,AAL,11.5500,12.2500,11.3730,11.7900,11.7900,150754244,0.0000
3,2024-10-04,AAL,11.4700,11.9700,10.5650,11.5100,11.5100,185035989,0.0000
4,2024-09-27,AAL,11.0000,11.9800,10.7600,11.5600,11.5600,182525972,0.0000
5,2024-09-20,AAL,10.6490,11.3900,10.6200,11.0100,11.0100,306979852,0.0000
6,2024-09-13,AAL,10.8500,11.2500,10.4300,10.6900,10.6900,191625141,0.0000
7,2024-09-06,AAL,10.5200,11.1600,10.4950,10.8000,10.8000,111745096,0.0000
8,2024-08-30,AAL,10.4300,10.8900,9.9800,10.6200,10.6200,113626611,0.0000
9,2024-08-23,AAL,10.1550,10.5400,10.1150,10.3900,10.3900,124415973,0.0000
10,2024-08-16,AAL,9.7900,10.1600,9.5550,10.0500,10.0500,156984846,0.0000
11,2024-08-09,AAL,9.1000,9.9600,9.0700,9.8600,9.8600,159797850,0.0000
12,2024-08-02,AAL,10.5600,11.0300,9.5900,9.6300,9.6300,217916136,0.0000
13,2024-07-26,AAL,10.4900,10.9000,9.7550,10.6200,10.6200,258722576,0.0000
14,2024-07-19,AAL,10.6700,11.2400,10.4300,10.5800,10.5800,182251521,0.0000
15,2024-07-12,AAL,11.0800,11.2200,10.3400,10.6800,10.6800,200793086,0.0000
16,2024-07-05,AAL,11.3300,11.4100,10.9500,11.0400,11.0400,91658358,0.0000
17,2024-06-28,AAL,11.2200,11.3650,10.9600,11.3300,11.3300,145964316,0.0000
18,2024-06-21,AAL,11.2200,11.5000,11.1100,11.2000,11.2000,98378128,0.0000
19,2024-06-14,AAL,11.4300,11.6850,11.0900,11.2800,11.2800,165192882,0.0000
20,2024-06-07,AAL,11.6000,11.9450,11.3150,11.5000,11.5000,191653486,0.0000
21,2024-05-31,AAL,13.8500,13.9050,11.2500,11.5000,11.5000,309563742,0.0000
22,2024-05-24,AAL,14.7700,14.7750,13.6600,13.8400,13.8400,117343607,0.0000
23,2024-05-17,AAL,14.5400,15.3600,14.5200,14.7300,14.7300,128458707,0.0000
24,2024-05-10,AAL,13.9200,14.7500,13.9200,14.4000,14.4000,135118094,0.0000
25,2024-05-03,AAL,13.8500,14.0700,13.3300,13.8500,13.8500,129282756,0.0000
26,2024-04-26,AAL,14.2800,14.6800,13.4500,13.8800,13.8800,203926954,0.0000
27,2024-04-19,AAL,13.2800,14.3400,12.7200,14.1100,14.1100,168757634,0.0000
28,2024-04-12,AAL,13.8200,14.1450,13.0200,13.1500,13.1500,168569338,0.0000
29,2024-04-05,AAL,15.4200,15.6100,13.7000,13.7600,13.7600,167377073,0.0000
30,2024-03-28,AAL,14.6900,15.4950,14.6299,15.3500,15.3500,103476249,0.0000
31,2024-03-22,AAL,13.9800,14.8800,13.8600,14.8200,14.8200,118653392,0.0000
32,2024-03-15,AAL,14.6000,14.6700,13.7800,13.9600,13.9600,143937918,0.0000
33,2024-03-08,AAL,15.7000,16.1500,14.2900,14.6800,14.6800,192231589,0.0000
34,2024-03-01,AAL,15.1300,15.7900,15.1300,15.6600,15.6600,126101563,0.0000
35,2024-02-23,AAL,14.5000,15.2900,14.4900,15.1300,15.1300,111902805,0.0000
36,2024-02-16,AAL,14.8000,15.1450,14.4100,14.6400,14.6400,138112748,0.0000
37,2024-02-09,AAL,14.3600,15.1800,14.1100,14.8800,14.8800,145045244,0.0000
38,2024-02-02,AAL,15.3700,15.3900,13.8727,14.5600,14.5600,165699962,0.0000
39,2024-01-26,AAL,13.9600,15.8400,13.5400,15.1300,15.1300,271223605,0.0000
40,2024-01-19,AAL,13.0800,13.8650,12.7800,13.6600,13.6600,190216663,0.0000
41,2024-01-12,AAL,14.0250,14.6700,13.1900,13.2100,13.2100,240326803,0.0000
42,2024-01-05,AAL,13.6450,13.7200,12.8900,13.6000,13.6000,142246205,0.0000
43,2023-12-29,AAL,14.2500,14.2600,13.6900,13.7400,13.7400,86756682,0.0000
44,2023-12-22,AAL,14.4300,14.4500,13.9500,14.3100,14.3100,133095808,0.0000
45,2023-12-15,AAL,13.7550,14.6700,13.6100,14.4900,14.4900,179274983,0.0000
46,2023-12-08,AAL,13.0300,14.1500,12.9300,13.7600,13.7600,221672535,0.0000
47,2023-12-01,AAL,12.2500,13.0600,11.9500,13.0200,13.0200,176636313,0.0000
48,2023-11-24,AAL,12.2300,12.7650,12.0500,12.3100,12.3100,104308149,0.0000
49,2023-11-17,AAL,11.7000,12.7200,11.6207,12.2900,12.2900,153464525,0.0000
50,2023-11-10,AAL,12.0600,12.2700,11.5100,11.8000,11.8000,170703483,0.0000
51,2023-11-03,AAL,11.0100,12.0800,10.8600,11.9800,11.9800,193440672,0.0000
52,2023-10-27,AAL,11.0200,11.4300,10.8800,10.9200,10.9200,205345093,0.0000
53,2023-10-20,AAL,11.8200,12.1000,11.0400,11.0800,11.0800,251529498,0.0000
54,2023-10-13,AAL,12.3700,12.6800,11.6800,11.7200,11.7200,222598566,0.0000
55,2023-10-06,AAL,12.8400,13.1000,12.2500,12.7600,12.7600,196911362,0.0000
56,2023-09-29,AAL,12.8050,13.0900,12.5000,12.8100,12.8100,149303263,0.0000
57,2023-09-22,AAL,13.2400,13.4700,12.8600,12.9000,12.9000,124410768,0.0000
58,2023-09-15,AAL,14.0200,14.2900,13.1500,13.3100,13.3100,157028673,0.0000
59,2023-09-08,AAL,14.5300,14.7500,13.9100,13.9800,13.9800,93017661,0.0000
60,2023-09-01,AAL,14.6600,14.9900,14.5700,14.6800,14.6800,90372703,0.0000
61,2023-08-25,AAL,15.0600,15.3250,14.4200,14.5800,14.5800,106261752,0.0000
62,2023-08-18,AAL,15.5700,15.8800,14.8000,15.0400,15.0400,106760439,0.0000
63,2023-08-11,AAL,15.7300,16.2400,15.5600,15.6500,15.6500,101508020,0.0000
64,2023-08-04,AAL,16.8500,16.8700,15.7000,15.8400,15.8400,146975678,0.0000
65,2023-07-28,AAL,17.2900,17.3200,16.1900,16.7900,16.7900,133417600,0.0000
66,2023-07-21,AAL,18.0400,18.7950,17.1000,17.4200,17.4200,134709436,0.0000
67,2023-07-14,AAL,18.3200,19.0800,17.9600,18.1400,18.1400,122312420,0.0000
68,2023-07-07,AAL,17.8600,18.5500,17.6700,18.3500,18.3500,79972605,0.0000
69,2023-06-30,AAL,16.1500,17.9900,16.1100,17.9400,17.9400,127139040,0.0000
70,2023-06-23,AAL,16.3800,16.4250,15.9200,16.2600,16.2600,73765077,0.0000
71,2023-06-16,AAL,15.7400,16.7200,15.7300,16.4800,16.4800,113107607,0.0000
72,2023-06-09,AAL,14.8700,15.6700,14.6800,15.5700,15.5700,93964672,0.0000
73,2023-06-02,AAL,14.4400,15.1050,14.4200,14.8700,14.8700,104418315,0.0000
74,2023-05-26,AAL,14.9150,14.9800,13.5500,14.3500,14.3500,134722029,0.0000
75,2023-05-19,AAL,14.0400,15.0900,13.9200,14.8200,14.8200,109686908,0.0000
76,2023-05-12,AAL,14.3400,14.7000,13.8700,14.0200,14.0200,109532323,0.0000
77,2023-05-05,AAL,13.6000,14.0381,13.3500,13.8700,13.8700,116018852,0.0000
78,2023-04-28,AAL,13.4200,13.7000,12.6500,13.6400,13.6400,185195732,0.0000
79,2023-04-21,AAL,12.8550,13.7000,12.8000,13.4000,13.4000,123132547,0.0000
80,2023-04-14,AAL,13.9800,14.5100,12.7300,12.7900,12.7900,208236734,0.0000
81,2023-04-06,AAL,14.5200,14.6200,13.7000,14.0100,14.0100,63721777,0.0000
82,2023-03-31,AAL,13.9600,14.7600,13.7100,14.7500,14.7500,70608911,0.0000
83,2023-03-24,AAL,14.0200,14.5400,13.3600,13.7200,13.7200,112177504,0.0000
84,2023-03-17,AAL,15.0200,15.3200,13.5100,13.9800,13.9800,165494579,0.0000
85,2023-03-10,AAL,16.4700,16.8000,15.1100,15.4600,15.4600,88640802,0.0000
86,2023-03-03,AAL,15.7400,16.5500,15.5300,16.3600,16.3600,68954559,0.0000
87,2023-02-24,AAL,16.0600,16.2000,15.3600,15.5600,15.5600,92801700,0.0000
88,2023-02-17,AAL,16.2500,16.8500,16.1500,16.3600,16.3600,82564026,0.0000
89,2023-02-10,AAL,16.8800,17.4400,16.1400,16.2800,16.2800,90937186,0.0000
90,2023-02-03,AAL,16.2900,17.3199,15.9100,17.0200,17.0200,124038564,0.0000
91,2023-01-27,AAL,16.3900,16.8100,15.7300,16.4300,16.4300,152927049,0.0000
92,2023-01-20,AAL,16.9000,17.6400,16.0100,16.3400,16.3400,130346231,0.0000
93,2023-01-13,AAL,14.2500,17.0700,14.2300,17.0200,17.0200,238540922,0.0000
94,2023-01-06,AAL,12.9100,14.2500,12.5250,14.1800,14.1800,113148568,0.0000
95,2022-12-30,AAL,12.6200,12.8250,12.2500,12.7200,12.7200,78057725,0.0000
96,2022-12-23,AAL,12.8500,13.2200,12.2300,12.7100,12.7100,114571189,0.0000
97,2022-12-16,AAL,13.4900,14.7400,12.5900,12.8100,12.8100,161246959,0.0000
98,2022-12-09,AAL,13.8400,14.3400,13.3800,13.5300,13.5300,119808207,0.0000
99,2022-12-02,AAL,14.3400,14.5693,13.6736,13.9700,13.9700,110587495,0.0000
100,2022-11-25,AAL,14.0200,14.7000,13.3600,14.5000,14.5000,85685693,0.0000
101,2022-11-18,AAL,14.7900,15.1800,13.6800,14.0500,14.0500,134535805,0.0000
102,2022-11-11,AAL,14.3200,15.0750,13.8550,14.8800,14.8800,129993335,0.0000
103,2022-11-04,AAL,14.0300,14.5350,13.2000,14.1100,14.1100,140460544,0.0000
104,2022-10-28,AAL,13.7500,14.4799,13.5850,14.0000,14.0000,140800227,0.0000
105,2022-10-21,AAL,13.5300,14.2800,12.9200,13.7100,13.7100,229202335,0.0000
106,2022-10-14,AAL,12.2000,13.5801,11.7900,13.1100,13.1100,222437614,0.0000
107,2022-10-07,AAL,12.0200,13.0500,11.6514,12.1800,12.1800,185812197,0.0000
108,2022-09-30,AAL,12.1800,12.8000,11.8500,12.0400,12.0400,180749632,0.0000
109,2022-09-23,AAL,13.6000,14.3300,11.8600,12.2100,12.2100,195123128,0.0000
110,2022-09-16,AAL,14.3500,14.6700,13.2700,13.7500,13.7500,145305864,0.0000
111,2022-09-09,AAL,13.1900,14.2500,12.7400,14.1900,14.1900,111159252,0.0000
112,2022-09-02,AAL,13.5100,13.7094,12.5000,12.9900,12.9900,131106875,0.0000
113,2022-08-26,AAL,13.7800,14.5400,13.5900,13.7400,13.7400,113791221,0.0000
114,2022-08-19,AAL,15.2700,15.7100,13.9600,14.1700,14.1700,121249858,0.0000
115,2022-08-12,AAL,14.8700,15.4600,14.3800,15.2500,15.2500,133309949,0.0000
116,2022-08-05,AAL,13.6700,14.9800,13.5150,14.7400,14.7400,135144033,0.0000
117,2022-07-29,AAL,13.6200,14.0350,13.2900,13.7100,13.7100,150828113,0.0000
118,2022-07-22,AAL,14.8300,15.4200,13.6300,13.6800,13.6800,204811316,0.0000
119,2022-07-15,AAL,13.8200,15.0400,13.3100,14.4700,14.4700,215108483,0.0000
120,2022-07-08,AAL,12.8100,14.2700,12.5500,13.9700,13.9700,136199779,0.0000
121,2022-07-01,AAL,13.9550,14.4800,12.2500,13.1300,13.1300,168614354,0.0000
122,2022-06-24,AAL,13.2150,13.9600,12.5800,13.9000,13.9000,146368688,0.0000
123,2022-06-17,AAL,14.1200,14.1600,11.9300,12.9400,12.9400,257911293,0.0000
124,2022-06-10,AAL,16.5300,16.7300,14.7100,14.7100,14.7100,159189127,0.0000
125,2022-06-03,AAL,17.7000,18.2200,16.0900,16.2200,16.2200,133401531,0.0000
126,2022-05-27,AAL,16.4300,18.2100,15.3200,18.1300,18.1300,156919596,0.0000
127,2022-05-20,AAL,16.5000,17.8350,15.8300,16.2600,16.2600,146034150,0.0000
128,2022-05-13,AAL,17.3600,17.5750,15.0900,16.5800,16.5800,180536299,0.0000
129,2022-05-06,AAL,18.7500,19.6400,17.6100,17.8400,17.8400,160021671,0.0000
130,2022-04-29,AAL,19.9750,20.1500,18.4700,18.7700,18.7700,153015712,0.0000
131,2022-04-22,AAL,18.8600,21.4200,18.4700,20.1800,20.1800,234870416,0.0000
132,2022-04-14,AAL,16.5000,19.4900,16.4100,19.0000,19.0000,189760406,0.0000
133,2022-04-08,AAL,18.1600,18.5700,16.3700,16.5900,16.5900,162884814,0.0000
134,2022-04-01,AAL,17.2700,18.4500,16.8200,18.2400,18.2400,175478139,0.0000
135,2022-03-25,AAL,16.5000,17.4400,15.9000,17.0100,17.0100,189605155,0.0000
136,2022-03-18,AAL,14.0400,16.8400,13.7000,16.7500,16.7500,277300557,0.0000
137,2022-03-11,AAL,14.3200,14.7500,12.4401,14.0200,14.0200,371292872,0.0000
138,2022-03-04,AAL,17.0400,17.4250,14.4200,14.5900,14.5900,269597376,0.0000
139,2022-02-25,AAL,17.4400,17.9500,15.4800,17.4600,17.4600,168355619,0.0000
140,2022-02-18,AAL,17.8500,19.1100,17.3500,17.8700,17.8700,174990662,0.0000
141,2022-02-11,AAL,16.6900,19.0800,16.6400,17.6100,17.6100,228788031,0.0000
142,2022-02-04,AAL,15.5500,17.1750,15.4000,16.4500,16.4500,173464482,0.0000
143,2022-01-28,AAL,15.8500,16.9700,14.9050,15.6400,15.6400,236982041,0.0000
144,2022-01-21,AAL,18.2300,18.6100,16.0900,16.3000,16.3000,182095350,0.0000
145,2022-01-14,AAL,19.2400,19.7597,18.3500,18.4900,18.4900,190157662,0.0000
146,2022-01-07,AAL,18.2300,19.5900,18.2000,19.2800,19.2800,168102970,0.0000
147,2021-12-31,AAL,17.6600,18.6400,17.5450,17.9600,17.9600,127578346,0.0000
148,2021-12-23,AAL,16.5000,18.7200,16.4550,18.2600,18.2600,153915090,0.0000
149,2021-12-17,AAL,17.5500,17.6500,16.2750,16.9500,16.9500,184580058,0.0000
150,2021-12-10,AAL,16.9500,18.8700,16.9100,18.0100,18.0100,235319859,0.0000
151,2021-12-03,AAL,18.1500,18.2600,16.1500,16.6200,16.6200,291845009,0.0000
152,2021-11-26,AAL,19.5600,20.1409,16.9000,17.7500,17.7500,169148583,0.0000
153,2021-11-19,AAL,20.4000,20.5650,18.9400,19.2800,19.2800,137123777,0.0000
154,2021-11-12,AAL,22.1900,22.3500,20.0600,20.2900,20.2900,146512508,0.0000
155,2021-11-05,AAL,19.0900,22.0600,18.8745,21.8200,21.8200,168758529,0.0000
156,2021-10-29,AAL,19.1600,19.8150,18.8500,19.2000,19.2000,129386444,0.0000
157,2021-10-22,AAL,19.9200,20.1500,19.0300,19.1500,19.1500,144153593,0.0000
158,2021-10-15,AAL,19.9800,20.5100,19.5300,19.9800,19.9800,124227587,0.0000
159,2021-10-08,AAL,21.9150,22.0800,19.8800,20.0700,20.0700,139970272,0.0000
160,2021-10-01,AAL,21.7700,22.1900,20.3700,21.6500,21.6500,140338904,0.0000
161,2021-09-24,AAL,19.7200,21.6200,19.3363,21.3900,21.3900,208603607,0.0000
162,2021-09-17,AAL,19.1600,20.3200,18.6430,19.7300,19.7300,155884041,0.0000
163,2021-09-10,AAL,19.3600,20.6100,18.9300,18.9500,18.9500,155155631,0.0000
164,2021-09-03,AAL,20.2900,20.3000,19.3200,19.3700,19.3700,110504869,0.0000
165,2021-08-27,AAL,18.8800,20.4400,18.8100,20.2200,20.2200,126525655,0.0000
166,2021-08-20,AAL,19.6310,20.0200,18.2900,18.5000,18.5000,139895937,0.0000
167,2021-08-13,AAL,20.7650,21.4900,19.7500,19.8400,19.8400,164355902,0.0000
168,2021-08-06,AAL,20.4900,21.2200,19.3100,21.0200,21.0200,165721104,0.0000
169,2021-07-30,AAL,21.0300,22.1550,20.2400,20.3800,20.3800,132311598,0.0000
170,2021-07-23,AAL,18.8300,21.6900,18.2800,21.2000,21.2000,230971513,0.0000
171,2021-07-16,AAL,20.7200,21.5700,19.7200,19.7900,19.7900,175584146,0.0000
172,2021-07-09,AAL,21.5000,21.7900,19.6550,20.8900,20.8900,105303711,0.0000
173,2021-07-02,AAL,22.0900,22.0900,20.9400,21.4800,21.4800,146777714,0.0000
174,2021-06-25,AAL,22.3178,22.5450,21.8450,22.2200,22.2200,108212016,0.0000
175,2021-06-18,AAL,23.4900,23.7400,21.8250,22.2900,22.2900,122665391,0.0000
176,2021-06-11,AAL,24.4900,24.7712,23.2600,23.5300,23.5300,120924209,0.0000
177,2021-06-04,AAL,24.6800,26.0400,24.2550,24.3000,24.3000,161420829,0.0000
178,2021-05-28,AAL,22.8500,24.8200,22.3500,24.2400,24.2400,173586410,0.0000
179,2021-05-21,AAL,22.3200,23.9400,22.1000,22.5700,22.5700,173789695,0.0000
180,2021-05-14,AAL,22.2300,22.5400,20.6200,22.4000,22.4000,179014339,0.0000
181,2021-05-07,AAL,21.8700,22.1900,20.9400,22.0000,22.0000,149297295,0.0000
182,2021-04-30,AAL,21.5200,22.1500,21.0750,21.7200,21.7200,159728037,0.0000
183,2021-04-23,AAL,21.9700,21.9850,19.6400,21.1100,21.1100,246381037,0.0000
184,2021-04-16,AAL,23.2320,23.3500,21.6600,22.0300,22.0300,166258935,0.0000
185,2021-04-09,AAL,24.4600,24.8500,22.6300,23.5400,23.5400,142463182,0.0000
186,2021-04-01,AAL,23.1600,24.2250,22.3950,23.8600,23.8600,126204514,0.0000
187,2021-03-26,AAL,24.6200,24.7000,21.0200,22.9300,22.9300,229389953,0.0000
188,2021-03-19,AAL,24.5500,26.0900,23.8800,24.9700,24.9700,283427557,0.0000
189,2021-03-12,AAL,20.7800,23.5400,20.6500,23.3700,23.3700,218084788,0.0000
190,2021-03-05,AAL,21.7500,22.5900,18.9400,20.4500,20.4500,246573575,0.0000
191,2021-02-26,AAL,19.8400,22.4400,18.7400,20.9400,20.9400,359049712,0.0000
192,2021-02-19,AAL,17.6300,18.8300,17.4500,18.6800,18.6800,143995899,0.0000
193,2021-02-12,AAL,17.3200,18.0900,16.7900,17.2700,17.2700,168313198,0.0000
194,2021-02-05,AAL,17.2500,17.7200,16.3300,17.1900,17.1900,218258020,0.0000
195,2021-01-29,AAL,15.5200,21.7700,15.0200,17.1700,17.1700,717716961,0.0000
196,2021-01-22,AAL,15.9900,16.3900,15.4600,15.8200,15.8200,171947847,0.0000
197,2021-01-15,AAL,14.8200,16.6000,14.7100,15.7600,15.7600,263686872,0.0000
198,2021-01-08,AAL,15.8500,15.8800,14.8700,15.1300,15.1300,290652850,0.0000
199,2020-12-31,AAL,15.9700,16.4600,15.6250,15.7700,15.7700,219210952,0.0000
200,2020-12-24,AAL,15.7700,16.3800,15.4500,15.6600,15.6600,256335652,0.0000
201,2020-12-18,AAL,17.5200,17.8100,16.1600,16.5100,16.5100,360758660,0.0000
202,2020-12-11,AAL,16.5400,18.6300,16.4700,17.0500,17.0500,584948054,0.0000
203,2020-12-04,AAL,14.9200,16.9300,13.8500,16.4000,16.4000,535662724,0.0000
204,2020-11-27,AAL,12.7500,15.5600,12.6900,14.9800,14.9800,421527447,0.0000
205,2020-11-20,AAL,12.8700,13.3600,12.2300,12.5300,12.5300,384207739,0.0000
206,2020-11-13,AAL,14.3300,14.4100,11.6500,12.2400,12.2400,572717028,0.0000
207,2020-11-06,AAL,11.3200,11.6700,10.8700,11.4600,11.4600,221745558,0.0000
208,2020-10-30,AAL,12.3900,12.4500,10.6300,11.2800,11.2800,310971763,0.0000
209,2020-10-23,AAL,12.6400,13.2900,12.4200,12.6000,12.6000,316389894,0.0000
210,2020-10-16,AAL,13.1400,13.1700,11.9700,12.4600,12.4600,207365756,0.0000
211,2020-10-09,AAL,13.0900,13.6800,12.4600,13.2000,13.2000,354124742,0.0000
212,2020-10-02,AAL,12.7400,13.3500,12.0000,13.0000,13.0000,336921174,0.0000
213,2020-09-25,AAL,12.8200,12.9800,11.2200,12.2900,12.2900,231837620,0.0000
214,2020-09-18,AAL,13.0200,14.0800,12.9000,13.1900,13.1900,260874770,0.0000
215,2020-09-11,AAL,13.3600,14.1600,12.6800,12.9500,12.9500,248011466,0.0000
216,2020-09-04,AAL,13.6000,14.0700,12.6600,13.6100,13.6100,329121971,0.0000
217,2020-08-28,AAL,12.4400,14.2600,12.2700,13.5900,13.5900,389147970,0.0000
218,2020-08-21,AAL,13.3200,13.4400,12.0900,12.1600,12.1600,226073951,0.0000
219,2020-08-14,AAL,13.2900,15.1000,13.0100,13.3300,13.3300,420035251,0.0000
220,2020-08-07,AAL,11.0700,13.2900,10.7100,13.0300,13.0300,414773687,0.0000
221,2020-07-31,AAL,11.4800,11.9950,10.8000,11.1200,11.1200,276383479,0.0000
222,2020-07-24,AAL,11.9300,12.5100,11.0100,11.3900,11.3900,338590285,0.0000
223,2020-07-17,AAL,12.1300,13.4800,11.2200,11.9100,11.9100,402594320,0.0000
224,2020-07-10,AAL,12.8000,12.9200,10.9800,11.9400,11.9400,410225220,0.0000
225,2020-07-02,AAL,12.5700,14.2900,12.0200,12.5000,12.5000,387958519,0.0000
226,2020-06-26,AAL,14.9000,15.5200,12.1300,12.3800,12.3800,690188703,0.0000
227,2020-06-19,AAL,15.2700,18.4400,15.0800,16.0000,16.0000,478566013,0.0000
228,2020-06-12,AAL,19.8600,20.3600,14.0700,16.7400,16.7400,735928510,0.0000
229,2020-06-05,AAL,10.7900,22.8000,10.6200,18.5900,18.5900,1014565205,0.0000
230,2020-05-29,AAL,10.2700,12.5500,10.2500,10.5000,10.5000,330897885,0.0000
231,2020-05-22,AAL,9.6200,10.1900,9.3600,9.7000,9.7000,266256092,0.0000
232,2020-05-15,AAL,9.9200,10.2500,8.2500,9.0400,9.0400,276124776,0.0000
233,2020-05-08,AAL,9.4100,10.3800,9.0900,10.1400,10.1400,402981683,0.0000
234,2020-05-01,AAL,10.5300,12.8900,10.0000,10.6400,10.6400,490053987,0.0000
235,2020-04-24,AAL,11.1500,11.3500,9.9000,10.3100,10.3100,307020721,0.0000
236,2020-04-17,AAL,12.9000,12.9500,11.0500,11.5700,11.5700,411051422,0.0000
237,2020-04-09,AAL,9.7200,13.4000,9.1100,12.5100,12.5100,432644788,0.0000
238,2020-04-03,AAL,13.2000,13.2200,9.0900,9.3900,9.3900,304776127,0.0000
239,2020-03-27,AAL,10.9000,17.2400,10.0100,14.0400,14.0400,380186445,0.0000
240,2020-03-20,AAL,12.4065,18.4900,10.0100,10.3800,10.3800,355697707,0.0000
241,2020-03-13,AAL,14.8700,17.6700,13.1200,14.3100,14.3100,255653544,0.0000
242,2020-03-06,AAL,19.0500,19.7900,14.8000,15.9700,15.9700,217664310,0.0000
243,2020-02-28,AAL,25.9800,26.1100,18.7700,19.0500,19.0500,132705182,0.0000
244,2020-02-21,AAL,29.0400,29.3450,27.1700,27.8200,27.8200,40237401,0.0000
245,2020-02-14,AAL,28.1900,30.7800,27.9800,29.2000,29.2000,48071678,0.0000
246,2020-02-07,AAL,26.9300,29.4498,26.7400,28.3800,28.3800,41992033,0.1000
247,2020-01-31,AAL,26.5700,27.7900,25.3700,26.8400,26.7459,64320793,0.0000
248,2020-01-24,AAL,27.9700,28.9900,26.0400,27.6400,27.5431,69781498,0.0000
249,2020-01-17,AAL,27.3200,28.7200,27.1550,28.4000,28.3005,34244608,0.0000
250,2020-01-10,AAL,27.1900,28.2300,27.0600,27.3200,27.2242,37812505,0.0000
251,2020-01-03,AAL,28.5000,29.2950,27.3400,27.6500,27.5531,29633641,0.0000
252,2019-12-27,AAL,29.2500,29.8092,28.3600,28.4400,28.3403,24832010,0.0000
253,2019-12-20,AAL,27.6200,29.0500,27.6000,29.0400,28.9382,36130888,0.0000
254,2019-12-13,AAL,27.6200,28.1300,26.6800,27.4800,27.3837,33127344,0.0000
255,2019-12-06,AAL,28.7900,28.9938,26.9600,27.7250,27.6278,30550564,0.0000
256,2019-11-29,AAL,28.8000,29.3300,28.5650,28.7400,28.6393,17474466,0.0000
257,2019-11-22,AAL,28.6400,29.3800,27.8400,28.6800,28.5795,32171640,0.0000
258,2019-11-15,AAL,30.5400,30.7500,28.4600,28.8600,28.7588,28898980,0.0000
259,2019-11-08,AAL,30.7100,31.5800,29.9600,30.7600,30.6522,28354547,0.1000
260,2019-11-01,AAL,31.0000,31.6700,29.4600,30.5600,30.3555,44510015,0.0000
261,2019-10-25,AAL,28.5100,30.8900,27.8150,30.8600,30.6535,55076424,0.0000
262,2019-10-18,AAL,27.3700,28.8100,27.1400,28.2200,28.0312,28990879,0.0000
263,2019-10-11,AAL,25.8000,28.0200,25.4500,27.3550,27.1720,37745246,0.0000
264,2019-10-04,AAL,27.3500,27.6600,24.5100,25.8300,25.6572,41082775,0.0000
265,2019-09-27,AAL,27.7100,27.8800,26.7650,27.0100,26.8293,27449319,0.0000
266,2019-09-20,AAL,28.5600,29.2500,27.7000,27.9900,27.8027,46519014,0.0000
267,2019-09-13,AAL,27.7900,30.3400,27.7100,29.9500,29.7496,38722237,0.0000
268,2019-09-06,AAL,26.1600,28.2300,25.9500,27.7900,27.6041,24439047,0.0000
269,2019-08-30,AAL,25.9000,26.8300,24.2300,26.3100,26.1340,35600233,0.0000
270,2019-08-23,AAL,26.2000,26.9800,25.3500,25.4200,25.2499,37792250,0.0000
271,2019-08-16,AAL,28.5000,28.5100,25.1400,25.7900,25.6174,50115049,0.0000
272,2019-08-09,AAL,28.9700,29.3900,27.8200,28.7800,28.5874,30790321,0.1000
273,2019-08-02,AAL,30.9700,31.1862,29.0715,29.4500,29.1502,33012375,0.0000
274,2019-07-26,AAL,33.2200,34.9900,31.1600,31.2400,30.9219,36872589,0.0000
275,2019-07-19,AAL,33.6700,34.6700,33.0600,33.0800,32.7432,23018122,0.0000
276,2019-07-12,AAL,31.9900,33.9000,31.9300,33.7800,33.4361,31504207,0.0000
277,2019-07-05,AAL,33.1400,33.6632,31.9500,32.4600,32.1295,19094298,0.0000
278,2019-06-28,AAL,31.5700,32.7300,31.0650,32.6100,32.2780,28552404,0.0000
279,2019-06-21,AAL,32.1000,33.8100,31.5100,31.5700,31.2486,29196702,0.0000
280,2019-06-14,AAL,31.1500,33.3200,30.4500,32.6800,32.3473,31081417,0.0000
281,2019-06-07,AAL,27.1200,31.1500,27.0200,30.9200,30.6052,36079617,0.0000
282,2019-05-31,AAL,29.2600,29.3200,27.1050,27.2300,26.9528,26786374,0.0000
283,2019-05-24,AAL,30.6500,31.6350,28.9800,29.1700,28.8730,39910679,0.0000
284,2019-05-17,AAL,33.1600,33.2000,31.5500,31.7400,31.4169,26555083,0.0000
285,2019-05-10,AAL,34.2500,34.7700,32.9410,33.9900,33.6439,24938752,0.1000
286,2019-05-03,AAL,33.5100,34.9000,33.3100,34.7900,34.3346,26246459,0.0000
287,2019-04-26,AAL,34.1000,34.4900,32.1000,33.0600,32.6272,26733778,0.0000
288,2019-04-18,AAL,34.6500,35.2400,33.5900,34.3700,33.9200,17979587,0.0000
289,2019-04-12,AAL,33.6400,35.2350,32.6000,34.6900,34.2359,33461630,0.0000
290,2019-04-05,AAL,31.9800,34.4000,31.7000,34.0600,33.6141,39248734,0.0000
291,2019-03-29,AAL,30.5300,31.8850,29.9700,31.7600,31.3442,29830307,0.0000
292,2019-03-22,AAL,31.5000,32.1200,30.5300,30.5700,30.1698,33121434,0.0000
293,2019-03-15,AAL,31.6400,32.4700,30.8800,31.4300,31.0185,47023959,0.0000
294,2019-03-08,AAL,34.7600,34.8900,31.3700,31.9100,31.4923,34137685,0.0000
295,2019-03-01,AAL,35.7500,36.7250,34.3700,34.6400,34.1865,40873741,0.0000
296,2019-02-22,AAL,35.0300,35.9000,34.7700,35.4900,35.0254,24700390,0.0000
297,2019-02-15,AAL,36.0800,37.1700,34.9600,35.0500,34.5911,33195571,0.0000
298,2019-02-08,AAL,36.1600,37.2300,35.3900,36.0000,35.5287,31725879,0.1000
299,2019-02-01,AAL,34.5300,37.0800,34.5000,36.1100,35.5410,45342230,0.0000
300,2019-01-25,AAL,33.7600,35.5000,31.3900,34.9800,34.4288,60381056,0.0000
301,2019-01-18,AAL,31.4000,34.0400,30.7000,33.9700,33.4348,34398398,0.0000
302,2019-01-11,AAL,31.9900,33.6500,29.7800,31.8000,31.2989,47924522,0.0000
303,2019-01-04,AAL,32.0900,32.6500,28.8100,32.0400,31.5352,36755748,0.0000
304,2018-12-28,AAL,30.5100,32.6000,29.5900,31.8300,31.3285,28654450,0.0000
305,2018-12-21,AAL,32.3000,33.9800,30.6500,30.7800,30.2950,46116449,0.0000
306,2018-12-14,AAL,33.6700,34.8100,32.0800,32.4100,31.8993,43093404,0.0000
307,2018-12-07,AAL,40.5700,40.5800,33.3800,33.5700,33.0411,42651786,0.0000
308,2018-11-30,AAL,38.3000,40.2000,37.7001,40.1600,39.5272,39214180,0.0000
309,2018-11-23,AAL,36.7600,38.2700,34.8600,37.9500,37.3520,31303615,0.0000
310,2018-11-16,AAL,36.3100,38.5900,35.7777,36.7500,36.1709,45286194,0.0000
311,2018-11-09,AAL,36.3500,37.3900,34.8399,36.2200,35.6493,47265463,0.1000
312,2018-11-02,AAL,33.1400,37.4600,31.9500,36.3300,35.6577,53288151,0.0000
313,2018-10-26,AAL,32.2700,33.3300,30.2400,32.4600,31.8594,65202379,0.0000
314,2018-10-19,AAL,31.0000,35.4000,30.8200,32.0400,31.4471,60723760,0.0000
315,2018-10-12,AAL,36.4400,36.8500,30.7500,30.9100,30.3380,78101951,0.0000
316,2018-10-05,AAL,41.4100,41.7500,36.2100,36.4400,35.7657,36252587,0.0000
317,2018-09-28,AAL,43.2700,43.3000,40.2700,41.3300,40.5652,29158134,0.0000
318,2018-09-21,AAL,39.7000,43.8900,39.6500,43.6000,42.7932,35643500,0.0000
319,2018-09-14,AAL,38.6600,40.4010,38.4900,39.7400,39.0046,23042778,0.0000
320,2018-09-07,AAL,40.3200,41.3700,38.1500,38.4300,37.7189,28655391,0.0000
321,2018-08-31,AAL,39.0200,41.0400,39.0200,40.4800,39.7309,30878752,0.0000
322,2018-08-24,AAL,38.0400,40.7100,37.9900,38.8200,38.1017,29207823,0.0000
323,2018-08-17,AAL,37.2900,38.4550,36.4150,37.7900,37.0907,25766817,0.0000
324,2018-08-10,AAL,38.2600,38.8600,36.4450,37.2600,36.5705,24844360,0.1000
325,2018-08-03,AAL,39.8800,40.2900,37.3500,38.4200,37.6111,28483890,0.0000
326,2018-07-27,AAL,37.6500,40.8590,37.0400,39.6900,38.8544,39727858,0.0000
327,2018-07-20,AAL,37.2600,39.2000,36.9300,37.8800,37.0825,32218913,0.0000
328,2018-07-13,AAL,38.2100,39.4100,35.6400,37.1200,36.3385,57403063,0.0000
329,2018-07-06,AAL,37.7400,38.3950,36.7600,38.0900,37.2881,18885231,0.0000
330,2018-06-29,AAL,41.0900,41.2700,37.0600,37.9600,37.1608,34497226,0.0000
331,2018-06-22,AAL,42.6300,42.6800,41.0200,41.3500,40.4795,30018438,0.0000
332,2018-06-15,AAL,43.2500,44.9300,42.3200,42.7700,41.8696,28685666,0.0000
333,2018-06-08,AAL,44.0400,45.0213,42.8800,43.1100,42.2024,27164996,0.0000
334,2018-06-01,AAL,44.6000,45.1500,42.6600,44.0000,43.0737,24002024,0.0000
335,2018-05-25,AAL,43.7400,45.8200,42.2700,44.9100,43.9645,26111159,0.0000
336,2018-05-18,AAL,42.7500,44.9100,41.6000,43.3800,42.4667,28154869,0.0000
337,2018-05-11,AAL,42.9200,44.0100,41.4700,42.6000,41.7031,35369474,0.1000
338,2018-05-04,AAL,43.5000,43.8100,41.5400,42.8600,41.8590,28369954,0.0000
339,2018-04-27,AAL,46.8500,47.1900,40.6500,43.4000,42.3864,43496176,0.0000
340,2018-04-20,AAL,46.1300,48.3800,45.6200,46.7800,45.6875,31752173,0.0000
341,2018-04-13,AAL,50.5000,50.8600,45.3700,45.8700,44.7987,39563392,0.0000
342,2018-04-06,AAL,51.7700,53.0800,48.9600,50.2900,49.1155,19367651,0.0000
343,2018-03-29,AAL,51.9400,52.4301,50.0500,51.9600,50.7465,13242360,0.0000
344,2018-03-23,AAL,55.3300,55.7000,50.9900,51.0100,49.8187,19689594,0.0000
345,2018-03-16,AAL,56.2600,57.4400,54.9300,55.4000,54.1062,19203629,0.0000
346,2018-03-09,AAL,52.9000,56.0800,52.6900,56.0700,54.7605,19052908,0.0000
347,2018-03-02,AAL,53.9900,55.6000,51.8700,53.1800,51.9380,24605911,0.0000
348,2018-02-23,AAL,51.2300,53.8600,51.1000,53.3900,52.1431,16466873,0.0000
349,2018-02-16,AAL,48.7900,52.2050,48.6500,51.5800,50.3754,21078114,0.0000
350,2018-02-09,AAL,51.9900,52.3900,46.3300,48.3600,47.2306,28822078,0.1000
351,2018-02-02,AAL,52.7900,54.7100,52.0300,52.1000,50.7812,24791828,0.0000
352,2018-01-26,AAL,57.9900,58.4600,52.2100,53.0700,51.7266,40008865,0.0000
353,2018-01-19,AAL,58.7900,59.0800,57.5300,58.0600,56.5903,15375537,0.0000
354,2018-01-12,AAL,52.6000,58.7300,51.9300,58.4700,56.9900,33304037,0.0000
355,2018-01-05,AAL,52.3300,54.4000,51.9000,52.6500,51.3173,15629506,0.0000
356,2017-12-29,AAL,52.3500,53.2150,52.0100,52.0300,50.7130,9799923,0.0000
357,2017-12-22,AAL,51.2500,53.4700,51.1700,52.5900,51.2588,20672741,0.0000
358,2017-12-15,AAL,50.7800,51.5900,49.8500,51.0600,49.7675,20748717,0.0000
359,2017-12-08,AAL,50.1000,51.7900,49.1900,51.0200,49.7285,20268704,0.0000
360,2017-12-01,AAL,48.6100,51.1600,48.2000,49.0000,47.7597,26378234,0.0000
361,2017-11-24,AAL,47.3300,48.9700,47.1200,48.5600,47.3308,8429483,0.0000
362,2017-11-17,AAL,45.6300,48.0600,45.2700,47.3900,46.1904,15512825,0.0000
363,2017-11-10,AAL,47.4600,48.1000,45.3600,45.8200,44.6602,17082427,0.1000
364,2017-11-03,AAL,47.6500,48.2000,46.7900,47.4500,46.1482,20621885,0.0000
365,2017-10-27,AAL,51.9200,53.1900,47.3300,47.5600,46.2552,32237829,0.0000
366,2017-10-20,AAL,52.5200,52.8200,49.6332,51.9300,50.5053,20454137,0.0000
367,2017-10-13,AAL,51.2300,53.7400,50.4000,52.7000,51.2541,24316549,0.0000
368,2017-10-06,AAL,47.5200,51.6700,47.2200,51.3000,49.8926,30548098,0.0000
369,2017-09-29,AAL,46.9800,48.6000,46.6301,47.4900,46.1871,30133878,0.0000
370,2017-09-22,AAL,46.0200,47.4600,44.0300,47.0600,45.7689,27082851,0.0000
371,2017-09-15,AAL,44.0100,47.5800,44.0000,46.0000,44.7380,41343536,0.0000
372,2017-09-08,AAL,44.7900,45.2800,42.6066,43.6000,42.4038,26820687,0.0000
373,2017-09-01,AAL,45.2300,45.4700,43.8900,45.3100,44.0669,25866289,0.0000
374,2017-08-25,AAL,45.7300,46.0900,42.6700,45.2500,44.0085,35064289,0.0000
375,2017-08-18,AAL,48.8600,49.1700,45.4400,45.5500,44.3003,26502589,0.0000
376,2017-08-11,AAL,50.8200,51.1300,47.4400,48.3500,47.0235,23139054,0.1000
377,2017-08-04,AAL,50.8500,52.0000,49.9000,50.8000,49.3047,21643083,0.0000
378,2017-07-28,AAL,51.7900,52.0300,48.7300,50.4900,49.0038,33108519,0.0000
379,2017-07-21,AAL,54.2100,54.2800,51.4500,51.9100,50.3820,22728186,0.0000
380,2017-07-14,AAL,52.9800,54.4800,51.4700,54.2200,52.6241,27028591,0.0000
381,2017-07-07,AAL,50.7800,53.3800,50.1800,53.0300,51.4691,21429553,0.0000
382,2017-06-30,AAL,48.8100,50.5100,48.5000,50.3200,48.8388,25093638,0.0000
383,2017-06-23,AAL,49.1300,50.5600,48.0100,48.6300,47.1986,31553558,0.0000
384,2017-06-16,AAL,50.1000,50.2200,48.1000,48.7900,47.3539,28495839,0.0000
385,2017-06-09,AAL,49.5300,51.9500,48.8000,50.2700,48.7903,30221827,0.0000
386,2017-06-02,AAL,48.3200,50.4700,47.5300,49.5200,48.0624,21781654,0.0000
387,2017-05-26,AAL,45.3300,48.8200,45.3300,48.7400,47.3054,22616195,0.0000
388,2017-05-19,AAL,45.7000,47.1329,44.3800,45.2200,43.8890,30301765,0.0000
389,2017-05-12,AAL,44.6000,47.7800,44.5150,45.8300,44.4810,34289016,0.1000
390,2017-05-05,AAL,42.7600,44.5200,42.0100,44.5100,43.1058,32860629,0.0000
391,2017-04-28,AAL,45.5000,47.3900,42.4100,42.6200,41.2754,50294231,0.0000
392,2017-04-21,AAL,43.4700,45.5000,43.3600,45.1500,43.7256,27438292,0.0000
393,2017-04-13,AAL,41.8100,45.3500,41.6200,43.3500,41.9824,30416173,0.0000
394,2017-04-07,AAL,42.3300,42.5700,40.8200,41.8100,40.4910,27796663,0.0000
395,2017-03-31,AAL,41.0700,42.9400,40.5600,42.3000,40.9655,26677123,0.0000
396,2017-03-24,AAL,42.1800,42.4150,39.2100,41.7300,40.4135,40224718,0.0000
397,2017-03-17,AAL,43.7300,44.1200,40.2099,41.7200,40.4038,50321010,0.0000
398,2017-03-10,AAL,46.4100,46.6800,42.9700,43.9000,42.5151,37595444,0.0000
399,2017-03-03,AAL,46.1800,48.1350,45.6400,46.8200,45.3429,32195323,0.0000
400,2017-02-24,AAL,47.0100,47.3200,45.5800,46.2800,44.8200,20208252,0.0000
401,2017-02-17,AAL,46.5600,48.0500,46.4300,46.9100,45.4301,31088462,0.0000
402,2017-02-10,AAL,44.8000,46.7000,44.5100,46.4500,44.9846,28076897,0.1000
403,2017-02-03,AAL,45.6200,45.9200,43.5700,44.2000,42.7133,50426986,0.0000
404,2017-01-27,AAL,47.9000,50.0000,46.7200,46.9500,45.3708,44093774,0.0000
405,2017-01-20,AAL,47.5600,48.1600,46.6500,48.0000,46.3855,19868426,0.0000
406,2017-01-13,AAL,46.0100,49.9000,45.7800,47.6500,46.0473,28138754,0.0000
407,2017-01-06,AAL,47.2800,47.4350,45.4700,46.2100,44.6557,26682869,0.0000
408,2016-12-30,AAL,48.2900,48.9200,46.4700,46.6900,45.1196,15155755,0.0000
409,2016-12-23,AAL,47.8900,49.9000,47.7400,48.4800,46.8494,19906724,0.0000
410,2016-12-16,AAL,49.1600,49.9500,47.4400,47.6300,46.0280,36915640,0.0000
411,2016-12-09,AAL,46.4500,50.6400,45.5800,49.6400,47.9704,36892019,0.0000
412,2016-12-02,AAL,46.6400,47.1400,45.4200,46.1000,44.5494,34099586,0.0000
413,2016-11-25,AAL,46.4600,46.9500,45.7000,46.8200,45.2452,20019877,0.0000
414,2016-11-18,AAL,43.0100,46.4900,42.9800,46.2600,44.7040,43460953,0.0000
415,2016-11-11,AAL,40.3900,43.3900,40.3100,42.9300,41.4861,37742047,0.0000
416,2016-11-04,AAL,40.3100,40.8500,39.2400,39.7400,38.4033,32988248,0.1000
417,2016-10-28,AAL,40.2500,40.5700,38.2100,40.0600,38.6145,35852138,0.0000
418,2016-10-21,AAL,38.6600,40.9300,38.3700,39.9000,38.4603,53581734,0.0000
419,2016-10-14,AAL,37.9500,39.9900,36.8010,38.6500,37.2554,48029084,0.0000
420,2016-10-07,AAL,36.4600,38.7800,36.3300,37.7300,36.3686,32951773,0.0000
421,2016-09-30,AAL,35.1900,36.9900,34.8600,36.6100,35.2890,32326657,0.0000
422,2016-09-23,AAL,35.6600,36.1100,33.9000,35.5500,34.2673,34538980,0.0000
423,2016-09-16,AAL,37.2200,38.3800,35.4700,35.4900,34.2094,47913073,0.0000
424,2016-09-09,AAL,36.4500,39.5200,36.3600,38.4900,37.1012,35001863,0.0000
425,2016-09-02,AAL,36.1300,37.3550,35.3500,36.5300,35.2119,44751501,0.0000
426,2016-08-26,AAL,36.3300,36.9900,35.8600,36.2300,34.9227,28241819,0.0000
427,2016-08-19,AAL,34.9600,36.7900,34.9000,36.4900,35.1733,36492550,0.0000
428,2016-08-12,AAL,34.2200,35.5000,33.7400,34.9200,33.6600,34058743,0.0000
429,2016-08-05,AAL,35.5400,35.7500,33.0000,34.4400,33.1973,50235498,0.1000
430,2016-07-29,AAL,36.3500,36.7390,35.5000,35.5000,34.1172,40727237,0.0000
431,2016-07-22,AAL,36.0300,36.7250,34.4400,36.3600,34.9437,60795963,0.0000
432,2016-07-15,AAL,30.2300,36.1900,30.2200,35.8900,34.4920,79806687,0.0000
433,2016-07-08,AAL,29.0900,30.2766,27.1200,30.0400,28.8698,53663644,0.0000
434,2016-07-01,AAL,26.8500,29.5200,24.8500,29.3300,28.1875,82633121,0.0000
435,2016-06-24,AAL,29.7500,30.4900,27.0400,27.0500,25.9963,69147996,0.0000
436,2016-06-17,AAL,32.9900,32.9900,28.8500,29.3400,28.1971,64719291,0.0000
437,2016-06-10,AAL,30.7700,33.5800,30.3800,33.1400,31.8491,45373405,0.0000
438,2016-06-03,AAL,31.7500,32.2600,30.3700,30.8100,29.6099,35272409,0.0000
439,2016-05-27,AAL,32.0300,32.9000,31.3700,31.6500,30.4171,36660866,0.0000
440,2016-05-20,AAL,31.8100,33.3600,30.9900,32.0100,30.7631,50990788,0.0000
441,2016-05-13,AAL,33.0300,34.0400,31.0800,31.5100,30.2826,49946213,0.0000
442,2016-05-06,AAL,34.9900,35.1650,32.1900,33.0300,31.7434,57271696,0.1000
443,2016-04-29,AAL,38.1600,38.4000,34.1000,34.6900,33.2422,67311888,0.0000
444,2016-04-22,AAL,41.1800,41.7600,37.0100,38.2100,36.6153,48636682,0.0000
445,2016-04-15,AAL,38.7900,41.6600,38.6700,40.9100,39.2026,43967583,0.0000
446,2016-04-08,AAL,39.8100,40.2400,37.9100,38.5000,36.8931,35424078,0.0000
447,2016-04-01,AAL,41.0000,42.0699,39.2700,39.5200,37.8706,38655805,0.0000
448,2016-03-24,AAL,43.3200,43.7800,40.1900,40.5000,38.8097,33576496,0.0000
449,2016-03-18,AAL,42.3100,43.5300,41.5903,43.4400,41.6270,33512891,0.0000
450,2016-03-11,AAL,41.3100,42.5000,40.0500,42.4700,40.6975,35328518,0.0000
451,2016-03-04,AAL,40.7700,42.2400,40.5000,41.6300,39.8925,39877754,0.0000
452,2016-02-26,AAL,40.1400,41.6000,39.3900,40.8700,39.1642,36936863,0.0000
453,2016-02-19,AAL,38.1300,40.0700,37.5300,39.7600,38.1006,36238182,0.0000
454,2016-02-12,AAL,36.0800,37.9800,34.7600,37.8200,36.2415,49588092,0.1000
455,2016-02-05,AAL,39.0000,39.9400,35.7550,36.7500,35.1174,55488486,0.0000
456,2016-01-29,AAL,40.0200,40.8700,36.5982,38.9900,37.2579,66467897,0.0000
457,2016-01-22,AAL,39.5900,40.7200,36.2000,40.1600,38.3759,43623731,0.0000
458,2016-01-15,AAL,40.5600,42.7400,38.3700,38.7600,37.0381,71913378,0.0000
459,2016-01-08,AAL,41.2900,41.7000,39.6800,40.3700,38.5766,55111067,0.0000
460,2015-12-31,AAL,43.6200,44.0400,41.8300,42.3500,40.4686,20432347,0.0000
461,2015-12-24,AAL,41.3500,44.1900,41.3500,43.8100,41.8638,21702949,0.0000
462,2015-12-18,AAL,42.2600,43.9500,40.7000,41.0900,39.2646,50761342,0.0000
463,2015-12-11,AAL,45.3500,46.4900,42.0600,42.0900,40.2202,44147219,0.0000
464,2015-12-04,AAL,41.7500,44.9900,40.9800,44.9700,42.9722,40070259,0.0000
465,2015-11-27,AAL,42.1100,42.7400,40.4500,41.6900,39.8379,19087447,0.0000
466,2015-11-20,AAL,42.4100,43.4600,41.0100,42.2000,40.3253,43053377,0.0000
467,2015-11-13,AAL,45.1700,45.2100,43.1200,43.4500,41.5198,31004118,0.0000
468,2015-11-06,AAL,46.2000,47.0900,45.0300,45.3400,43.3258,38789036,0.1000
469,2015-10-30,AAL,45.3600,46.7700,44.9900,46.2200,44.0719,39304150,0.0000
470,2015-10-23,AAL,43.8300,46.4200,43.6200,45.6700,43.5475,58212617,0.0000
471,2015-10-16,AAL,42.5900,44.5000,42.5200,43.7100,41.6786,55577699,0.0000
472,2015-10-09,AAL,38.9000,42.4900,37.7600,42.4200,40.4485,58111204,0.0000
473,2015-10-02,AAL,39.8700,40.1800,37.4200,38.6300,36.8347,54096675,0.0000
474,2015-09-25,AAL,43.7200,44.0050,39.9150,40.2400,38.3698,45451896,0.0000
475,2015-09-18,AAL,42.1700,44.5900,41.8400,43.4900,41.4688,47357491,0.0000
476,2015-09-11,AAL,41.2800,42.1800,40.6268,42.1500,40.1911,41112819,0.0000
477,2015-09-04,AAL,38.6300,41.9100,38.5000,40.6000,38.7131,67413048,0.0000
478,2015-08-28,AAL,36.0000,39.8999,34.1000,38.6200,36.8251,73731475,0.0000
479,2015-08-21,AAL,42.9600,44.4500,39.7500,39.7500,37.9026,48223812,0.0000
480,2015-08-14,AAL,41.7500,43.4200,40.6800,42.8800,40.8872,39137663,0.0000
481,2015-08-07,AAL,40.2400,43.4500,40.2100,41.4900,39.5618,43165882,0.1000
482,2015-07-31,AAL,39.6300,41.3800,38.9000,40.1000,38.1459,39870561,0.0000
483,2015-07-24,AAL,41.5500,43.8100,39.6200,39.6300,37.6988,59981261,0.0000
484,2015-07-17,AAL,41.9600,42.7200,40.3900,41.4000,39.3826,64548509,0.0000
485,2015-07-10,AAL,39.0900,41.6400,39.0800,41.2100,39.2018,55669223,0.0000
486,2015-07-02,AAL,40.7700,41.3200,37.8000,39.0300,37.1281,64823307,0.0000
487,2015-06-26,AAL,42.9200,43.4200,41.3300,41.4400,39.4206,50712061,0.0000
488,2015-06-19,AAL,40.3500,41.8900,38.9100,41.5600,39.5348,58455133,0.0000
489,2015-06-12,AAL,41.0700,41.2600,38.4500,40.7050,38.7214,88965056,0.0000
490,2015-06-05,AAL,42.6100,44.3800,41.7100,41.7200,39.6870,74101752,0.0000
491,2015-05-29,AAL,43.0500,43.0900,41.3200,42.3700,40.3053,52973851,0.0000
492,2015-05-22,AAL,48.5600,49.6800,42.0200,42.6100,40.5336,112606377,0.0000
493,2015-05-15,AAL,49.0000,50.3000,48.4000,48.6650,46.2935,38040837,0.0000
494,2015-05-08,AAL,49.4100,50.0800,46.1500,49.0400,46.6503,44997374,0.0000
495,2015-05-01,AAL,52.6800,52.6800,47.6600,49.3900,46.9832,54614295,0.1000
496,2015-04-24,AAL,48.6100,53.4700,47.9100,52.7050,50.0331,57776951,0.0000
497,2015-04-17,AAL,47.4700,48.9100,46.8800,48.1900,45.7469,44891002,0.0000
498,2015-04-10,AAL,48.3500,49.4800,47.4900,47.7300,45.3103,57186151,0.0000
499,2015-04-02,AAL,53.2400,53.8400,49.1500,49.1750,46.6820,45854980,0.0000
500,2015-03-27,AAL,55.4700,55.9300,50.2500,52.6600,49.9903,68467366,0.0000
501,2015-03-20,AAL,49.7700,56.0500,49.4500,55.7600,52.9332,230725517,0.0000
502,2015-03-13,AAL,48.0500,49.4900,46.4700,49.2200,46.7247,39749154,0.0000
503,2015-03-06,AAL,48.2000,49.2000,47.7500,47.9950,45.5618,41288469,0.0000
504,2015-02-27,AAL,51.7500,52.2000,47.8500,47.9000,45.4716,49976134,0.0000
505,2015-02-20,AAL,48.7700,51.1200,47.8600,51.0200,48.4335,38013976,0.0000
506,2015-02-13,AAL,46.4100,48.9500,45.9500,48.3900,45.9368,51545937,0.0000
507,2015-02-06,AAL,48.5800,49.7900,46.2100,48.1450,45.7042,68799673,0.1000
508,2015-01-30,AAL,55.8900,56.2000,48.6300,49.0800,46.4966,85321409,0.0000
509,2015-01-23,AAL,51.0000,55.9800,49.9345,55.6900,52.7586,53729444,0.0000
510,2015-01-16,AAL,51.0600,51.4500,48.1000,49.8100,47.1881,69582999,0.0000
511,2015-01-09,AAL,54.3700,54.5400,51.8200,52.0200,49.2818,57369101,0.0000
512,2015-01-02,AAL,51.6500,54.6400,51.3000,53.9100,51.0723,38674352,0.0000
513,2014-12-26,AAL,51.1000,52.2500,49.8400,51.9550,49.2202,28845328,0.0000
514,2014-12-19,AAL,50.2100,51.3200,46.0500,50.7100,48.0408,105935037,0.0000
515,2014-12-12,AAL,50.4400,51.7000,47.3900,49.9700,47.3397,85707615,0.0000
516,2014-12-05,AAL,49.0000,51.7500,46.9250,51.0100,48.3250,66745018,0.0000
517,2014-11-28,AAL,43.7200,49.4500,42.7800,48.5300,45.9755,55577883,0.0000
518,2014-11-21,AAL,43.9700,45.4600,43.2000,43.3100,41.0303,54500065,0.0000
519,2014-11-14,AAL,42.5000,44.5410,41.6750,44.0100,41.6934,51811081,0.0000
520,2014-11-07,AAL,41.4400,44.1300,41.4300,43.2000,40.9261,60896345,0.0000
521,2014-10-31,AAL,39.6000,41.7500,39.2450,41.3500,39.1735,64912036,0.1000
522,2014-10-24,AAL,34.1900,40.1800,34.0009,39.8200,37.6306,109964986,0.0000
523,2014-10-17,AAL,31.0700,34.3400,28.1000,33.3800,31.5447,143616265,0.0000
524,2014-10-10,AAL,36.3100,36.5000,29.7800,30.7800,29.0876,99238537,0.0000
525,2014-10-03,AAL,35.3500,36.3200,33.5100,36.2300,34.2380,74166632,0.0000
526,2014-09-26,AAL,37.0000,37.0000,34.6400,35.9300,33.9545,51042793,0.0000
527,2014-09-19,AAL,37.6000,38.2500,36.6300,36.6300,34.6160,43503600,0.0000
528,2014-09-12,AAL,37.9600,39.0400,37.3800,37.6500,35.5799,42850300,0.0000
529,2014-09-05,AAL,39.0000,40.5400,37.7100,37.8500,35.7689,44999500,0.0000
530,2014-08-29,AAL,40.2300,40.2800,38.3600,38.8810,36.7432,29794400,0.0000
531,2014-08-22,AAL,39.6000,41.0000,39.4450,39.8500,37.6590,37135600,0.0000
532,2014-08-15,AAL,37.7900,40.0799,37.2700,39.1900,37.0352,40840000,0.0000
533,2014-08-08,AAL,39.4900,39.8500,35.2300,37.1800,35.1358,61618400,0.0000
534,2014-08-01,AAL,41.8700,41.9495,38.0500,39.4300,37.2621,59920300,0.1000
535,2014-07-25,AAL,42.9100,43.9500,41.3350,41.6800,39.2872,51305000,0.0000
536,2014-07-18,AAL,43.2600,44.0000,41.6500,42.9199,40.4559,44732900,0.0000
537,2014-07-11,AAL,41.7200,43.2300,37.9000,42.8800,40.4183,81053900,0.0000
538,2014-07-03,AAL,44.0400,44.0800,41.4000,41.6200,39.2307,47621800,0.0000
539,2014-06-27,AAL,44.3000,44.8800,42.3000,44.0000,41.4740,95289600,0.0000
540,2014-06-20,AAL,39.6800,44.5500,39.6700,44.5500,41.9925,92164300,0.0000
541,2014-06-13,AAL,44.0000,44.4300,38.8550,40.3800,38.0618,84164100,0.0000
542,2014-06-06,AAL,40.0000,43.9200,40.0000,43.8800,41.3609,53444800,0.0000
543,2014-05-30,AAL,39.3800,40.3300,39.1900,40.1600,37.8545,44274700,0.0000
544,2014-05-23,AAL,38.4900,39.5000,38.0200,39.1100,36.8648,36292900,0.0000
545,2014-05-16,AAL,38.3500,39.7400,37.4800,38.5250,36.3133,46842500,0.0000
546,2014-05-09,AAL,36.0800,38.7000,35.7900,38.2600,36.0636,47265200,0.0000
547,2014-05-02,AAL,36.4100,36.7200,34.3400,36.4900,34.3952,47572100,0.0000
548,2014-04-25,AAL,35.0800,38.2400,34.8600,36.0000,33.9333,61393300,0.0000
549,2014-04-17,AAL,34.0000,35.8650,31.8600,35.4000,33.3677,54303700,0.0000
550,2014-04-11,AAL,36.7800,37.4800,33.5900,33.6799,31.7464,71296100,0.0000
551,2014-04-04,AAL,35.8400,38.9000,35.7500,36.5600,34.4611,48659600,0.0000
552,2014-03-28,AAL,36.2500,38.2600,35.0200,35.3900,33.3583,40585500,0.0000
553,2014-03-21,AAL,36.6200,38.0400,35.9100,36.1100,34.0370,39876900,0.0000
554,2014-03-14,AAL,38.7000,39.8800,35.6700,36.3400,34.2538,51070900,0.0000
555,2014-03-07,AAL,36.1700,39.3250,35.3200,39.0200,36.7799,54571000,0.0000
556,2014-02-28,AAL,36.2000,37.2800,36.0200,36.9300,34.8099,40169500,0.0000
557,2014-02-21,AAL,34.7300,36.4500,34.1100,36.1700,34.0935,31448300,0.0000
558,2014-02-14,AAL,36.1000,36.1500,34.0600,34.4100,32.4346,48185000,0.0000
559,2014-02-07,AAL,33.9500,35.7000,33.0500,35.6700,33.6222,77708700,0.0000
560,2014-01-31,AAL,30.4000,34.2000,28.6700,33.5500,31.6239,89349400,0.0000
561,2014-01-24,AAL,30.6600,31.4600,29.9100,30.4000,28.6548,43272100,0.0000
562,2014-01-17,AAL,29.1800,30.0200,28.5800,30.0200,28.2966,57691700,0.0000
563,2014-01-10,AAL,26.6200,29.8300,26.3500,29.3500,27.6651,77151100,0.0000
564,2014-01-03,AAL,24.8700,26.7500,24.6300,26.5400,25.0164,38834900,0.0000
565,2013-12-27,AAL,26.2900,26.4900,24.9100,24.9400,23.5082,25491700,0.0000
566,2013-12-20,AAL,26.6300,26.7658,25.5500,26.3300,24.8184,50024900,0.0000
567,2013-12-13,AAL,23.9500,27.2000,23.4501,26.2300,24.7242,205486156,0.0000
568,2013-12-06,AAL,23.5500,23.6200,21.4500,22.5500,21.2554,274891153,0.0000
569,2013-11-29,AAL,24.4500,24.5300,23.4500,23.4800,22.1321,105646917,0.0000
570,2013-11-22,AAL,24.2200,24.8100,23.7800,24.2700,22.8767,154696246,0.0000
571,2013-11-15,AAL,23.2500,25.4900,22.5000,23.8900,22.5185,241259249,0.0000
572,2013-11-08,AAL,22.6000,23.9000,21.9000,23.2100,21.8776,136116889,0.0000
573,2013-11-01,AAL,22.2400,22.9900,21.6000,22.4400,21.1518,98629490,0.0000
574,2013-10-25,AAL,21.2300,23.1600,21.0700,22.1500,20.8784,87235926,0.0000
575,2013-10-18,AAL,20.5200,21.3500,20.2600,21.1400,19.9264,47715282,0.0000
576,2013-10-11,AAL,20.4100,20.7700,19.7700,20.7200,19.5305,48952814,0.0000
577,2013-10-04,AAL,18.3400,20.7500,18.0400,20.5300,19.3514,85600804,0.0000
578,2013-09-27,AAL,18.8900,19.4800,18.5400,19.0800,17.9846,53643967,0.0000
579,2013-09-20,AAL,18.1600,19.2100,17.9700,18.8900,17.8056,69670777,0.0000
580,2013-09-13,AAL,16.8600,18.1800,16.8400,17.8700,16.8441,63164610,0.0000
581,2013-09-06,AAL,16.3800,17.2000,16.1100,16.8000,15.8355,45734050,0.0000
582,2013-08-30,AAL,16.1600,16.7300,15.2800,16.1600,15.2323,75222788,0.0000
583,2013-08-23,AAL,15.9700,16.4000,15.6000,16.1600,15.2323,63566488,0.0000
584,2013-08-16,AAL,18.4900,18.9500,15.3500,16.0100,15.0909,349838337,0.0000
585,2013-08-09,AAL,18.9000,19.2500,18.5200,18.6000,17.5322,56367561,0.0000
586,2013-08-02,AAL,19.0700,19.5900,18.9000,18.9200,17.8338,100529491,0.0000
587,2013-07-26,AAL,18.2500,19.1100,17.8500,19.0900,17.9941,101987400,0.0000
588,2013-07-19,AAL,17.6600,18.9300,17.5600,18.2300,17.1834,69583914,0.0000
589,2013-07-12,AAL,16.9400,17.8500,16.8500,17.5600,16.5519,48628419,0.0000
590,2013-07-05,AAL,16.5000,17.0400,16.0400,16.8400,15.8732,36727078,0.0000
591,2013-06-28,AAL,16.0600,16.6400,15.5900,16.4200,15.4774,65214210,0.0000
592,2013-06-21,AAL,17.0200,17.3200,16.0500,16.3400,15.4019,56793566,0.0000
593,2013-06-14,AAL,17.0900,17.3500,16.6400,16.9300,15.9581,52532172,0.0000
594,2013-06-07,AAL,17.5400,18.2000,15.9300,17.0200,16.0429,104402412,0.0000
595,2013-05-31,AAL,18.4400,18.7200,17.5500,17.5700,16.5613,44869169,0.0000
596,2013-05-24,AAL,19.0500,19.3900,17.4400,18.2100,17.1646,97844237,0.0000
597,2013-05-17,AAL,17.7400,19.7000,17.5700,19.0100,17.9187,89574800,0.0000
598,2013-05-10,AAL,17.0500,17.8600,16.9100,17.7600,16.7404,65592761,0.0000
599,2013-05-03,AAL,16.7000,17.1900,16.5600,17.0200,16.0429,67993298,0.0000
600,2013-04-26,AAL,15.9900,16.7300,15.3300,16.5900,15.6376,108484451,0.0000
601,2013-04-19,AAL,16.2000,16.7400,15.4700,16.0200,15.1003,98336194,0.0000
602,2013-04-12,AAL,15.8200,16.3900,15.5300,16.1400,15.2134,55403485,0.0000
603,2013-04-05,AAL,17.0200,17.1300,15.0300,15.7200,14.8175,121310455,0.0000
604,2013-03-28,AAL,16.9200,17.0900,16.3300,16.9700,15.9958,78176139,0.0000
605,2013-03-22,AAL,15.8000,17.4300,15.7100,16.8600,15.8921,129826273,0.0000
606,2013-03-15,AAL,14.8500,16.5400,14.7100,15.9800,15.0626,143141822,0.0000
607,2013-03-08,AAL,13.5000,15.2000,13.4700,14.9200,14.0635,130866220,0.0000
608,2013-03-01,AAL,13.6000,13.9500,12.7000,13.6100,12.8287,100579893,0.0000
609,2013-02-22,AAL,14.3300,14.5600,12.9000,13.5700,12.7910,118158446,0.0000
610,2013-02-15,AAL,14.8900,15.0100,13.1600,14.5000,13.6676,200470241,0.0000
611,2013-02-08,AAL,14.0800,15.4000,13.8600,14.7500,13.9032,104825468,0.0000
612,2013-02-01,AAL,15.0000,15.3100,14.0200,14.1200,13.3094,84613136,0.0000
613,2013-01-25,AAL,14.4700,15.6400,14.4400,14.9700,14.1106,101527613,0.0000
614,2013-01-18,AAL,14.8100,14.8700,14.1100,14.4400,13.6110,73991690,0.0000
615,2013-01-11,AAL,14.7900,15.5000,14.5300,14.7800,13.9315,86692493,0.0000
616,2013-01-04,AAL,12.8500,14.8700,12.8400,14.7300,13.8844,83416353,0.0000
617,2012-12-28,AAL,13.3400,13.5500,12.6500,12.7900,12.0557,29657373,0.0000
618,2012-12-21,AAL,13.1000,13.7500,12.7300,13.4400,12.6684,100341555,0.0000
619,2012-12-14,AAL,12.7900,13.2600,12.6000,12.8300,12.0934,70889276,0.0000
620,2012-12-07,AAL,12.9200,13.0500,11.9700,12.7700,12.0369,85078820,0.0000
621,2012-11-30,AAL,12.4100,13.0900,12.2000,12.8900,12.1500,69458981,0.0000
622,2012-11-23,AAL,11.7800,12.5700,11.7000,12.5000,11.7824,35658177,0.0000
623,2012-11-16,AAL,12.7200,12.9000,11.5200,11.7600,11.0849,88974799,0.0000
624,2012-11-09,AAL,12.5700,13.1900,12.1800,12.6100,11.8861,85899196,0.0000
625,2012-11-02,AAL,11.8000,12.6900,11.5500,12.5300,11.8107,40106702,0.0000
626,2012-10-26,AAL,11.4900,12.6300,11.4500,11.9200,11.2357,93830295,0.0000
627,2012-10-19,AAL,11.4700,12.1200,11.2500,11.4700,10.8115,58760858,0.0000
628,2012-10-12,AAL,11.7600,11.8400,11.0100,11.3600,10.7078,51442091,0.0000
629,2012-10-05,AAL,10.3500,12.2200,10.3200,11.6600,10.9906,102676676,0.0000
630,2012-09-28,AAL,10.6600,10.9400,10.1500,10.4600,9.8595,61359517,0.0000
631,2012-09-21,AAL,10.6300,11.2400,10.1900,10.6700,10.0575,105789544,0.0000
632,2012-09-14,AAL,12.1000,12.4800,10.4900,10.5300,9.9255,118830296,0.0000
633,2012-09-07,AAL,10.6100,12.2000,10.2200,12.1400,11.4431,84592762,0.0000
634,2012-08-31,AAL,11.1600,11.3600,10.1000,10.6600,10.0480,83315013,0.0000
635,2012-08-24,AAL,10.0800,11.7500,10.0700,11.1100,10.4722,133065416,0.0000
636,2012-08-17,AAL,10.2000,10.4000,9.9000,10.0800,9.5013,79550403,0.0000
637,2012-08-10,AAL,10.9400,11.1200,9.7400,10.0700,9.4919,113558444,0.0000
638,2012-08-03,AAL,11.3000,11.6300,10.6100,10.8900,10.2648,81600267,0.0000
639,2012-07-27,AAL,11.8800,12.4900,10.5900,11.3500,10.6984,137775066,0.0000
640,2012-07-20,AAL,14.4000,14.5000,11.8700,12.0100,11.3205,138990080,0.0000
641,2012-07-13,AAL,13.8200,14.5100,13.2700,14.4500,13.6204,117067560,0.0000
642,2012-07-06,AAL,13.4300,14.0900,12.8800,13.8700,13.0737,104310992,0.0000
643,2012-06-29,AAL,13.0000,13.8000,12.5700,13.3300,12.5647,107190617,0.0000
644,2012-06-22,AAL,12.0300,13.7800,11.8300,13.1700,12.4139,149646649,0.0000
645,2012-06-15,AAL,12.2200,12.5500,11.3300,12.0300,11.3394,116944235,0.0000
646,2012-06-08,AAL,12.6300,12.6300,11.1200,12.1500,11.4525,114953083,0.0000
647,2012-06-01,AAL,12.4100,13.3600,12.2200,12.6400,11.9144,101759248,0.0000
648,2012-05-25,AAL,10.0700,12.4000,10.0700,12.3000,11.5939,126480429,0.0000
649,2012-05-18,AAL,11.4400,11.7300,9.6500,10.0600,9.4825,132066221,0.0000
650,2012-05-11,AAL,10.6500,11.4700,10.5700,11.3200,10.6701,90890617,0.0000
651,2012-05-04,AAL,10.2700,10.9400,10.0600,10.7000,10.0857,106680696,0.0000
652,2012-04-27,AAL,9.1500,10.4400,8.9500,10.3100,9.7181,147723057,0.0000
653,2012-04-20,AAL,7.8600,9.7700,7.8500,9.3400,8.8038,171446112,0.0000
654,2012-04-13,AAL,7.7500,7.9400,7.4500,7.8400,7.3899,72573459,0.0000
655,2012-04-05,AAL,7.5900,8.0400,7.4100,7.7800,7.3334,75175335,0.0000
656,2012-03-30,AAL,7.6300,7.9700,7.4200,7.5900,7.1543,87575067,0.0000
657,2012-03-23,AAL,7.1100,7.8000,7.0500,7.5500,7.1166,86239679,0.0000
658,2012-03-16,AAL,7.0000,7.7400,6.7800,7.1500,6.7395,101961662,0.0000
659,2012-03-09,AAL,7.3900,7.3900,6.8300,7.0300,6.6264,104605094,0.0000
660,2012-03-02,AAL,7.0700,7.8300,6.9000,7.6300,7.1920,126369972,0.0000
661,2012-02-24,AAL,8.8700,8.8900,6.9700,6.9900,6.5887,112592761,0.0000
662,2012-02-17,AAL,8.9800,9.2500,8.6800,8.9000,8.3891,84217426,0.0000
663,2012-02-10,AAL,9.6100,9.6200,8.6000,8.8500,8.3419,110837802,0.0000
664,2012-02-03,AAL,8.5200,9.9100,8.1000,9.6400,9.0866,148381233,0.0000
665,2012-01-27,AAL,6.4300,8.2700,6.1100,8.1800,7.7104,186997854,0.0000
666,2012-01-20,AAL,6.0100,6.5700,5.8100,6.3700,6.0043,62001072,0.0000
667,2012-01-13,AAL,5.5600,6.2000,5.5500,5.9700,5.6273,115834315,0.0000
668,2012-01-06,AAL,5.2000,5.6700,4.9700,5.6000,5.2785,74835657,0.0000
669,2011-12-30,AAL,5.5600,5.6900,5.0500,5.0700,4.7789,52139946,0.0000
670,2011-12-23,AAL,6.1800,6.2300,5.4200,5.6200,5.2974,83637266,0.0000
671,2011-12-16,AAL,5.4600,6.2100,5.1400,6.1800,5.8252,119576943,0.0000
672,2011-12-09,AAL,5.0100,5.6800,4.9700,5.6200,5.2974,100851207,0.0000
673,2011-12-02,AAL,4.2100,5.2500,4.1600,4.8400,4.5621,119279892,0.0000
674,2011-11-25,AAL,4.3300,4.3700,3.9600,4.0200,3.7892,52859248,0.0000
675,2011-11-18,AAL,5.0300,5.2000,4.3200,4.4200,4.1663,78948525,0.0000
676,2011-11-11,AAL,5.5000,5.5500,4.7500,5.0100,4.7224,74326809,0.0000
677,2011-11-04,AAL,5.8700,5.9000,5.0900,5.5000,5.1843,88406971,0.0000
678,2011-10-28,AAL,5.8000,6.1300,5.5900,5.9400,5.5990,81850939,0.0000
679,2011-10-21,AAL,6.0200,6.1600,5.6800,5.8700,5.5330,76725202,0.0000
680,2011-10-14,AAL,5.3900,6.4800,5.2200,6.0400,5.6933,88494907,0.0000
681,2011-10-07,AAL,5.4400,5.5900,4.5300,5.2100,4.9109,110290080,0.0000
682,2011-09-30,AAL,6.2600,6.5700,5.4700,5.5000,5.1843,95353083,0.0000
683,2011-09-23,AAL,5.7700,6.1900,5.6400,6.1300,5.7781,118419302,0.0000
684,2011-09-16,AAL,4.9500,5.9600,4.6800,5.9100,5.5707,152255227,0.0000
685,2011-09-09,AAL,5.0800,5.3000,4.9600,5.0200,4.7318,55001340,0.0000
686,2011-09-02,AAL,5.3300,5.7300,5.1200,5.2200,4.9203,77727881,0.0000
687,2011-08-26,AAL,5.3600,5.4300,5.0000,5.2600,4.9580,77732171,0.0000
688,2011-08-19,AAL,5.5700,6.1400,5.1100,5.1400,4.8449,104452279,0.0000
689,2011-08-12,AAL,5.1300,5.8000,4.9500,5.5300,5.2125,141000805,0.0000
690,2011-08-05,AAL,6.4000,6.4300,5.2500,5.5200,5.2031,156556837,0.0000
691,2011-07-29,AAL,6.7100,6.7600,5.7700,6.2400,5.8818,117297587,0.0000
692,2011-07-22,AAL,7.1600,7.3400,6.6500,6.8000,6.4096,106048793,0.0000
693,2011-07-15,AAL,8.1900,8.2000,7.3500,7.4400,7.0129,68603217,0.0000
694,2011-07-08,AAL,8.8800,8.9700,8.1600,8.2100,7.7387,69342091,0.0000
695,2011-07-01,AAL,8.7300,9.2600,8.7000,8.9400,8.4268,75726810,0.0000
696,2011-06-24,AAL,8.4800,9.0400,8.3400,8.6900,8.1911,95254961,0.0000
697,2011-06-17,AAL,8.1800,8.5400,7.9400,8.4000,7.9178,80260859,0.0000
698,2011-06-10,AAL,8.9100,8.9600,8.0200,8.1000,7.6350,80812600,0.0000
699,2011-06-03,AAL,9.1300,9.3400,8.8600,8.8900,8.3796,70543163,0.0000
700,2011-05-27,AAL,10.0500,10.2400,9.0500,9.1200,8.5964,91538875,0.0000
701,2011-05-20,AAL,9.5500,10.3500,9.4100,10.1700,9.5862,102299999,0.0000
702,2011-05-13,AAL,9.5300,10.0500,9.3100,9.4100,8.8698,86463002,0.0000
703,2011-05-06,AAL,9.2400,10.1000,8.9800,9.6900,9.1337,97397319,0.0000
704,2011-04-29,AAL,8.0700,9.1600,8.0600,9.0900,8.5682,83934317,0.0000
705,2011-04-21,AAL,8.0400,8.5300,8.0300,8.1300,7.6633,49204825,0.0000
706,2011-04-15,AAL,7.8700,8.6000,7.7600,8.0900,7.6256,89493298,0.0000
707,2011-04-08,AAL,8.8700,8.8900,7.8500,7.9400,7.4842,80975068,0.0000
708,2011-04-01,AAL,9.1100,9.2400,8.5900,8.7800,8.2760,63514476,0.0000
709,2011-03-25,AAL,9.0400,9.3000,8.6500,9.0200,8.5022,62599196,0.0000
710,2011-03-18,AAL,9.0900,9.2000,8.4200,8.9600,8.4456,110221179,0.0000
711,2011-03-11,AAL,8.1900,9.3800,8.0100,9.1800,8.6530,148602681,0.0000
712,2011-03-04,AAL,8.6700,8.7200,7.7100,8.2800,7.8047,120872654,0.0000
713,2011-02-25,AAL,9.2800,9.5600,8.1600,8.5700,8.0780,182541555,0.0000
714,2011-02-18,AAL,10.1800,10.2100,9.6200,9.7200,9.1620,67533243,0.0000
715,2011-02-11,AAL,9.2900,10.2000,9.2800,10.1300,9.5485,106428954,0.0000
716,2011-02-04,AAL,10.1900,10.5300,9.2100,9.2400,8.7095,131519839,0.0000
717,2011-01-28,AAL,9.8700,11.2800,9.8500,10.1600,9.5767,139270241,0.0000
718,2011-01-21,AAL,10.7100,10.7100,9.6700,9.8300,9.2657,71210188,0.0000
719,2011-01-14,AAL,11.2900,11.5600,10.7500,10.7900,10.1706,56732438,0.0000
720,2011-01-07,AAL,10.1100,11.4000,10.0800,11.4000,10.7455,81521448,0.0000
721,2010-12-31,AAL,9.9300,10.2500,9.8000,10.0100,9.4353,32699733,0.0000
722,2010-12-23,AAL,10.0200,10.6000,9.8900,9.9100,9.3411,45847989,0.0000
723,2010-12-17,AAL,10.9300,11.0200,10.0000,10.0600,9.4825,60537266,0.0000
724,2010-12-10,AAL,11.0000,11.3200,10.3900,10.9300,10.3025,72004290,0.0000
725,2010-12-03,AAL,11.6200,11.7900,10.9100,11.0400,10.4062,60911527,0.0000
726,2010-11-26,AAL,10.9900,11.9800,10.9000,11.7000,11.0283,46340752,0.0000
727,2010-11-19,AAL,10.6500,11.2100,10.5100,11.0800,10.4439,58908312,0.0000
728,2010-11-12,AAL,11.5700,11.6300,10.5500,10.6300,10.0197,72123056,0.0000
729,2010-11-05,AAL,11.8800,12.2600,11.4900,11.5700,10.9058,79374799,0.0000
730,2010-10-29,AAL,10.9700,12.2400,10.9100,11.7900,11.1132,112193834,0.0000
731,2010-10-22,AAL,9.7900,11.0500,9.7000,10.8100,10.1894,127531636,0.0000
732,2010-10-15,AAL,9.0600,9.9000,8.9400,9.7000,9.1431,75180162,0.0000
733,2010-10-08,AAL,9.2400,9.4800,9.0000,9.0700,8.5493,51788204,0.0000
734,2010-10-01,AAL,9.2800,9.5500,9.0500,9.2900,8.7567,72168900,0.0000
735,2010-09-24,AAL,9.1000,9.5900,8.7600,8.9900,8.4739,87708311,0.0000
736,2010-09-17,AAL,9.0700,9.2000,8.5100,9.0800,8.5587,87152815,0.0000
737,2010-09-10,AAL,9.8800,9.9000,8.7600,8.7900,8.2854,62386327,0.0000
738,2010-09-03,AAL,9.2300,10.1700,8.6600,9.9700,9.3976,85648794,0.0000
739,2010-08-27,AAL,9.2100,9.4800,8.4000,9.1500,8.6247,87084451,0.0000
740,2010-08-20,AAL,9.0600,9.8300,8.7900,9.1000,8.5776,77001877,0.0000
741,2010-08-13,AAL,9.6300,9.8300,8.8200,9.1400,8.6153,86995979,0.0000
742,2010-08-06,AAL,11.0000,11.4000,9.3200,9.4900,8.9452,163639946,0.0000
743,2010-07-30,AAL,10.4000,11.1500,10.3100,10.8500,10.2271,114952011,0.0000
744,2010-07-23,AAL,9.0000,10.4000,8.0500,10.3500,9.7558,187671046,0.0000
745,2010-07-16,AAL,9.4600,9.6300,8.8500,8.9500,8.4362,93857641,0.0000
746,2010-07-09,AAL,8.5000,9.6500,8.0200,9.5400,8.9923,97245039,0.0000
747,2010-07-02,AAL,9.1900,9.4200,8.0600,8.1900,7.7198,101320375,0.0000
748,2010-06-25,AAL,10.6000,10.7000,9.0800,9.1600,8.6341,123201340,0.0000
749,2010-06-18,AAL,10.1500,10.8700,9.6500,10.4400,9.8407,162299732,0.0000
750,2010-06-11,AAL,8.8300,9.9300,8.1600,9.9300,9.3599,163909383,0.0000
751,2010-06-04,AAL,8.6400,9.6400,8.5500,8.5900,8.0969,136100804,0.0000
752,2010-05-28,AAL,7.1900,8.9700,6.9700,8.8300,8.3231,226309920,0.0000
753,2010-05-21,AAL,7.0600,7.4300,6.6000,7.2100,6.7961,164990885,0.0000
754,2010-05-14,AAL,6.8800,7.5700,6.6600,7.0900,6.6830,128444505,0.0000
755,2010-05-07,AAL,7.2100,7.4500,5.7000,6.3800,6.0137,182689813,0.0000
756,2010-04-30,AAL,6.6800,7.5700,6.2700,7.0700,6.6641,234577749,0.0000
757,2010-04-23,AAL,7.0100,7.1800,6.2800,6.6300,6.2494,202113136,0.0000
758,2010-04-16,AAL,7.4000,7.7000,7.0100,7.1500,6.7395,170121179,0.0000
759,2010-04-09,AAL,7.4600,7.8700,6.6800,7.3200,6.8998,259645577,0.0000
760,2010-04-01,AAL,7.4400,7.4900,7.0900,7.4000,6.9752,39515550,0.0000
761,2010-03-26,AAL,7.0800,7.7000,6.8100,7.3000,6.8809,72113136,0.0000
762,2010-03-19,AAL,7.8800,7.9600,7.0700,7.1000,6.6924,82585255,0.0000
763,2010-03-12,AAL,7.4500,8.1700,7.3000,7.9500,7.4936,129022520,0.0000
764,2010-03-05,AAL,7.4100,7.8200,7.1700,7.4300,7.0035,152246114,0.0000
765,2010-02-26,AAL,6.9700,7.4000,6.9100,7.3300,6.9092,136003753,0.0000
766,2010-02-19,AAL,6.9300,7.0000,6.6500,6.9300,6.5322,118394638,0.0000
767,2010-02-12,AAL,5.8800,6.9100,5.8200,6.8100,6.4190,190915014,0.0000
768,2010-02-05,AAL,5.4300,6.0300,5.3500,5.8900,5.5519,173225737,0.0000
769,2010-01-29,AAL,5.3400,5.6100,4.4700,5.3100,5.0052,206067025,0.0000
770,2010-01-22,AAL,5.5000,5.9600,5.1100,5.2400,4.9392,129225738,0.0000
771,2010-01-15,AAL,5.1300,5.8400,4.9400,5.5000,5.1843,158112868,0.0000
772,2010-01-08,AAL,4.8400,5.4300,4.6600,5.1400,4.8449,210296513,0.0000
773,2009-12-31,AAL,5.2200,5.4000,4.6800,4.8400,4.5621,100361394,0.0000
774,2009-12-24,AAL,4.5200,5.4000,4.4600,5.3800,5.0711,130789811,0.0000
775,2009-12-18,AAL,4.9400,5.0400,4.3200,4.5300,4.2699,121740483,0.0000
776,2009-12-11,AAL,4.4200,4.8800,4.2700,4.8300,4.5527,171001876,0.0000
777,2009-12-04,AAL,3.4800,4.4600,3.4000,4.4300,4.1757,174339946,0.0000
778,2009-11-27,AAL,3.1700,3.6200,3.0800,3.4700,3.2708,77672923,0.0000
779,2009-11-20,AAL,3.2700,3.4400,3.0400,3.1000,2.9220,80556568,0.0000
780,2009-11-13,AAL,3.2700,3.3700,3.0200,3.2200,3.0351,91875604,0.0000
781,2009-11-06,AAL,3.1200,3.2600,2.8200,3.1900,3.0069,122251743,0.0000
782,2009-10-30,AAL,3.7200,3.7800,2.9500,3.0600,2.8843,171309652,0.0000
783,2009-10-23,AAL,4.3400,4.4700,3.5300,3.6900,3.4782,143968901,0.0000
784,2009-10-16,AAL,4.5100,4.7000,4.2900,4.2900,4.0437,88690616,0.0000
785,2009-10-09,AAL,4.4600,4.5500,4.2100,4.4700,4.2134,100457105,0.0000
786,2009-10-02,AAL,5.0900,5.1200,3.9800,4.3100,4.0626,164307507,0.0000
787,2009-09-25,AAL,4.8800,5.6000,4.4000,4.9600,4.6753,369168366,0.0000
788,2009-09-18,AAL,3.9300,5.3500,3.8300,4.9800,4.6941,264151743,0.0000
789,2009-09-11,AAL,3.4600,4.2000,3.3300,4.0300,3.7986,141716085,0.0000
790,2009-09-04,AAL,3.5000,3.5000,2.8900,3.3800,3.1860,122147186,0.0000
791,2009-08-28,AAL,3.2100,3.8800,3.1500,3.5700,3.3651,145972922,0.0000
792,2009-08-21,AAL,2.9500,3.2000,2.8200,3.1500,2.9692,98710455,0.0000
793,2009-08-14,AAL,3.1800,3.2000,2.8500,3.0800,2.9032,105564076,0.0000
794,2009-08-07,AAL,2.9800,3.3600,2.6100,3.2100,3.0257,184146648,0.0000
795,2009-07-31,AAL,2.9000,3.1200,2.6200,2.9300,2.7618,145931368,0.0000
796,2009-07-24,AAL,2.0600,2.8000,2.0400,2.7900,2.6298,122437534,0.0000
797,2009-07-17,AAL,2.0700,2.2200,2.0000,2.0400,1.9229,96708043,0.0000
798,2009-07-10,AAL,2.3900,2.5500,2.0100,2.0600,1.9417,82637266,0.0000
799,2009-07-02,AAL,2.3600,2.4800,2.1800,2.4600,2.3188,50517962,0.0000
800,2009-06-26,AAL,2.5700,2.5700,2.1100,2.3500,2.2151,115516355,0.0000
801,2009-06-19,AAL,2.6200,2.8000,2.5000,2.5700,2.4225,86957373,0.0000
802,2009-06-12,AAL,2.8200,2.8200,2.5000,2.7100,2.5544,82327346,0.0000
803,2009-06-05,AAL,2.6100,3.2000,2.6100,2.9100,2.7429,121446381,0.0000
804,2009-05-29,AAL,2.9000,2.9600,2.4100,2.5800,2.4319,119941823,0.0000
805,2009-05-22,AAL,3.1400,3.2500,2.8600,2.8900,2.7241,85283646,0.0000
806,2009-05-15,AAL,3.7500,3.9000,2.9000,3.0400,2.8655,132198660,0.0000
807,2009-05-08,AAL,4.1500,5.3500,3.4600,3.6900,3.4782,180053082,0.0000
808,2009-05-01,AAL,4.2800,4.3100,3.7500,4.0100,3.7798,119939946,0.0000
809,2009-04-24,AAL,3.7600,5.0600,3.4900,4.8400,4.5621,104164076,0.0000
810,2009-04-17,AAL,3.4100,4.1400,3.2000,3.9700,3.7421,90348257,0.0000
811,2009-04-09,AAL,2.9000,3.5000,2.8400,3.4600,3.2614,57905631,0.0000
812,2009-04-03,AAL,2.5800,3.0600,2.4000,2.9700,2.7995,57138337,0.0000
813,2009-03-27,AAL,2.4800,2.9700,2.3400,2.6700,2.5167,88402413,0.0000
814,2009-03-20,AAL,3.3500,3.4600,2.2500,2.3600,2.2245,73114745,0.0000
815,2009-03-13,AAL,2.0800,3.3100,2.0000,3.1400,2.9597,90091958,0.0000
816,2009-03-06,AAL,2.8000,2.8800,1.8800,2.1600,2.0360,105578553,0.0000
817,2009-02-27,AAL,3.3000,3.7600,2.7800,2.8500,2.6864,97488203,0.0000
818,2009-02-20,AAL,4.4100,4.5600,2.7200,3.1200,2.9409,69971046,0.0000
819,2009-02-13,AAL,5.4500,5.5000,4.4000,4.7500,4.4773,83454959,0.0000
820,2009-02-06,AAL,5.6200,6.1500,4.7500,5.4700,5.1560,91637265,0.0000
821,2009-01-30,AAL,7.7900,8.0200,5.3900,5.6700,5.3445,104691689,0.0000
822,2009-01-23,AAL,8.3500,8.4700,6.5500,7.8200,7.3711,74572385,0.0000
823,2009-01-16,AAL,9.1500,9.7000,6.8500,8.5300,8.0403,109954423,0.0000
824,2009-01-09,AAL,8.3800,9.6700,7.9600,9.0000,8.4833,66934584,0.0000
825,2009-01-02,AAL,7.2600,8.4800,7.1300,8.3900,7.9083,37021447,0.0000
826,2008-12-26,AAL,7.4400,7.7300,7.1000,7.4300,7.0035,31534852,0.0000
827,2008-12-19,AAL,6.4800,7.8900,6.0300,7.4400,7.0129,62147990,0.0000
828,2008-12-12,AAL,7.8100,8.0500,5.9000,6.6800,6.2965,85845040,0.0000
829,2008-12-05,AAL,5.7900,7.5300,4.8800,7.4700,7.0412,96064343,0.0000
830,2008-11-28,AAL,4.6100,5.9700,4.3500,5.9600,5.6178,57668901,0.0000
831,2008-11-21,AAL,5.6900,6.6100,4.0000,4.4800,4.2228,110160858,0.0000
832,2008-11-14,AAL,7.6400,8.0000,5.0000,5.7300,5.4010,129373995,0.0000
833,2008-11-07,AAL,10.5400,11.2400,7.5200,7.8700,7.4182,117765683,0.0000
834,2008-10-31,AAL,8.2900,10.9900,6.7600,10.1400,9.5579,128531635,0.0000
835,2008-10-24,AAL,7.1800,8.8800,6.0200,7.9700,7.5125,133585522,0.0000
836,2008-10-17,AAL,4.9700,7.6400,4.8900,7.3800,6.9563,118424665,0.0000
837,2008-10-10,AAL,6.5800,6.6300,3.1600,4.6000,4.3359,172881769,0.0000
838,2008-10-03,AAL,6.2600,7.5600,5.2900,6.4900,6.1174,108115014,0.0000
839,2008-09-26,AAL,7.6100,7.8500,5.8400,6.1200,5.7687,74969705,0.0000
840,2008-09-19,AAL,8.3100,9.2200,6.8600,7.9100,7.4559,131307775,0.0000
841,2008-09-12,AAL,7.7800,8.2500,5.3900,7.8800,7.4276,193431367,0.0000
842,2008-09-05,AAL,9.9000,10.4600,7.2800,7.9100,7.4559,198051742,0.0000
843,2008-08-29,AAL,7.7600,8.6800,6.5300,8.4900,8.0026,174932977,0.0000
844,2008-08-22,AAL,8.8500,9.3400,6.2000,7.8600,7.4088,187574263,0.0000
845,2008-08-15,AAL,7.8800,9.7900,7.7000,9.0200,8.5022,364718767,0.0000
846,2008-08-08,AAL,5.2600,8.0500,5.0800,7.9600,7.5030,214941287,0.0000
847,2008-08-01,AAL,4.2800,5.8000,4.1000,5.1600,4.8638,176974800,0.0000
848,2008-07-25,AAL,2.8600,5.2400,2.6300,4.5400,4.2794,273048256,0.0000
849,2008-07-18,AAL,2.2900,2.9000,1.4500,2.8700,2.7052,174469705,0.0000
850,2008-07-11,AAL,2.5900,2.8100,2.1300,2.1800,2.0548,125136192,0.0000
851,2008-07-03,AAL,2.4300,2.6500,2.2700,2.4000,2.2622,63310992,0.0000
852,2008-06-27,AAL,3.2400,3.2500,2.3000,2.4500,2.3093,179383378,0.0000
853,2008-06-20,AAL,2.8500,3.5500,2.7500,3.1500,2.9692,139446916,0.0000
854,2008-06-13,AAL,4.2500,4.2700,2.3900,2.8600,2.6958,132426810,0.0000
855,2008-06-06,AAL,4.0300,4.7700,3.6300,4.1200,3.8835,99463003,0.0000
856,2008-05-30,AAL,4.4400,4.6900,3.9600,3.9600,3.7327,80622520,0.0000
857,2008-05-23,AAL,7.8000,7.9500,4.1800,4.1800,3.9400,94442359,0.0000
858,2008-05-16,AAL,7.3200,8.0100,6.9400,7.8000,7.3522,53147453,0.0000
859,2008-05-09,AAL,8.6800,8.8200,6.8000,7.0800,6.6735,52456032,0.0000
860,2008-05-02,AAL,7.3200,9.6200,7.0600,8.7200,8.2194,76102948,0.0000
861,2008-04-25,AAL,8.1100,8.4000,6.1000,7.1600,6.7490,56564342,0.0000
862,2008-04-18,AAL,8.8900,9.1300,7.7200,8.0300,7.5690,33425469,0.0000
863,2008-04-11,AAL,9.5700,9.9400,8.6000,8.8100,8.3042,38405094,0.0000
864,2008-04-04,AAL,8.4800,9.8100,8.3300,9.4300,8.8886,34332172,0.0000
865,2008-03-28,AAL,8.9100,9.3300,8.0600,8.5700,8.0780,39894637,0.0000
866,2008-03-20,AAL,8.0000,8.9500,7.2400,8.7300,8.2288,50752011,0.0000
867,2008-03-14,AAL,11.1100,11.1600,8.0200,8.2900,7.8141,57441823,0.0000
868,2008-03-07,AAL,12.1900,12.9600,10.8000,10.9900,10.3591,32071315,0.0000
869,2008-02-29,AAL,13.5500,14.1000,12.4000,12.4000,11.6881,23799732,0.0000
870,2008-02-22,AAL,14.4200,14.7800,13.1500,13.4800,12.7061,20583378,0.0000
871,2008-02-15,AAL,15.1700,15.4900,13.9000,14.4100,13.5827,29860054,0.0000
872,2008-02-08,AAL,15.5900,16.4400,13.6000,15.1700,14.2991,54120107,0.0000
873,2008-02-01,AAL,12.3900,15.5500,12.2000,15.3900,14.5065,55258177,0.0000
874,2008-01-25,AAL,12.2600,13.4200,11.6100,12.2900,11.5845,45799196,0.0000
875,2008-01-18,AAL,12.0700,13.3000,11.3300,12.9200,12.1783,63886595,0.0000
876,2008-01-11,AAL,12.4000,12.9800,10.1800,11.8900,11.2074,85775067,0.0000
877,2008-01-04,AAL,14.8500,15.0000,11.9500,12.4100,11.6976,43332708,0.0000
878,2007-12-28,AAL,15.1600,16.0900,14.6300,14.7100,13.8655,13427882,0.0000
879,2007-12-21,AAL,15.4200,15.9200,14.4100,15.4000,14.5159,41238874,0.0000
880,2007-12-14,AAL,18.2500,18.9000,14.6200,15.6600,14.7610,60782842,0.0000
881,2007-12-07,AAL,21.2100,21.2100,17.3400,18.2500,17.2023,45126543,0.0000
882,2007-11-30,AAL,20.4000,21.4400,18.7500,20.7700,19.5776,39296783,0.0000
883,2007-11-23,AAL,22.0000,22.1800,18.0000,20.3500,19.1817,35630563,0.0000
884,2007-11-16,AAL,21.6300,25.5100,21.2500,22.4100,21.1235,51231905,0.0000
885,2007-11-09,AAL,25.8800,26.2700,19.9600,21.0300,19.8227,54193029,0.0000
886,2007-11-02,AAL,27.6900,28.7100,25.2500,25.8800,24.3943,32856836,0.0000
887,2007-10-26,AAL,26.2200,29.7000,26.0000,27.3500,25.7799,38398123,0.0000
888,2007-10-19,AAL,29.7700,29.8100,26.2000,26.3800,24.8656,36887399,0.0000
889,2007-10-12,AAL,30.0100,33.4500,28.8800,30.1500,28.4191,34288205,0.0000
890,2007-10-05,AAL,26.6200,30.7500,26.3500,30.0100,28.2872,35399463,0.0000
891,2007-09-28,AAL,29.3300,29.3700,25.7000,26.2500,24.7430,39911797,0.0000
892,2007-09-21,AAL,30.2000,30.9400,28.6500,29.3900,27.7028,30932707,0.0000
893,2007-09-14,AAL,30.3300,31.4600,29.1600,30.0800,28.3532,16738604,0.0000
894,2007-09-07,AAL,30.8600,33.9600,29.0200,29.8100,28.0987,19553084,0.0000
895,2007-08-31,AAL,30.3000,31.2000,28.6000,30.9500,29.1732,12890080,0.0000
896,2007-08-24,AAL,26.5500,30.8200,26.1500,30.7200,28.9564,27168365,0.0000
897,2007-08-17,AAL,29.4400,31.6500,24.2600,26.3100,24.7996,34445576,0.0000
898,2007-08-10,AAL,31.3800,32.7100,28.1300,28.9800,27.3163,34802949,0.0000
899,2007-08-03,AAL,33.9000,34.0000,29.9200,31.1400,29.3523,41966755,0.0000
900,2007-07-27,AAL,35.1000,36.1200,32.2900,33.4800,31.5580,44449598,0.0000
901,2007-07-20,AAL,33.9400,36.2000,33.9400,34.7100,32.7174,34230295,0.0000
902,2007-07-13,AAL,34.6200,36.8100,33.4300,34.1000,32.1424,34289545,0.0000
903,2007-07-06,AAL,30.6800,34.7000,30.3800,34.6200,32.6325,31955764,0.0000
904,2007-06-29,AAL,29.7800,32.2900,27.5700,30.2700,28.5322,37570777,0.0000
905,2007-06-22,AAL,27.9000,30.1700,26.7800,29.3400,27.6556,41491688,0.0000
906,2007-06-15,AAL,30.6000,30.7300,27.4900,27.6100,26.0250,43987131,0.0000
907,2007-06-08,AAL,35.2500,35.2500,30.0500,30.8900,29.1167,45556837,0.0000
908,2007-06-01,AAL,34.8400,36.5400,34.6000,35.2500,33.2264,16788204,0.0000
909,2007-05-25,AAL,33.4900,35.5600,32.7700,34.2500,32.2838,36469169,0.0000
910,2007-05-18,AAL,32.8100,34.2000,32.1000,33.4800,31.5580,49219035,0.0000
911,2007-05-11,AAL,36.5200,36.6900,32.7900,33.3600,31.4449,47161662,0.0000
912,2007-05-04,AAL,38.0000,38.2800,35.4000,36.1500,34.0747,59823592,0.0000
913,2007-04-27,AAL,45.5000,45.6500,37.1100,37.1800,35.0456,60252011,0.0000
914,2007-04-20,AAL,45.4800,47.6300,44.6200,45.3100,42.7088,28058445,0.0000
915,2007-04-13,AAL,46.3000,47.9700,43.9300,45.2300,42.6334,29794101,0.0000
916,2007-04-05,AAL,45.2600,48.3000,43.9300,47.0500,44.3489,24456568,0.0000
917,2007-03-30,AAL,47.0000,47.5800,44.5600,45.4800,42.8691,21372655,0.0000
918,2007-03-23,AAL,46.3000,50.4700,46.3000,47.5800,44.8485,23198928,0.0000
919,2007-03-16,AAL,49.2000,51.0000,44.0100,46.3900,43.7268,32309651,0.0000
920,2007-03-09,AAL,50.5200,51.4200,48.6800,48.9300,46.1210,24210187,0.0000
921,2007-03-02,AAL,54.3800,54.7700,50.4200,50.6500,47.7423,24616622,0.0000
922,2007-02-23,AAL,56.9600,57.4300,53.6800,54.2500,51.1356,15341823,0.0000
923,2007-02-16,AAL,58.4500,59.8200,56.1400,56.7000,53.4449,22783378,0.0000
924,2007-02-09,AAL,57.4900,59.8500,57.0200,58.1400,54.8023,20427077,0.0000
925,2007-02-02,AAL,52.2300,58.7600,51.7500,57.9800,54.6515,46752011,0.0000
926,2007-01-26,AAL,58.3000,58.3600,51.5200,52.1300,49.1373,41598928,0.0000
927,2007-01-19,AAL,60.8100,62.1000,56.8500,58.2900,54.9437,24339411,0.0000
928,2007-01-12,AAL,57.3000,62.5000,57.0400,60.8100,57.3190,33445308,0.0000
929,2007-01-05,AAL,53.8900,59.1500,53.6500,58.2900,54.9437,19373727,0.0000
930,2006-12-29,AAL,55.9500,57.3000,53.8500,53.8500,50.7586,16980428,0.0000
931,2006-12-22,AAL,56.6200,58.0900,54.0000,55.3400,52.1630,23630026,0.0000
932,2006-12-15,AAL,60.7200,62.7000,56.3800,56.5000,53.2564,36596246,0.0000
933,2006-12-08,AAL,56.6200,60.8100,55.9500,59.2500,55.8486,19856569,0.0000
934,2006-12-01,AAL,62.7000,62.8000,55.3000,56.1000,52.8794,28729491,0.0000
935,2006-11-24,AAL,59.6500,63.2700,59.0000,62.9500,59.3361,24740483,0.0000
936,2006-11-17,AAL,49.6600,62.5700,49.3500,59.4500,56.0371,74513137,0.0000
937,2006-11-10,AAL,48.1000,51.2500,48.1000,49.3000,46.4698,13382574,0.0000
938,2006-11-03,AAL,49.4000,51.6500,47.0000,47.4200,44.6977,16833780,0.0000
939,2006-10-27,AAL,49.9000,51.4500,47.9100,49.3600,46.5263,26880697,0.0000
940,2006-10-20,AAL,45.7500,50.2200,43.8100,49.7400,46.8845,30117426,0.0000
941,2006-10-13,AAL,47.0200,48.3500,45.5800,45.9200,43.2838,21047185,0.0000
942,2006-10-06,AAL,45.0000,48.7100,44.8500,47.7500,45.0087,23445844,0.0000
943,2006-09-29,AAL,46.7500,48.2900,43.5500,44.3300,41.7851,22892225,0.0000
944,2006-09-22,AAL,46.2300,47.4800,44.2000,46.0400,43.3969,17923592,0.0000
945,2006-09-15,AAL,40.9800,47.4400,40.0500,46.2300,43.5760,27123861,0.0000
946,2006-09-08,AAL,42.7300,43.3900,38.8000,41.1600,38.7971,24409383,0.0000
947,2006-09-01,AAL,40.1000,43.7500,40.1000,41.7500,39.3532,13941018,0.0000
948,2006-08-25,AAL,41.7500,41.9400,39.4800,39.4800,37.2135,14725469,0.0000
949,2006-08-18,AAL,38.5500,44.2700,37.7500,42.1000,39.6831,25762198,0.0000
950,2006-08-11,AAL,43.0800,44.1100,36.8000,37.1900,35.0550,35936729,0.0000
951,2006-08-04,AAL,47.8000,47.8200,42.7400,44.9500,42.3695,26126541,0.0000
952,2006-07-28,AAL,49.9000,51.5300,47.0500,48.2100,45.4423,21357641,0.0000
953,2006-07-21,AAL,47.2500,52.0300,46.3600,48.7700,45.9702,17147453,0.0000
954,2006-07-14,AAL,55.0000,56.4100,45.4200,47.2000,44.4903,29238339,0.0000
955,2006-07-07,AAL,50.6300,56.1000,50.3400,54.8100,51.6634,21789009,0.0000
956,2006-06-30,AAL,50.6300,50.9000,46.7600,50.5400,47.6386,18360053,0.0000
957,2006-06-23,AAL,45.5500,50.8700,45.5500,50.6700,47.7611,18424933,0.0000
958,2006-06-16,AAL,47.6000,47.7000,41.0000,45.2000,42.6051,33353085,0.0000
959,2006-06-09,AAL,45.4500,49.1000,44.1000,47.8200,45.0747,19603485,0.0000
960,2006-06-02,AAL,46.0000,47.3000,43.8500,45.8500,43.2178,16514746,0.0000
961,2006-05-26,AAL,47.4000,47.5000,42.7600,46.3700,43.7080,17939410,0.0000
962,2006-05-19,AAL,48.8500,49.9500,45.7900,47.4000,44.6788,14706703,0.0000
963,2006-05-12,AAL,49.1000,52.1800,46.4800,48.0200,45.2632,21623325,0.0000
964,2006-05-05,AAL,43.1900,49.2000,43.1900,48.5900,45.8005,21045040,0.0000
965,2006-04-28,AAL,39.2500,44.7000,39.0400,43.2600,40.7765,24241019,0.0000
966,2006-04-21,AAL,38.4000,39.6400,36.1900,37.7300,35.5640,24276675,0.0000
967,2006-04-13,AAL,39.6500,39.6500,36.7600,38.6300,36.4123,13105362,0.0000
968,2006-04-07,AAL,40.0000,40.7500,38.9700,39.6500,37.3738,14630831,0.0000
969,2006-03-31,AAL,39.1000,40.0200,36.7100,40.0000,37.7037,16487936,0.0000
970,2006-03-24,AAL,35.4500,39.9900,35.4300,38.7100,36.4877,20174264,0.0000
971,2006-03-17,AAL,33.2500,35.5000,32.7800,35.4300,33.3960,8427614,0.0000
972,2006-03-10,AAL,31.9000,33.8900,31.3800,33.2600,31.3506,9624129,0.0000
973,2006-03-03,AAL,33.9000,34.0700,31.3200,31.8700,30.0404,9063271,0.0000
974,2006-02-24,AAL,32.5000,35.0200,31.3000,33.5200,31.5957,8016622,0.0000
975,2006-02-17,AAL,31.0500,34.2000,30.5500,33.1500,31.2469,7675067,0.0000
976,2006-02-10,AAL,29.2000,30.7600,28.6200,30.0000,28.2777,7392762,0.0000
977,2006-02-03,AAL,28.7300,30.4100,28.3500,29.5500,27.8536,9087131,0.0000
978,2006-01-27,AAL,29.4900,31.5100,28.3000,28.8900,27.2315,7636193,0.0000
979,2006-01-20,AAL,33.5500,33.5500,28.6000,29.2400,27.5614,15471313,0.0000
980,2006-01-13,AAL,38.8000,38.8800,32.9600,34.0500,32.0952,11071046,0.0000
981,2006-01-06,AAL,37.2000,40.6000,36.8500,39.0000,36.7611,9674799,0.0000
982,2005-12-30,AAL,37.9900,38.8000,36.3500,37.1400,35.0079,3128150,0.0000
983,2005-12-23,AAL,35.1800,38.0000,34.0200,37.7300,35.5640,6391153,0.0000
984,2005-12-16,AAL,33.8000,35.5000,33.0500,35.1500,33.1321,7419304,0.0000
985,2005-12-09,AAL,32.0800,34.1800,31.3800,33.8800,31.9350,9362734,0.0000
986,2005-12-02,AAL,33.0500,34.9400,32.6300,34.2800,32.3120,6835121,0.0000
987,2005-11-25,AAL,32.7500,33.6800,31.2600,32.8500,30.9641,5008043,0.0000
988,2005-11-18,AAL,33.5000,34.5500,32.8400,33.0500,31.1527,10463003,0.0000
989,2005-11-11,AAL,29.0000,33.9600,28.3800,33.3500,31.4354,16962467,0.0000
990,2005-11-04,AAL,24.0000,29.0000,24.0000,28.8000,27.1466,16788473,0.0000
991,2005-10-28,AAL,22.0100,23.9000,21.7000,23.9000,22.5279,9263807,0.0000
992,2005-10-21,AAL,22.1500,22.4200,20.8500,21.9600,20.6993,14218231,0.0000
993,2005-10-14,AAL,22.2800,22.4000,21.4000,22.2700,20.9915,9746113,0.0000
994,2005-10-07,AAL,20.9000,23.0000,20.9000,22.1500,20.8784,16350134,0.0000
