Symbol,Name,Year,CSR Strategy Score,Community Score,ESG Combined Score,ESG Controversies Score,ESG Score,Emissions Score,Environment Pillar Score,Environmental Innovation Score,Governance Pillar Score,Human Rights Score,Management Score,Product Responsibility Score,Resource Use Score,Shareholders Score,Social Pillar Score,TRDIR Controversies Score,TRDIR Diversity Score,TRDIR Inclusion Score,TRDIR People Development Score,TRDIR Score,Workforce Score,Total Returns,Standard Deviation,Predicted Total Returns
A,AGILENT TECHS.,2002,70.15905316238096,82.68303441619048,70.74148302095239,91.3105242095238,73.38539343095238,80.31237186428571,62.802830501476194,33.333333333333336,69.51893962857143,75.36152994095238,72.61132954761905,75.32087970142857,77.75277525785714,58.78423087904761,80.07272241857143,100.0,28.571428571428573,64.14285714285714,53.714285714285715,61.607142857142854,90.47684471952381,0.16399414285714287,0.2978984761904762,1.64%
AAL,AMERICAN AIRLINES GROUP,2008,69.98495461866666,82.33115443866667,44.85699804,35.08237672313333,60.70805983733333,68.385213832,54.171207829333326,6.322751322666666,60.97161133066666,41.55118454866667,55.224511257466666,42.972229313999996,61.478969332,74.11971604733334,65.413182208,69.57142857142857,42.0,43.142857142857146,49.714285714285715,51.107142857142854,82.44082817066666,0.010724666666666667,0.44138177777777776,0.11%
AAPL,APPLE,2005,61.195534401764704,71.9619478482353,35.94214877352941,25.78657453617647,59.66457250529412,57.96567336235294,50.85597055529412,38.76139089,73.44726166352942,62.63522044235294,72.55172080770589,30.89328112529412,85.54609008823529,84.60021602117646,56.052130897058824,77.8,31.8,74.6,17.4,55.875,57.02136886176471,0.4606485882352941,0.3023784705882353,4.61%
ABBV,ABBVIE,2013,75.12870309111112,84.46752148444445,60.60225390555556,65.63028079088889,71.66570793333334,63.13866549333333,63.51848354777778,14.374256639999999,58.746188985555555,87.87031333222222,57.293866628888885,76.83979082666667,78.60358787,52.66558743444445,84.3086336911111,100.0,32.20726666666667,93.34035,30.840166666666665,65.31634,85.89618212333333,0.2363931111111111,0.24985455555555555,2.36%
ABNB,AIRBNB A,2020,29.136007795,46.61926971,25.253032515,58.157894735,29.320994024999997,50.58007725,22.48075113,0.0,11.136154935,0.9781242350000001,9.304813564,92.61494314000001,33.722201874999996,5.2407242709999995,52.821924034999995,100.0,29.5,27.0,0.0,,47.84109491,0.134128,0.466859,1.34%
ABT,ABBOTT LABORATORIES,2002,78.21854660285715,90.92663727238094,55.80346115428572,51.22261078785715,70.61522971761904,80.95088047714286,55.60341900904762,14.285714285714286,72.4017631957143,53.61613490047619,67.08041914904763,66.34667644,75.56622307571429,86.26172107761904,74.57901061809523,100.0,39.166666666666664,89.33333333333333,48.666666666666664,69.29166666666667,93.90441069857143,0.12607519047619048,0.19298804761904764,1.26%
ACGL,ARCH CAP.GP.,2008,4.6825396826666665,48.627319932,33.874613988,93.69067876733334,33.93417706466666,10.886189708666667,19.38297910053333,5.398669079,44.648146874,13.599753575333333,61.24371909533333,34.380972778,9.2603100838,15.9733109308,32.369538842000004,100.0,19.166666666666668,14.833333333333334,25.333333333333332,55.25,26.364941482,0.16586086666666666,0.19271293333333334,1.66%
ACN,ACCENTURE CLASS A,2004,69.54220949210526,91.91105755421052,69.82536188789473,95.5425496336842,69.98705010842104,75.13513246105263,65.00444416842105,48.288245438947364,69.64679777052632,53.174424693157896,71.28188117947369,42.38386813368421,80.53891694578947,64.26624526105263,72.11805747157894,100.0,72.14285714285714,89.14285714285714,69.57142857142857,82.71428571428571,93.42811346473684,0.16890326315789475,0.2095876315789474,1.69%
ADBE,ADOBE (NAS),2002,42.72767307180953,98.11892846333333,62.25182046809524,82.98692806666666,64.21288598476191,70.30988729142857,54.68092852814285,35.107557198095236,62.484899142857145,40.06435816857143,72.31028297714286,38.26367520857143,70.35945112904763,42.905103743666665,69.54039137,100.0,34.42857142857143,52.42857142857143,59.714285714285715,61.642857142857146,83.20291291428572,0.21504004761904763,0.2911721428571428,2.15%
ADI,ANALOG DEVICES,2005,61.99936089722222,72.99292433111111,65.58126554388889,92.927689595,66.5045165111111,78.79275381444444,75.59431802444445,73.47491899277777,65.05298426444445,47.949527208888895,66.60062298666668,63.84002056333333,75.093299185,61.92993744294444,60.77346829111111,100.0,31.857142857142858,17.857142857142858,47.0,57.5,67.55354273611111,0.13711844444444443,0.2422342777777778,1.37%
ADM,ARCHER DANIELS MIDLAND,2005,51.21863362222222,75.03633536277778,55.09097174111111,75.05183911422222,58.43163829777778,49.87366964111111,53.17927147388889,68.73650708277778,65.80674816666667,57.99690999277777,69.99215317888888,47.247980515555554,53.37342618444445,61.58080782222222,57.507036544444446,94.57142857142857,29.714285714285715,33.285714285714285,49.42857142857143,51.75,55.51938127166667,0.13619394444444446,0.2576912777777778,1.36%
ADP,AUTOMATIC DATA PROC.,2002,23.717901431500003,75.28588850700001,48.7466464185,99.22619047650001,48.7466464185,40.886745647,19.1106580235,3.3845821445,51.089624885,12.146755930000001,55.616722245999995,40.975041652499996,25.5613674479,54.2471159855,56.3505641535,100.0,36.2,66.6,38.6,60.35,78.6207465845,0.11260049999999999,0.19582365,1.13%
ADSK,AUTODESK,2002,58.1635183790909,69.86184301363636,64.67073774272727,99.65034965045453,64.67073774272727,69.1517690890909,55.85343648,44.146362675,77.35282241045455,38.76256435863637,86.04012016681817,26.05801718590909,62.59731314681819,61.18803257545455,53.01498953750001,100.0,32.76927142857143,36.52381428571429,57.09250000000001,56.59638571428572,72.17624059181819,0.25114359090909094,0.3541453636363636,2.51%
AEE,AMEREN,2002,46.733095346666666,75.41945918333333,38.73788921047619,90.23965141571428,38.96043918,45.61747295809524,32.6139936267619,28.756778522380955,61.35080406619047,1.1779636771428572,56.55756676428572,22.60995963,22.531024154761905,87.07340088714285,31.309209254761907,100.0,22.571428571428573,26.571428571428573,44.714285714285715,48.464285714285715,30.545089599047618,0.09401480952380951,0.17345319047619048,0.94%
AEP,AMER.ELEC.PWR.,2002,71.05369504699999,83.8492794925,59.7209898345,89.79156456550001,60.998055364,69.4903516155,59.9513264025,26.941040508049998,68.448298746,7.7733224285,67.1440082805,38.9723893095,78.4167857745,71.0590027575,56.6358983255,100.0,46.0,71.5,59.833333333333336,69.33333333333333,71.619088288,0.0954221,0.19268210000000002,0.95%
AES,AES,2005,52.12832221882353,62.132932255294115,49.30925375705882,90.97247360529411,50.37936216941176,48.076843708235295,32.053760856764704,32.73726263117647,89.15643180294119,26.279648005294117,95.00213173235295,38.22487919647059,13.542519631529412,94.35617176352942,44.51509493823529,100.0,38.833333333333336,22.666666666666668,65.33333333333333,62.125,45.01152804529412,0.09990158823529412,0.2678833529411765,1.00%
AFL,AFLAC,2002,42.08605418561905,84.30576436857143,52.03016177000001,92.34977324285714,53.26117901761906,56.45172588,39.3179587247619,0.0,53.918643999523816,11.61727410095238,62.080345000476186,46.33200879904762,58.25749140714286,34.601367209523815,61.36030490857142,90.14285714285714,42.0,67.71428571428571,51.142857142857146,62.75,78.56302844857143,0.12598214285714285,0.2484669523809524,1.26%
AIG,AMERICAN INTL.GP.,2002,33.72319879619048,72.55180972809524,38.77029327761905,43.75730799009524,49.806792037142856,45.44759161285714,48.16726951190476,31.16944042333333,56.172274769047625,12.98184714047619,58.729596812,43.287934786190476,23.11858365252381,62.613918604285715,49.31977619285714,100.0,33.714285714285715,55.0,37.285714285714285,59.583333333333336,52.40722801809524,0.04144452380952381,0.40622390476190473,0.41%
AIZ,ASSURANT,2004,18.397002286842106,68.9075941031579,46.583526849473685,89.92788461526315,47.57736987947368,22.020906506000003,28.61966996842105,0.0,62.9901377631579,6.357349488421053,75.86787015210525,45.889644311052635,45.52507765326316,49.79312012526316,44.100189707263155,100.0,29.714285714285715,52.0,35.142857142857146,54.214285714285715,40.83358610526316,0.14525933333333332,0.2473942105263158,1.45%
AJG,ARTHUR J GALLAGHER,2008,29.570667614999998,79.29046192785714,50.791929415714286,97.07276557785714,50.791929415714286,14.76379787642857,29.244458700714286,17.57900215,66.65797273714286,18.105474885714283,80.24768938785714,25.262020452857143,3.7083425022142857,46.083787325,47.63534943642857,96.0,26.166666666666668,9.0,39.333333333333336,47.375,51.236690717857144,0.1999824285714286,0.18076564285714286,2.00%
AKAM,AKAMAI TECHS.,2004,27.023315926944445,68.27671995555555,44.119507786666674,87.500746045,44.85978052611111,50.408026985,34.74058587333334,26.704118564611107,49.77924262333333,6.926549623888889,51.207157207499996,24.54981094833333,35.010914873888886,60.19014514277777,42.67225364388889,100.0,21.333333333333332,49.833333333333336,8.333333333333334,56.75,47.08026830277778,0.23512872222222223,0.3647601111111111,2.35%
ALB,ALBEMARLE,2002,62.85344750666667,78.18628041666668,51.26119670666667,86.44536019538096,54.5757222952381,46.74877456447619,45.360797691904764,50.355517699523816,67.88150295904762,47.071870206190475,73.30266939428572,58.41228227857143,39.055210639523814,53.162985137619046,56.33082230761905,100.0,22.0,5.0,41.5,51.75,51.7393006547619,0.2271267142857143,0.3252183809523809,2.27%
ALGN,ALIGN TECHNOLOGY,2015,5.969996985250001,40.93392507625,35.56943900375,90.99161255375,35.56943900375,24.40610801875,14.210429917625,0.0,52.4054937175,17.10476861125,66.29532474999999,31.9451214275,19.228869690625,37.063054762625,30.35284370875,100.0,23.142857142857142,7.285714285714286,16.285714285714285,44.083333333333336,31.3611909775,0.3362125,0.417804875,3.36%
ALL,ALLSTATE ORD SHS,2002,49.833181876047625,86.00987178,63.16046933142857,74.50660829095239,68.68646948571428,61.57213504714285,70.06592161666667,55.88651199857143,69.83459328904762,11.61727410095238,71.07922590190476,72.05764547952381,62.67800736471428,79.02009217619047,70.64651588666666,100.0,42.857142857142854,71.28571428571429,63.57142857142857,69.42857142857143,87.85132087238095,0.118198,0.21989638095238093,1.18%
ALLE,ALLEGION,2013,6.4377470356,52.670348780999994,48.011832447,100.0,48.011832447,28.584990662000003,34.8667059151,40.610817251,50.718699525,57.680637027,66.468197921,51.823502511,30.701499981,27.741006530599996,52.807151727999994,100.0,28.0,0.0,30.166666666666668,,51.28042101999999,0.13164733333333334,0.2282251111111111,1.32%
AMAT,APPLIED MATS.,2002,56.065240835500006,91.632672004,65.2622094435,99.4065656565,65.2622094435,65.48401019399999,66.6909007925,61.332852798,74.6667678865,26.335328192500004,76.3687583335,63.094863804,74.7171251995,81.3944844335,58.52342880050001,100.0,34.166666666666664,28.333333333333332,44.333333333333336,51.708333333333336,76.1389965025,0.20299815,0.3119648,2.03%
AMCR,AMCOR,2004,68.91188628894736,90.70424283684211,63.03343710421053,94.32017543842105,63.03343710421053,64.93251968999999,63.87974476789474,27.921142688947366,70.58261206052632,47.6463398368421,69.73070513263158,49.626906228421056,84.86015860947369,74.53611900578947,57.812347243684215,100.0,38.5,0.0,51.0,,53.53396824052631,0.07593366666666666,0.2568253333333333,0.76%
AMD,ADVANCED MICRO DEVICES,2002,69.52167843809524,87.54219884952381,56.57302963904762,78.14262457142857,61.85901138047619,71.86238498,60.67401163428572,29.790573780000003,58.961931428095234,43.22952604857143,52.39448132190476,53.371409484285714,88.7918319204762,73.81360043904762,64.47663540952381,100.0,27.571428571428573,46.285714285714285,49.42857142857143,55.82142857142857,87.33268698904762,0.422288380952381,0.5833412857142857,4.22%
AME,AMETEK,2008,7.4474667469230775,63.49692058076923,29.659042973076925,96.15384615384616,29.659042973076925,13.352397491923076,20.05211456669231,29.102844960769232,37.86890231307692,5.846683567692308,47.25068704492308,45.184205180769226,6.093811588461539,26.87724358107692,32.19006777923077,100.0,22.0,4.2,23.6,48.5,17.411751107692307,0.184431,0.2219440769230769,1.84%
AMGN,AMGEN,2002,59.96786794095239,76.54445552714286,49.626737993333336,71.34511502385715,53.36885472619048,50.92396637095238,52.046124080000006,4.58394988047619,53.69014271095239,35.5489277247619,47.03367138057143,37.801059306190474,67.29471827809523,71.69323033333333,53.80293877,100.0,23.5,69.33333333333333,32.666666666666664,56.375,69.23701371380952,0.10812271428571428,0.24034209523809522,1.08%
AMP,AMERIPRISE FINL.,2005,12.676623652941176,84.3428307482353,53.16263325588235,83.4498679864706,54.00982508176471,25.64659228529412,33.24275188529412,9.394351998235294,56.446515121764705,0.0,61.29773408647059,53.08798271941176,18.424570182941178,69.45571288588235,64.97852137999999,100.0,23.833333333333332,71.0,39.833333333333336,58.666666666666664,64.94479077352942,0.23390024999999998,0.30284574999999997,2.34%
AMT,AMERICAN TOWER,2004,28.37031635421053,71.79399402263158,51.48971839263157,97.36842105263158,51.48971839263157,43.82503250578947,36.30281671631579,0.0,61.07940971052632,6.158080093157895,65.60789347736842,41.20093823631579,38.326443592631584,67.7905260563158,60.147143926842105,100.0,22.142857142857142,16.285714285714285,35.857142857142854,52.166666666666664,72.54900334684211,0.21033184210526315,0.21144752631578945,2.10%
AMZN,AMAZON.COM,2002,17.491021622380952,64.0590010352381,34.060015270476185,34.98615160871428,49.015227643809524,30.26083568242857,29.367983144761904,31.289450733333336,64.70122920428571,28.461945885238098,68.37647072714286,34.07992524380953,27.90804442857143,83.92389585,50.39072093238095,56.0,45.166666666666664,70.83333333333333,44.0,54.0,61.93978697190476,0.4079814285714286,0.3546038095238095,4.08%
ANET,ARISTA NETWORKS,2015,30.832234104999998,69.62188720750001,46.25306246625,83.594877345375,47.81783630125,54.5979225025,50.144139556249996,39.0102881825,53.81568340625,31.85468665625,70.41939699875,12.6314755125,64.39527540125,13.792270966875,40.41954747125,100.0,24.428571428571427,16.285714285714285,7.142857142857143,39.125,48.147976795,0.38375975,0.3899085,3.84%
ANSS,ANSYS,2009,9.847010471538463,69.73999073692308,51.806071273076924,100.0,51.806071273076924,10.359647536153847,33.97108386692308,55.11507436307692,51.07939276923077,21.347116384615386,68.61607104461538,77.57339031615385,21.52005409230769,20.112053387538463,58.86343547384615,100.0,27.5,12.5,28.166666666666668,53.5,37.550855045384615,0.252019,0.23810392307692307,2.52%
AON,AON CLASS A,2002,24.705714028,68.41708790599999,47.2516773005,74.8209756243,51.3854893285,37.7921531373,37.066762572,4.9173311075,64.634345778,11.1226586595,75.824538803,50.2552932805,41.89126348,53.9527901915,49.3145858985,100.0,33.5,40.5,41.833333333333336,53.958333333333336,52.096484458999996,0.15744015,0.2201987,1.57%
AOS,SMITH (AO),2015,16.025961062857142,77.46854994142858,43.543960844285714,100.0,43.543960844285714,16.45776201514286,38.414764901000005,52.31430385428571,58.09181282428572,8.914140130000002,82.65152085714286,23.719502335714285,30.104988136142858,4.270020542428571,37.14265986142857,100.0,21.6,0.0,57.8,,44.73842728142857,0.22005714285714287,0.24392742857142857,2.20%
APA,APA,2005,56.21926755944444,65.89779998444445,38.30135789111111,92.52371486377778,39.959894159444445,51.80788544111111,37.023110324166666,0.0,45.66002619,32.62400462111111,42.28746106216667,14.559005403888888,53.15920341444444,49.862415705555556,39.178857299444445,100.0,23.571428571428573,26.857142857142858,42.285714285714285,48.17857142857143,43.105724502777775,0.08021827777777778,0.42759522222222224,0.80%
APD,AIR PRDS.& CHEMS.,2005,81.11365571444445,84.60184154277778,72.77920060722222,97.87037037055556,73.17573513722222,89.61286594722223,79.65467493277778,78.76826349000001,70.33570406166666,55.21198333944445,66.47839895777777,73.08811431166666,71.13612819666668,76.00808664277777,68.09672772833333,100.0,37.57142857142857,48.714285714285715,50.0,59.07142857142857,72.10172551444445,0.1607245,0.21299205555555556,1.61%
APH,AMPHENOL 'A',2004,20.02753602705263,62.80365181052632,40.024871033684214,96.98464912263158,40.250134474736846,18.654232564210528,25.82925474,28.91761716473684,54.801451178947374,14.15086063894737,58.83817836478948,78.09900866421053,29.78280818210526,64.52830399105264,44.12320550789474,100.0,24.857142857142858,18.571428571428573,16.857142857142858,40.07142857142857,41.41917879368421,0.21509684210526314,0.23578005263157897,2.15%
APTV,APTIV,2011,36.963738254166664,79.21514070083333,47.89315402333333,97.55047997333334,47.89315402333333,46.57031005583334,42.7968386025,36.4308081875,53.256020041666666,39.736446261666664,59.0398980125,56.731144455,51.000733680916674,44.837948000833336,48.93209735666667,100.0,34.57142857142857,11.857142857142858,31.0,55.3125,31.292213380833335,0.23896445454545454,0.30681600000000003,2.39%
ARE,ALEXANDRIA RLST.EQTIES.,2009,31.151009784285716,59.60606839214286,47.930625115714285,100.0,47.930625115714285,41.45062486692858,33.86807551357143,42.86114051285715,61.06804930214286,5.873326514285714,78.15037666357144,62.75049214928571,24.511169246571427,24.07165111685714,51.412276372142856,100.0,20.4,0.0,34.4,,44.41773681571429,0.11796435714285715,0.23135971428571428,1.18%
ATO,ATMOS ENERGY,2009,19.563812445714287,69.75584284,30.308498322142857,87.5,30.308498322142857,23.18327058164286,15.627803146785713,14.464392717857143,46.710293875,0.0,47.96737078428571,36.70846166214285,9.661883278071429,60.617691802857145,33.334933667142856,100.0,24.0,0.0,36.75,,29.297743970714286,0.15827478571428572,0.16662785714285716,1.58%
AVB,AVALONBAY COMMNS.,2004,44.485569160555556,79.49360766277778,55.46478123111111,93.76984127,55.46478123111111,42.60823316611111,41.554661787222216,50.58560667777778,65.84246443833334,28.258593211666668,69.88355374833333,32.980698075,38.30920239611111,66.61009692777778,61.69639132611111,100.0,30.166666666666668,15.666666666666666,40.5,56.125,70.15337951444445,0.1735173888888889,0.21152983333333333,1.74%
AVGO,BROADCOM,2010,21.73349903307692,53.44858723,36.03142899076923,70.6349206346923,42.16107235846154,12.551519383846154,32.71233643446154,60.670978410000004,48.17254380384615,34.52507025538462,44.16285315084615,76.05590082923078,17.289427341076923,79.16420915384614,45.38956427307692,100.0,21.285714285714285,6.285714285714286,27.714285714285715,45.333333333333336,28.720633576923078,0.36253992307692307,0.2969066153846154,3.63%
AVY,AVERY DENNISON,2002,31.832516909190478,60.36301994571428,50.05420651880953,96.72619047619048,50.3626714697619,43.72359392952381,49.60809983566667,43.87102214095238,47.998308937809526,43.611359564761905,52.85403193719047,37.19100473571429,58.67168067095238,42.58976029904762,52.44085844404762,100.0,50.666666666666664,25.666666666666668,69.0,61.333333333333336,73.28436542380953,0.11686119047619048,0.2471839523809524,1.17%
AWK,AMERICAN WATER WORKS,2008,50.315863612,83.78972252,65.44067249533333,87.777777778,67.29425162266666,44.497849803533335,59.036244406,66.97497228933334,75.676436458,62.216465072666665,82.08100329333334,87.80842417933333,66.95903243886667,71.23492890733334,71.98621907733333,100.0,45.57142857142857,29.857142857142858,45.285714285714285,55.17857142857143,63.389221164,0.18979492857142857,0.17244371428571428,1.90%
AXON,AXON ENTERPRISE,2015,3.8503850383333336,28.54840185333333,24.54550737,88.23529411833333,25.306451416666665,5.05952381,2.2676343266666668,0.0,42.25560572333333,16.366396123333335,50.25714128966666,45.88708911166666,1.568627451,41.18730095833333,25.266599285,100.0,11.6,4.2,5.4,40.75,20.698087906666668,0.35769,0.4978301666666667,3.58%
AXP,AMERICAN EXPRESS,2002,42.84699461428571,88.43287878857143,52.66817364142857,65.64250851095238,58.01123765809524,53.13391437004762,42.315614415714286,8.326403159809523,69.9278562752381,11.122233427142858,70.88584267904761,62.6248680752381,58.21372679142858,84.7884760347619,59.20470021809524,100.0,37.857142857142854,70.71428571428571,50.714285714285715,64.82142857142857,63.41074506142858,0.1492630476190476,0.25415866666666664,1.49%
AZO,AUTOZONE,2002,11.101296978095238,65.04144361333333,44.83369348476191,90.08673031285714,45.53381803714286,29.270729597142857,19.440593158571428,2.2606393458571428,52.62128074333334,35.311948173333334,64.35354742523809,51.48658319,21.388392481619046,41.1937143152381,50.897052793523805,100.0,25.2,13.0,52.8,47.75,44.21760725714286,0.2006805238095238,0.2248308095238095,2.01%
BA,BOEING,2002,47.546700790476194,84.35131534285715,48.66155674428571,37.16815124028572,67.49434359,86.42781274857143,77.5392698695238,63.69191912619048,67.86440283380952,44.59098593142857,70.64308328380952,43.747895482380954,84.1510136852381,72.14726936523809,61.7872086195238,80.57142857142857,33.57142857142857,54.57142857142857,63.57142857142857,58.07142857142857,75.32402240619048,0.14561819047619048,0.28707066666666664,1.46%
BAC,BANK OF AMERICA,2002,68.14916620000001,86.5408944252381,39.52606047380952,15.751873010619047,67.27876438857143,74.30500599619047,82.36823890095238,68.21466922809525,65.0367682247619,32.390695792857144,64.59984989,77.64100610285715,83.37049497047619,64.41823069142858,67.60626523761906,84.0,43.0,88.85714285714286,65.0,70.21428571428571,68.78065047523809,0.09764242857142857,0.32313557142857147,0.98%
BALL,BALL,2002,53.3269673935,67.180274859,57.86696907100001,95.5,59.1162351275,76.808272344,65.768268886,26.863101358,45.7840938525,53.37083559599999,52.884082938999995,43.0952453855,79.116979108,17.08888120635,60.96483877199999,100.0,37.166666666666664,31.333333333333332,66.0,58.625,83.269932173,0.1895386,0.2206847,1.90%
BAX,BAXTER INTL.,2002,92.54998387380952,89.51319607,69.57867791333334,66.01815335385714,79.61952113857143,88.70736334809524,66.84641629238095,26.19047619047619,80.03569727571428,62.67155487380952,78.29003077333334,87.72456508095239,90.34015759285714,77.51172788095239,83.83061440095238,100.0,44.42857142857143,68.71428571428571,47.142857142857146,65.07142857142857,98.23559709523809,0.08336295238095238,0.21078771428571427,0.83%
BBWI,BATH AND BODY WORKS,2005,19.080969169263156,79.61122000157894,55.01965611842106,95.3435270868421,55.12706540105264,69.69815448105264,60.45001726052632,17.248051598789473,46.025993812631576,40.56806353578947,45.87044880052631,61.11312731368421,82.64310424473685,64.50782695368422,61.11330962368421,100.0,28.518185714285714,42.142857142857146,43.97744285714286,53.659614285714284,53.40006888736842,0.22854452631578948,0.38269484210526317,2.29%
BBY,BEST BUY,2002,57.995610549090905,84.06187163136364,52.79588950090909,63.456765295500006,61.930897573636365,61.374441056818185,56.93547465786364,29.487206304999997,61.832894495454546,52.43928350454546,57.42974827168182,54.556032515,73.38741544545455,79.06823786636363,64.29402779,97.28571428571429,45.43747142857143,54.4898,40.95562857142857,59.54215714285714,59.83627567181818,0.1881922727272727,0.3620475,1.88%
BDX,BECTON DICKINSON,2002,65.35176651238096,88.38949852809525,61.929975791428575,69.17425237004761,67.15537918761905,65.3818106677619,57.33058967619048,33.333333333333336,62.988951836666665,56.95665208,68.38043399190477,70.08963777666666,77.26313386457143,43.442134862380954,73.80195826761904,94.85714285714286,44.142857142857146,48.857142857142854,36.57142857142857,56.107142857142854,82.75202560238095,0.13095071428571428,0.1807670476190476,1.31%
BEN,FRANKLIN RESOURCES,2005,23.575802756444446,71.47447045,47.99425079833333,92.73267943222223,48.43039298111111,50.60828649622222,44.68872411722222,16.669039343888887,48.63117711833333,0.0,49.95637554722222,44.05571816444444,42.36362166033334,60.91743192777777,54.76832718166666,100.0,35.5,57.833333333333336,25.166666666666668,54.625,54.719469222222216,0.07573283333333333,0.28225994444444447,0.76%
BG,BUNGE GLOBAL,2004,67.33286654277778,70.19119332777778,57.80522450777778,57.85430132127778,67.46912039222222,69.45478710722222,70.93659599888889,67.58176646,73.12358064833333,63.550780430555555,75.46128626611112,66.20687571444445,73.08937079833333,69.19170465388889,61.98885345888888,88.5,24.833333333333332,2.5,48.166666666666664,46.25,48.50351603611111,0.12488033333333333,0.2803221111111111,1.25%
BIIB,BIOGEN,2002,58.57632522714285,85.88718287666667,50.87731621238095,73.03281933142857,54.44845477047619,50.977810881428574,48.882154616190476,0.0,56.397876825714285,24.77103466333333,53.23290200857142,57.762293475238096,61.66071036095237,65.49549394809524,55.87542744904762,100.0,37.57142857142857,70.14285714285714,61.57142857142857,67.32142857142857,66.11309657904762,0.14191928571428572,0.328266380952381,1.42%
BIO,BIO-RAD LABORATORIES 'A',2009,11.664166560714287,50.055621505714285,30.494618929857143,94.60064935071429,30.494618929857143,19.16721919892857,17.565480091428572,0.0,22.38779273571429,35.66798930714286,20.679136854214285,36.21085906357143,37.520156321428566,35.23239646064285,41.23418170442857,100.0,29.0,33.833333333333336,19.0,53.833333333333336,44.93116803642857,0.16404307142857144,0.2322975714285714,1.64%
BK,BANK OF NEW YORK MELLON,2002,60.87858285095238,88.43871571428572,47.419598404761906,62.24982871952381,54.984194283809515,62.27973850957143,70.76838752238095,52.30017270761904,39.656963499571425,33.59956101952381,30.02490655504762,44.80603299095238,63.11021009095238,57.6160737437619,72.44711183714286,100.0,39.714285714285715,71.85714285714286,54.42857142857143,66.5,80.59688057952381,0.056784666666666664,0.24851628571428575,0.57%
BKNG,BOOKING HOLDINGS,2007,18.748689083125,55.6125790775,25.006122563125,70.53531621125,26.664050189375,23.270468629375,16.5332573975,3.49454365125,36.46049410875,9.60324020875,30.6588889968125,16.062125579375,12.3202491454375,67.6070478325,26.211563249375,100.0,28.166666666666668,20.5,28.166666666666668,53.625,28.6055970175,0.3787550625,0.322294375,3.79%
BKR,BAKER HUGHES A,2002,61.93649058333333,76.08998883142857,61.04376992380952,82.83730158714286,64.72643357380952,63.98062298714285,63.47763028285714,47.788571993333335,65.02981972666666,51.90546567761904,71.86248207057143,53.64690242809523,68.50601658304761,44.31649800628571,65.53752413238095,97.28571428571429,42.57142857142857,17.857142857142858,42.42857142857143,50.035714285714285,79.54401214142857,0.048638238095238095,0.3609359523809524,0.49%
BLK,BLACKROCK,2008,30.968531627333334,74.40591428333333,50.017187346,83.69664018733333,52.745725474,37.55643272933333,44.097343824,26.489059694666665,51.80054443466667,37.773646512,53.1702762,33.29414398866667,40.04502987266667,61.12278041933334,61.24909666533333,100.0,48.57142857142857,87.71428571428571,55.285714285714285,72.89285714285714,69.30857228199999,0.15305213333333334,0.28207766666666667,1.53%
BMY,BRISTOL MYERS SQUIBB,2002,90.348722232,90.3932890495,66.517537263,67.5380754725,76.228148003,84.27744121250001,78.2620056925,23.871162378,72.419554565,61.679866921999995,67.48275671249999,75.5070594765,89.1653667175,76.922768963,77.7786223685,96.0,32.0,88.0,51.833333333333336,66.95833333333333,88.2514191425,0.0784268,0.2331798,0.78%
BR,BROADRIDGE FINL.SLTN.,2007,10.305171130000002,63.42254815647058,41.20070783735294,100.0,41.20070783735294,32.13493963070589,30.96872106858823,21.917372503529414,47.228435082588234,21.335682379411764,46.991449422294124,59.3993562617647,36.73679124988235,72.63389659235294,42.08870535147059,100.0,14.857142857142858,49.0,32.285714285714285,54.95,31.95015803529412,0.21768975000000002,0.23178400000000002,2.18%
BRO,BROWN & BROWN,2004,2.513682941157895,43.631782937894734,35.137591610526314,95.61403508789473,35.79027554421052,1.667962782210526,15.725217289736843,0.0,52.85313154789474,4.629792098421053,53.602757358894735,35.398226775789475,1.4057579847368422,83.91401124789473,31.21512222473684,96.83333333333333,12.333333333333334,4.5,41.833333333333336,50.0,31.386080138421054,0.14136489473684213,0.19671094736842107,1.41%
BSX,BOSTON SCIENTIFIC,2002,31.40013991952381,83.8418271204762,48.953387244285715,61.591681862,54.10041473238095,73.2701259302381,40.84344779919048,0.0,52.199846821904764,27.584513665714287,59.04795077761905,61.735395307619044,51.36440988380952,43.23930490190477,60.2425558547619,100.0,43.666666666666664,69.0,37.666666666666664,62.583333333333336,69.93237393666666,0.12647985714285714,0.2746960476190476,1.26%
BWA,BORGWARNER,2007,34.056095519375,73.936110945,44.449885633125,96.982758620625,44.449885633125,23.8916982826875,47.78451541,62.0718335075,41.032220360625,42.298289035,36.803058415,33.250358331875,47.88125976625,59.780176745625,43.7165079325,100.0,33.333333333333336,12.5,50.666666666666664,49.0,30.51417503625,0.1490303125,0.336211,1.49%
BX,BLACKSTONE,2017,10.8186022775,83.575215075,24.655636379999997,69.59057072,27.198805084999996,41.54326066,27.2458414575,22.95001357,2.4211150530000003,20.490118125000002,0.8082837174999999,45.31461534,23.6879919725,2.1988946890000003,56.5240961475,100.0,13.5,23.5,20.5,51.5,39.1916791875,0.3589325,0.26228025,3.59%
BXP,BOSTON PROPERTIES,2002,33.696030751,65.54810276650001,44.2864432895,93.75,44.2864432895,48.940381667500006,43.048599509999995,21.788499624000004,42.0882394665,2.8687510135,47.0682605015,29.9511619215,42.840078708,31.08297515655,48.165874544,100.0,26.166666666666668,30.666666666666668,36.0,48.208333333333336,52.1872831935,0.13143255,0.2292421,1.31%
C,CITIGROUP,2002,81.52453315,87.34830476904762,44.63530436666667,24.220406411142857,73.46789534428571,80.88078888780953,85.54751450952381,70.65358201142857,71.17047286571429,61.77911250333333,70.64670081666667,50.623690461904765,88.4524872352381,66.01367284095238,72.09653561428571,94.85714285714286,40.42857142857143,74.14285714285714,56.714285714285715,66.53571428571429,79.04395795190476,-0.009283428571428564,0.3499672380952381,-0.09%
CAG,CONAGRA BRANDS,2005,69.96321242111111,91.20181862833334,61.429197424444446,65.44733712688888,67.29344449277778,54.795397466111105,60.98468303166666,65.58392617444444,71.16735354722222,28.349689204999997,65.18247689649999,81.70510155666666,66.25411996888889,91.91970313438888,69.06782114666666,100.0,32.166666666666664,30.5,58.5,55.291666666666664,81.46320027944445,0.10228572222222222,0.20833483333333333,1.02%
CAH,CARDINAL HEALTH,2002,22.486179049500002,74.36761080149999,40.6198040555,76.586049882,43.835341759,33.12730947555,29.84998932475,12.262232774000001,56.089767425000005,12.2336791495,58.405210746,41.984416073,32.902620018,70.77401526700001,45.392213668,93.66666666666667,24.833333333333332,52.0,17.0,55.166666666666664,51.41464239849999,0.04823224999999999,0.24345084999999997,0.48%
CARR,CARRIER GLOBAL,2020,90.47914686333333,98.07374638333333,61.480952916666666,100.0,61.480952916666666,77.29665877000001,48.84062216,17.242418216666668,54.25358580666667,62.4807339,37.68903383333333,76.52792626,91.87331534333333,85.31838503333333,78.56246785,100.0,21.666666666666668,51.0,55.666666666666664,57.083333333333336,80.66960242666666,0.11305899999999999,0.305658,1.13%
CAT,CATERPILLAR,2005,57.811844141666676,88.65817812833333,59.92919465555556,71.74830565083333,64.55785346500001,70.49199180166666,63.48370212444445,52.215683335,58.775684945555554,51.69720311611111,64.39856938166666,74.70261585,82.36092086611112,40.67529735222222,69.951103565,96.0,41.833333333333336,35.833333333333336,51.666666666666664,56.333333333333336,68.404680015,0.15474005555555556,0.3005121111111111,1.55%
CB,CHUBB,2002,28.501274680523814,62.35117309952381,42.22829955857143,83.1208038004762,42.958224452857145,57.28877110285715,50.61741719333333,18.02455364395238,54.55534906857143,7.064756430952381,69.15130642380953,24.55783769857143,27.367485409380954,23.27154080195238,37.36418648666667,100.0,22.428571428571427,19.714285714285715,44.857142857142854,47.833333333333336,40.489414153333335,0.11994090476190478,0.2077187619047619,1.20%
CBOE,CBOE GLOBAL MARKETS(BTS),2010,18.723674686923076,67.24623074230769,41.265143056153846,84.28135140307693,41.79474214230769,22.788405440769232,18.584473137692306,0.0,47.10520764230769,0.4543994038461538,45.87037833923077,31.629773201538463,18.816253226923077,70.14232728461539,47.06958675692307,100.0,17.571428571428573,11.571428571428571,39.857142857142854,45.0,43.79578763769231,0.20911908333333337,0.19933625,2.09%
CBRE,CBRE GROUP CLASS A,2004,74.16531003444445,94.83935818777778,71.97621189388889,92.54385964888888,74.42760357944445,71.76925444,60.96573190111111,49.26669680388889,80.44535222555555,54.97683336944445,82.58556523055556,37.97428457777778,57.60704987722222,77.49800367383334,80.77208819111111,100.0,25.833333333333332,46.0,53.0,56.208333333333336,89.71831224444445,0.3014887647058824,0.38160776470588237,3.01%
CCI,CROWN CASTLE,2004,16.510991287894736,57.68051047789474,35.785489550526314,93.31140350894736,36.496426768947366,18.837651237,17.66497092836842,1.4299447247368422,49.40869221263158,16.76782738631579,53.82702281157895,31.544134407368418,20.624339692105263,56.61272416578948,46.14375189789474,100.0,15.166666666666666,3.5,26.166666666666668,53.25,50.42954625210527,0.22106526315789474,0.22808036842105264,2.21%
CCL,CARNIVAL,2002,74.18234069142856,72.61432321619047,55.06621893047619,78.40677872271428,60.43285263047619,82.18533561095238,62.03581088,7.696778177619048,57.19893735952381,44.08609751904762,49.93380825519047,56.07663674714286,51.796100775238095,70.09376549142857,61.627021193333334,100.0,31.428571428571427,51.285714285714285,54.857142857142854,65.125,76.11160886190476,0.021811952380952376,0.32925171428571426,0.22%
CDAY,CERIDIAN HCM HOLDING,2017,31.81528001166667,85.74745603666668,39.603241415,100.0,39.603241415,28.159241413666667,17.0379109325,0.0,30.296870386,25.473567900000003,31.18833327216667,34.70314728333333,32.340905185,26.31305433,58.272110010000006,100.0,28.166666666666668,16.833333333333332,48.0,58.666666666666664,64.77872513833334,0.28308500000000003,0.446848,2.83%
CDNS,CADENCE DESIGN SYS.,2005,10.629799022941176,67.0579574117647,42.74388104529412,94.23076923076471,43.53753938117647,15.235607894705883,16.714210569411765,19.07989733470588,51.42941908764706,15.527812917647058,47.46709372058824,36.276471058235295,14.545696666470588,91.83691701764707,43.71767750058823,100.0,19.333333333333332,14.666666666666666,25.833333333333332,47.083333333333336,29.03445668764706,0.2557679411764706,0.2761751176470588,2.56%
CDW,CDW,2015,25.76367605375,86.5036938175,47.93023313375,100.0,47.93023313375,47.42843722375,19.423517530625,0.0,58.92938680625,15.99702380875,71.392815565,49.36531444875,47.3720309475,39.49509811,53.3622781175,100.0,26.0,45.857142857142854,34.857142857142854,51.67857142857143,72.41110043500001,0.269239125,0.253521,2.69%
CE,CELANESE,2004,34.34919033905555,63.86821434277778,43.84520347388889,96.064814815,43.918022755,25.062759451277778,40.199564890000005,70.361410605,59.86152843944444,15.06277044277778,64.67328743555555,62.42148380222222,24.33359097583333,60.83055718444445,38.38569022222222,100.0,22.0,27.5,8.0,52.75,37.28126246555556,0.23988338888888888,0.3247572222222222,2.40%
CEG,CONSTELLATION ENERGY,2021,85.57924977,65.52994371,42.547498165,100.0,42.547498165,39.653143515000004,34.997518585,24.014077423499998,37.552125365,40.867224875,19.42185958,15.224555485,39.485444675,65.968261695,56.263142855,100.0,30.0,37.0,53.0,55.0,74.71186681500001,,0.489678,nan%
CF,CF INDUSTRIES HDG.,2007,42.601877028749996,80.625685220625,40.899610360625,94.0324074075,40.899610360625,37.625166152875,27.4144019434375,17.56544714875,64.60589229625,31.2899288175,67.92630748,27.858706774999998,27.61985721025,68.20718518375,40.969005534375,100.0,21.5,0.8333333333333334,51.666666666666664,39.5,33.95835559,0.37720925,0.392534375,3.77%
CFG,CITIZENS FINANCIAL GROUP,2014,21.229436808750002,81.506486535,53.03417025625,96.81818181875,53.03417025625,15.308903631124998,33.42890440125,32.57152164625,67.1830816825,0.0,75.67895019,56.8803377175,13.81695878125,69.49928324,50.44833482875,100.0,23.5,19.166666666666668,41.666666666666664,55.916666666666664,53.3131560875,0.15768785714285713,0.3218147142857143,1.58%
CHD,CHURCH & DWIGHT CO.,2008,62.37308132971429,63.844062300000004,52.830352909285715,92.21611721571428,53.254749515,42.774363810000004,44.66102438285714,46.92685147428572,64.04176254357142,48.91730746785714,75.83414563857143,58.53677974071429,44.89981070428571,25.846273029285715,52.12677288571428,100.0,27.833333333333332,13.5,51.666666666666664,52.75,37.530753887857145,0.17547535714285714,0.17153221428571427,1.75%
CHRW,CH ROBINSON WWD.,2004,13.034449369473684,61.56638630157895,26.383628227894736,100.0,26.383628227894736,17.527027727736844,9.734578631421053,0.0,28.820820810526314,0.8352956321052631,28.94594876715789,32.51745278684211,11.144860932263159,38.92797525578948,39.877218174210526,100.0,32.0,3.8333333333333335,42.166666666666664,45.3,51.74812755736842,0.12439342105263157,0.24173299999999998,1.24%
CHTR,CHARTER COMMS.CL.A,2011,12.258752135,47.305528617499995,20.378328352583335,85.15311319749999,20.596229858416667,11.187426602499999,12.032552659166667,20.475114743333332,18.50940425075,0.0,13.826182317499999,23.88343538166667,5.490436890666667,38.28724543483333,24.910401775833332,91.83333333333333,18.666666666666668,41.333333333333336,44.0,48.958333333333336,37.412672691666664,0.25595466666666666,0.25298575,2.56%
CI,CIGNA,2005,47.50813290944445,90.7746896688889,50.51198705833333,52.06196297244444,59.00737831944444,72.58896359055557,60.127372517777786,0.0,55.81428165833333,42.225816934444445,53.24459177944445,38.518246912222224,66.62525803166666,69.91734708444444,61.20162795555556,100.0,35.285714285714285,69.85714285714286,58.714285714285715,65.96428571428571,72.49223062499999,0.21900327777777778,0.27636550000000004,2.19%
CINF,CINCINNATI FINL.,2002,21.597675339,53.0009079895,38.975971895,99.8780487805,38.975971895,22.36511011375,30.221702377999996,1.6670753451499998,51.684859896499994,0.0,63.0475178505,31.661375497,24.47835285,33.8674564199,36.256077634,100.0,22.833333333333332,20.5,22.5,52.833333333333336,44.151148469,0.11381575,0.2099386,1.14%
CL,COLGATE-PALM.,2002,56.30476026809524,91.12427876142857,70.00357792476191,85.97071909666667,72.94637026047619,55.76931781776191,58.113733826476185,46.025858304761904,84.12607630095238,61.40674379190476,90.3427644347619,75.35967356666667,69.24933203619048,81.95132654190476,74.82502017714286,100.0,35.42857142857143,92.85714285714286,53.0,70.32142857142857,78.00680509,0.08062795238095238,0.1554284761904762,0.81%
CLX,CLOROX,2002,55.60477409333333,73.93271240333333,50.8355201352381,85.63415750904763,51.966093481904764,52.67323069047619,42.172909649428576,28.046755858095235,68.87448305428572,37.48950692857143,68.0712356247619,40.250248932380956,41.94615500142857,80.39844712714286,48.306844814571434,100.0,25.5,62.0,61.166666666666664,62.166666666666664,53.88988971809524,0.1000302857142857,0.16656766666666667,1.00%
CMA,COMERICA,2002,55.36906775333333,87.94892033190476,50.26695595380953,85.95066495704762,52.42424134857143,63.57706290190477,46.45825610095238,15.999882865285716,63.6771159147619,3.977543014761905,66.21856908704761,42.62893035619047,51.19050639333333,60.7443041147619,50.82675241952381,100.0,38.714285714285715,48.857142857142854,34.42857142857143,55.5,54.807337281428566,0.09185585714285714,0.2905236666666667,0.92%
CMCSA,COMCAST A,2002,21.92807956855,84.2546561755,30.62139913475,44.00543103645,38.19321351925,21.580234163,29.8579249055,23.0903189315,32.844111266300004,28.552899363,40.0277650626,22.644568624,46.565271637,16.175953078,47.7451485884,98.0,48.166666666666664,22.833333333333332,47.5,56.3,58.579837436000005,0.12274480000000002,0.22590254999999998,1.23%
CME,CME GROUP,2004,12.426917624157895,81.98894540842105,44.17847906368421,91.36193461421053,44.17847906368421,18.643625690210524,21.512074738421052,0.0,41.5177493831579,6.9947102278947355,46.57798281,44.368575103157895,16.605951326842106,44.04419247036842,60.2414677968421,100.0,17.0,49.714285714285715,38.714285714285715,51.357142857142854,56.95073862210527,0.2815096315789474,0.25781794736842106,2.82%
CMG,CHIPOTLE MEXN.GRILL,2009,19.54196047,56.51493048,37.92993573642857,75.23484210214285,41.33882545071429,15.846679521428571,23.922728703785715,43.41580225214285,36.57304097357143,28.254866137857142,43.37347783714286,70.47227177857143,28.378608943357143,25.258971763571427,54.96567315214286,78.57142857142857,22.428571428571427,20.142857142857142,53.142857142857146,44.958333333333336,45.97401840857143,0.3411624285714286,0.3438327142857143,3.41%
CMI,CUMMINS,2002,69.1089432975,88.87318165100001,59.938681019,96.3026367395,59.938681019,61.859815157,53.125143914,42.57895009175,68.67399445150001,54.513853176,64.339063924,29.0477195815,63.73592606,82.83379698050001,60.409869723,100.0,33.5,27.666666666666668,64.16666666666667,56.333333333333336,72.8918521095,0.29731735000000004,0.3145403,2.97%
CMS,CMS ENERGY,2002,59.749800671,53.0184177485,36.01998556955,88.25,36.889163562549996,32.699438075,27.729419731849998,5.1102709343,63.026283230000004,22.537092594500002,55.989962069499995,11.171764623,43.845818679400004,88.66500879750001,30.1568979055,100.0,37.8,22.4,29.8,49.375,31.287938778,0.11869135,0.23388605,1.19%
CNC,CENTENE,2014,17.7467152125,72.13331842375,38.7609100925,79.22676282,43.46801241875,27.7530836575,19.184430579,0.0,57.14999839625,8.4558823525,65.0032117375,32.27788347875,17.321136677875,57.241476035,42.1845165425,93.8,32.0,40.8,32.2,67.125,44.90493940375,0.27923549999999997,0.29306,2.79%
CNP,CENTERPOINT EN.,2002,44.6870344047619,54.42309105761905,31.20945236333333,90.1899951897619,32.166360425238096,18.10597364761905,11.66089364195238,6.531343372857143,75.09585399809524,1.2297862319047619,85.45812441714286,42.02950328095238,9.70232888995238,60.82749900047619,27.966602264761903,100.0,31.8,32.6,42.0,51.6,23.641501970952383,0.09417014285714286,0.2498180476190476,0.94%
COF,CAPITAL ONE FINL.,2005,37.821114365,90.58954135333335,52.510429215555554,71.56123938,56.72347074888889,58.147805909444436,46.93453255944444,19.592980662777777,52.75474228722222,37.37541042888889,55.499176869555555,67.13363083666667,62.17493561611111,53.562378962,66.45784593888888,100.0,24.0,60.0,46.42857142857143,57.607142857142854,65.60701930333333,0.05366111111111111,0.3151258888888889,0.54%
COO,COOPER COS.,2004,3.640388307368421,62.76882643421052,35.82381959736842,100.0,35.82381959736842,14.165130542631578,9.42204388,0.0,55.00842230526316,8.032171678947368,61.76192253289474,25.354754458421052,15.270740401052631,66.74211088,30.61082665578947,100.0,23.5,8.833333333333334,24.5,48.125,26.248082411578945,0.173195,0.27181584210526316,1.73%
COP,CONOCOPHILLIPS,2002,84.08302341449999,91.77503936849999,55.779590549,63.80304435535,65.54158678600001,83.6887346885,67.4767206085,43.1565226,69.3137573365,42.237591584,66.8708185425,31.918396575000003,72.7234486615,67.610709267,61.8348390385,100.0,33.5,86.5,44.666666666666664,66.16666666666667,83.246096146,0.13719745,0.279511,1.37%
COR,CENCORA,2002,23.535182535714284,59.93918068095238,38.54432255857142,73.23624718361904,44.42381921285714,23.669800681428573,15.249650424428571,0.0,66.12044368142858,8.107236349999999,80.40738619952381,38.75363643666667,23.786525633333333,46.887476052857146,38.28558197428571,100.0,33.142857142857146,51.857142857142854,38.714285714285715,55.92857142857143,48.903024037619055,0.15439190476190476,0.22253080952380952,1.54%
COST,COSTCO WHOLESALE,2002,29.76403808404762,50.090157806666674,51.05649444047619,61.629642144904764,56.399072587619045,67.57351163,64.52252410714286,23.17067738047619,54.171615479523815,61.211672214761904,63.794176625714286,39.115129475714284,71.47308695666668,38.368129921428576,51.92196053,90.4,18.0,18.2,41.6,42.05,63.44092505333333,0.1599884285714286,0.19598966666666667,1.60%
CPB,CAMPBELL SOUP,2002,70.19336433999999,81.14173969,67.362648264,91.6763342655,68.215406165,63.9955303115,61.20224053,35.093683634,75.14163167550001,55.0979853715,85.730410998,68.906280869,63.630662125499995,43.144545496,68.67163190139999,100.0,35.833333333333336,62.833333333333336,50.5,62.291666666666664,73.610193692,0.0655119,0.17726775,0.66%
CPRT,COPART,2009,4.064511710714286,70.1593090792857,33.724712507142854,100.0,33.724712507142854,0.7096788347142857,0.8919025254285715,0.0,37.005464079285716,8.56910204142857,36.277892448,36.00060829071428,2.202588352142857,61.39133776,43.40593659142858,100.0,12.0,4.5,39.5,48.25,40.965210545714285,0.2557756428571428,0.23831864285714285,2.56%
CPT,CAMDEN PROPERTY TST.,2004,12.265265173888888,76.96440184,43.27876818277778,100.0,43.27876818277778,36.77358381944444,25.99572152111111,16.726712867222222,58.43494288888889,8.345420405,70.2672541861111,22.26549002722222,18.208727781666667,49.773690370000004,48.61207203722222,100.0,19.8,0.0,35.6,,45.73353363222222,0.15956822222222222,0.22641977777777778,1.60%
CRL,CHAS.RVR.LABS.INTL.,2004,6.453868410555556,78.74728594444444,43.31947239722222,90.70767195777778,45.19139071777778,17.67229191277778,17.474259296666666,0.0,44.480955681666664,20.397884644444446,54.977819110055556,61.72435556611111,20.52537659444444,34.84280243,66.25196435944446,100.0,18.833333333333332,10.833333333333334,51.166666666666664,46.15,67.754068615,0.19291744444444447,0.27137561111111114,1.93%
CRM,SALESFORCE,2007,51.74574742588236,89.96789538529413,51.51139279647059,91.71795933176472,52.27885042176471,57.398308490000005,53.349129783705884,42.3471550717647,44.84151587235294,35.21132698823529,45.23548406470588,29.829406324117645,65.31897693176471,38.92546753,60.54288354176471,98.28571428571429,33.0,67.28571428571429,57.857142857142854,64.10714285714286,67.72249996647058,0.3158818823529412,0.32488929411764705,3.16%
CSCO,CISCO SYSTEMS,2002,90.54530178761904,94.05920657190475,64.70219395857143,51.88449117061904,80.31974282333333,86.14747565714285,64.15357208238095,42.71584044,83.31921475380952,61.19340400666666,87.55388705142857,87.69143364666667,80.85881985,64.38624907285714,86.55032972095239,89.83333333333333,44.0,69.33333333333333,37.5,60.166666666666664,89.38376152285714,0.1046482380952381,0.26163285714285717,1.05%
CSGP,COSTAR GP.,2015,14.3800331175,67.47381297875,52.657555865,96.875,52.657555865,21.26524405625,11.561049921,0.0,71.63318886875,5.57332677125,87.74640797,34.49447588875,20.506320392,56.09122903,44.9388292825,100.0,22.4,0.0,20.4,,46.8730732475,0.23753525,0.26561775,2.38%
CSX,CSX,2002,53.55897339523809,82.81059803000001,48.734648242238094,80.80533139190477,51.09576529319048,63.821075684285724,50.80694052857143,35.758377425238095,50.30684406190477,19.330665791428572,45.33843136361905,32.57712915571429,51.84321327476191,64.7001335,51.96923525380953,93.14285714285714,27.571428571428573,23.142857142857142,38.0,46.0,60.26398729523809,0.18782495238095237,0.2621438095238095,1.88%
CTAS,CINTAS,2002,17.83231541238095,69.34638758047619,51.56789066714286,84.34339233047619,55.894482130476185,36.63967909095238,38.73719000995238,23.90578561142857,66.06142752666668,52.92381242619047,80.12550187619047,43.80774629952381,51.38730586095238,51.33392109857143,57.40139122666667,100.0,20.0,1.4285714285714286,56.714285714285715,48.5,61.17558137333334,0.1482594761904762,0.23025238095238096,1.48%
CTLT,CATALENT,2016,27.649961975571426,78.92513643285714,42.72959273714286,88.87755102000001,45.28661158285714,28.975220576714285,39.15004973857143,0.0,28.565817114285714,47.44581669571428,29.246680991428573,50.68237532714286,60.05241090714286,26.906840945714286,59.48649696571429,100.0,19.2,0.0,59.2,,64.38692574142857,0.22796799999999998,0.3581668571428572,2.28%
CTRA,COTERRA ENERGY,2007,17.817891569933334,47.422994698000004,23.864899315333332,73.162001874,23.864899315333332,24.748508806933334,16.946197610533332,0.0,48.759547272666666,2.0975609753333333,52.07187866866666,0.0,23.479621856666665,58.34621309133333,15.5954308344,100.0,18.2,0.0,2.2,,20.527379545333336,0.14097146666666666,0.34204086666666667,1.41%
CTSH,COGNIZANT TECH.SLTN.'A',2004,44.16191752473684,88.8722978094737,56.98530010789474,84.1636867831579,59.75877939526316,57.16845990421052,43.820209543684214,26.32954030526316,48.97367558,53.974680366315795,53.01310285947369,72.50715293157894,58.242268286842105,38.71675668842105,77.83620816157895,85.71428571428571,32.285714285714285,43.857142857142854,39.42857142857143,53.875,83.2061977,0.204442,0.2771025263157895,2.04%
CTVA,CORTEVA,2019,91.88145568,73.1062071975,46.77493148,60.541666667499996,53.019241935,67.24284869499999,43.26657289,7.221283785,69.2579063625,53.7851356025,57.0620980975,42.942030492499995,56.6676015075,94.828234375,53.60412443,100.0,30.25,23.75,46.75,53.833333333333336,44.984283155,0.275228,0.29031333333333337,2.75%
CVS,CVS HEALTH,2002,60.98821032476191,93.21217240142857,54.70873349523809,53.02614626490477,73.42563027047619,72.08799671333334,67.68756034714286,35.714285714285715,72.64306414809523,63.54484307761905,73.50211621619049,70.40465571142856,72.71084301428571,77.54945980142857,76.53476874,91.42857142857143,37.0,36.57142857142857,63.857142857142854,58.791666666666664,74.62562793666667,0.13066990476190476,0.22092142857142857,1.31%
CVX,CHEVRON,2002,79.01611461333334,93.57521986380952,50.95180149952381,35.279856278666664,73.37488485190477,84.57801143142858,71.70261127,52.73285059714286,77.05545621428571,64.09220722904762,73.75725181190477,50.19271317380952,75.60562812285714,86.74236529666666,72.68634086571429,85.71428571428571,30.142857142857142,86.14285714285714,27.142857142857142,57.285714285714285,81.90846370142857,0.13309066666666666,0.2291202857142857,1.33%
CZR,CAESARS ENTERTAINMENT,2016,36.56342544142857,60.186061471428566,34.94499889714286,83.00058548,38.44895501857143,29.418250152857144,24.397150572857146,0.0,35.54307136571428,34.84866400428571,28.58314992514286,48.619924427142855,23.5156972,58.062573455714286,48.81729345,95.83333333333333,25.666666666666668,4.833333333333333,21.0,51.75,48.996626518571425,0.3122048571428571,0.5648654285714285,3.12%
D,DOMINION ENERGY,2002,62.000848914,76.8518484685,61.8917466505,83.4258262725,63.575288512,74.6907788545,61.236683703999994,39.410824711,75.7833227915,23.401567864999997,77.2562677725,73.966318404,65.4578647045,80.0618221105,57.24266843,100.0,21.571428571428573,63.285714285714285,41.142857142857146,56.5,55.529008704,0.10114695,0.1607378,1.01%
DAL,DELTA AIR LINES,2008,73.45072080285715,93.51974059428572,53.92045519357142,53.113665286999996,65.64408804571428,94.07988263214285,67.38800852857142,10.569019274285713,52.41606518,53.824419475714286,39.33348511214286,79.49496810214285,66.95369225314286,82.00156166500001,73.32615544500001,66.2,29.2,55.8,56.8,52.0,69.43057253785715,0.13927921428571427,0.4446299285714286,1.39%
DD,DUPONT DE NEMOURS,2017,93.95338553833334,69.46608066333333,52.891639510000005,61.117132868,63.377030695,57.191054699999995,63.99576108166667,70.02526455499999,68.50222322666667,81.71731563166666,55.826861914999995,22.456282778333332,64.39292474833333,93.78598605666667,59.707224405,100.0,19.25,31.5,49.5,50.0625,43.17549116833334,-0.027073666666666663,0.317271,-0.27%
DE,DEERE,2005,50.34525271882353,90.59183746117647,59.36911282411764,90.74219577705883,60.646805075882355,49.60921470352941,62.27809895117647,68.40107218,45.81424298235294,41.93168955647059,41.73092809117647,82.44108149352941,61.98853231176471,56.404619464117644,70.46672753411765,100.0,22.8,56.2,49.4,57.1,74.14281745294117,0.22298094117647058,0.26895958823529414,2.23%
DFS,DISCOVER FINANCIAL SVS.,2007,17.96192526933333,74.007437306,44.37948269466666,71.57624140333334,47.58405600866667,19.15986170333333,19.2316170208,0.0,61.75601784733333,3.013100436666667,61.41413737733333,40.428413670000005,27.366042315066668,92.09168112533332,48.861427192,100.0,36.75,71.0,37.25,61.25,59.93446543866666,0.2148657142857143,0.3154740714285714,2.15%
DG,DOLLAR GENERAL,2009,0.0,57.98473565571429,33.33989348642857,72.92230441214285,33.681042752857145,2.3733380114285714,6.306356278071428,3.3311454564285716,49.2923449735,24.945528202142857,62.647331077,31.015779441428574,10.655425727928572,37.63728794407143,41.61808998228571,92.8,18.48696,27.142860000000002,69.03636,51.86654,40.98190018357143,0.21839361538461538,0.22678153846153848,2.18%
DGX,QUEST DIAGNOSTICS,2002,34.178062752049996,76.4662872075,53.23232879449999,87.193514819,54.683071014999996,51.203970309499994,38.4871224472,0.0,55.634071029,11.8616993825,60.741024339800006,68.28823439,38.58328783605,52.91489884,60.638882907,100.0,40.0,54.0,40.5,58.625,65.963487934,0.10949610000000001,0.22512365,1.09%
DHI,D R HORTON,2002,0.0,63.36712785428571,32.6696628852381,94.76190476190476,32.6696628852381,9.119062985238095,16.64636945766667,25.76728855142857,69.13708340428572,4.039793891428571,81.90232687428572,7.219983283333333,10.077710056666666,72.6776607752381,22.688510291904763,100.0,18.2,6.4,16.2,36.1875,26.895651812857142,0.2276287142857143,0.3756966666666666,2.28%
DHR,DANAHER,2005,29.466470857058823,56.13047920411765,47.264302269999995,93.36898395705882,48.787426301764704,23.777586478,34.713914901176466,44.11764705882353,48.28854232764706,38.215794532352945,54.198224599411766,63.85053426647058,36.62966023,41.13764906529412,54.15440551176471,100.0,31.166666666666668,48.5,50.666666666666664,57.583333333333336,57.25731586235295,0.19915411764705881,0.18623929411764706,1.99%
DIS,WALT DISNEY,2002,51.59139566176191,86.90748663809525,45.059071466666666,31.56045275838095,63.24255857190476,78.91089277095237,57.195963169047616,0.0,52.46733604571428,49.35704870904762,48.18381234785714,72.81669462809523,85.43868686319048,67.32970862809523,72.95705552857143,89.83333333333333,36.666666666666664,40.666666666666664,39.166666666666664,51.583333333333336,78.3233791195238,0.11549838095238096,0.23057495238095238,1.15%
DLR,DIGITAL REALTY TST.,2009,25.88042486071428,53.690290434285714,48.75906645428571,95.71428571428571,48.75906645428571,37.132949415214284,46.78135949428572,70.75850322857143,49.951732435,21.49669567214286,53.81569795278572,40.115661107142856,49.832458012857145,53.11938576714285,49.946277013571425,100.0,22.285714285714285,7.714285714285714,13.285714285714286,46.0,58.893273615714286,0.15997878571428573,0.22826857142857143,1.60%
DLTR,DOLLAR TREE,2004,14.819867063999999,61.8317154525,39.832401976,69.572739352,43.388083704500005,13.24130947095,24.159896281,7.0787296490000005,55.521858467,30.951547454,55.959381319,44.222064281,38.438892514500004,81.198109892,47.820245555,94.57142857142857,27.390442857142858,16.4898,52.02597142857143,47.619414285714285,42.638286933,0.1671335,0.27766815,1.67%
DOV,DOVER,2002,14.361986157095238,56.5587401147619,44.92512155714286,96.16977225666668,45.94850127619048,20.270822306761904,44.21175380857143,58.166947027142854,63.97933367190477,26.881355684761903,74.2144042347619,30.63177031904762,38.001717853809524,62.94066347142858,33.78573695909524,100.0,21.75,3.0,37.25,40.833333333333336,19.355682646190477,0.13045785714285715,0.2563177619047619,1.30%
DOW,DOW ORD SHS,2019,99.3655490075,90.5715439075,71.7288115825,64.22727272750001,86.0410224575,85.69787691,84.4946254775,92.18498672999999,87.930896925,93.13303529000001,82.14918097500001,52.5927224525,75.6678600975,99.58018203,86.537995685,100.0,47.75,64.25,68.75,70.1875,99.110715305,0.027251,0.37542600000000004,0.27%
DPZ,DOMINO'S PIZZA,2015,17.881275095,66.8260561,32.863832679999994,83.23863636366666,37.175280201666666,20.81959324,13.318664151666667,0.0,46.65864240666667,8.909853248333333,56.79656357333334,56.51651454666666,8.443754862166667,32.05048339333333,45.16700836333334,92.4,12.6,20.2,55.2,45.1,30.630969711666665,0.27942249999999996,0.25284,2.79%
DRI,DARDEN RESTAURANTS,2002,18.193884378095238,75.60567646333332,47.39516801047619,67.42984256523809,50.95671945190476,39.17490303428571,42.94645907638095,0.0,46.16084681619048,19.22806799952381,58.78290442476191,66.81893647571428,53.035042971428574,22.731963079,58.96012410095238,100.0,28.833333333333332,32.333333333333336,62.666666666666664,55.958333333333336,60.064824350952385,0.13684985714285713,0.2968800952380952,1.37%
DTE,DTE ENERGY,2002,67.56956067263158,61.10081078894737,52.185988503157894,81.79747489157894,53.83905390105264,62.77736015363158,50.90246822410526,41.36424997526316,71.2339979531579,1.1482461415789473,72.4286984363158,62.772447825263164,46.04660510821052,69.69462119842105,44.29847820894737,100.0,29.8,41.8,47.4,54.75,48.72079239894737,0.11239126315789474,0.16952936842105265,1.12%
DUK,DUKE ENERGY,2002,61.28949417428572,90.14658379714285,54.1140644452381,67.88838855904763,62.259471213809526,72.77584729333333,61.8279935047619,53.26835168571428,59.88731563142857,36.66799359095238,62.54285512571428,59.07155357428571,57.144782054095245,50.100731623428565,64.6484463552381,100.0,39.333333333333336,52.166666666666664,38.333333333333336,57.458333333333336,64.80335330380952,0.09594676190476191,0.18535847619047618,0.96%
DVA,DAVITA,2004,36.95467232478948,86.7299888663158,50.947345222631576,78.68993502647369,54.5683336768421,36.86720566505263,38.407971837210525,0.0,66.61990835894737,21.989333879473683,72.28911937684211,24.305328101578947,50.70233479526316,67.49936232157896,51.258838874210525,96.42857142857143,36.142857142857146,54.57142857142857,62.714285714285715,62.464285714285715,69.30229627631579,0.12531105263157896,0.2374894736842105,1.25%
DVN,DEVON ENERGY,2002,33.344145854333334,73.81546920904762,40.81275806238095,93.37468204380953,41.01540916571429,39.88232881357143,32.78506433185714,0.0,53.93960059809524,26.350050328571427,55.38900708095238,18.68083260142857,52.01118983571429,62.83854881428571,40.53708075028572,100.0,24.428571428571427,49.285714285714285,40.57142857142857,53.57142857142857,48.653642610000006,0.16121909523809524,0.3792887619047619,1.61%
DXCM,DEXCOM,2015,18.3881282025,50.92764019875,32.91039611625,100.0,32.91039611625,25.54812911625,17.2395479775,0.0,19.84156597625,12.634828822500001,13.2735966765,75.13369933875,28.40325652875,42.7037554975,48.39031454875,100.0,14.666666666666666,10.833333333333334,24.0,42.9375,49.89177897375,0.384681375,0.49140525,3.85%
EA,ELECTRONIC ARTS,2005,5.3591288299999995,61.90173216055556,41.272644835,57.00280033766666,45.04288608555556,25.256027999444445,17.401113988333336,0.0,52.675883454444445,4.7669196538888885,59.004673070555555,30.055015657777776,35.365989965000004,63.12442115,45.80879684,96.83333333333333,23.333333333333332,57.166666666666664,52.333333333333336,57.416666666666664,72.201215535,0.11744088888888887,0.3038470555555556,1.17%
EBAY,EBAY,2002,42.92126090142857,82.76488445857143,41.13680801952381,49.6834629842381,47.629450246666664,52.308818274809525,33.15905570428571,4.157118382380952,47.131148157619045,17.342597312857144,45.889586496999996,28.856680087619047,59.06179708619048,54.076278531904755,53.249422383809524,100.0,31.571428571428573,51.285714285714285,16.142857142857142,53.3125,59.32782006952381,0.16050704761904763,0.3070596666666667,1.61%
ECL,ECOLAB,2004,73.88853812105263,92.40369043473684,60.283719391052635,93.96191527842106,60.507745618421055,62.62047653473684,56.499186992105265,28.694509019473685,48.044933966315796,67.75995612,38.031330300526314,68.72482759,78.52264706315789,64.19454341684211,72.04226280157896,100.0,38.57142857142857,45.285714285714285,59.142857142857146,60.75,64.47657460210526,0.12451836842105263,0.17816015789473685,1.25%
ED,CONSOLIDATED EDISON,2002,64.45270373849999,62.3046686695,58.038438106499996,93.129872447,58.148885483499996,65.09285390950001,54.0605811185,48.771715692,74.02840263850001,3.356708862,76.628694412,39.940992180500004,46.397039845500004,71.74456266249999,51.280116455999995,100.0,36.666666666666664,40.833333333333336,55.166666666666664,58.166666666666664,74.0252153995,0.0949027,0.15500505,0.95%
EFX,EQUIFAX,2002,4.230336030476191,58.526185308095236,25.613040008095236,74.78514059585714,28.129064562380954,15.785134908857144,7.499605109571428,0.0,38.68617635428571,0.0,43.68362102252381,42.327200944285714,5.874470366666666,44.99858767047619,31.16833312142857,93.66666666666667,29.166666666666668,9.0,53.166666666666664,51.125,33.236086243809524,0.14143966666666669,0.2512953333333333,1.41%
EG,EVEREST GROUP,2004,19.10781417842105,48.772500623157896,40.135253947368426,100.0,40.135253947368426,9.788243838421053,18.31537598194737,0.0,63.84938562263159,1.3078032389473684,81.04158609,29.04106133894737,6.236270388421053,36.36976503063158,30.360384255789473,100.0,19.5,0.0,10.75,,30.42846658421053,0.10694526315789472,0.1947452105263158,1.07%
EIX,EDISON INTL.,2002,49.333313840476194,74.05171648333334,47.162650856666666,78.51327760761905,50.82266651952381,54.45344168619048,43.95793112814286,35.98280624238095,64.45175764904762,24.59676832619047,69.0504759242857,45.72096978761905,39.26452952142857,59.201659266666674,49.31571193333333,91.85714285714286,34.285714285714285,42.57142857142857,33.142857142857146,56.25,47.446375667619044,0.1348768095238095,0.2156530476190476,1.35%
EL,ESTEE LAUDER COS.'A',2002,49.31101817333334,64.79612418857144,42.32687853761905,93.49268786761905,42.684469525714285,55.085419126809526,47.87049278871429,32.243599711904764,22.395681342714287,49.37586991761904,21.49059822185714,38.15374208523809,52.02057959414285,7.469067187333333,50.451605769000004,96.57142857142857,53.285714285714285,76.14285714285714,55.57142857142857,70.39285714285714,59.030474014285716,0.19435923809523808,0.24577300000000002,1.94%
ELV,ELEVANCE HEALTH,2005,50.40165447166667,89.59283052111111,59.648356355,75.44358662833332,63.638620359444445,58.407266816111104,52.24402626022223,0.0,69.48577996888889,40.881952059444444,73.2994984311111,36.50361490333333,61.888113285555555,69.49613542833333,63.51373489166667,100.0,40.57142857142857,69.85714285714286,46.57142857142857,64.25,88.40388244333333,0.17465188888888888,0.25548883333333333,1.75%
EMN,EASTMAN CHEMICAL,2002,54.4264660905,82.6716250315,54.578323865499996,87.61805555549999,55.437468149000004,58.41565676500001,58.06205163285,54.168276301000006,58.056619169,34.2483711905,63.1496606445,47.9739240125,61.6218665644,43.499916305,51.155288698,100.0,37.166666666666664,24.333333333333332,51.833333333333336,53.333333333333336,55.73509075849999,0.17258865,0.29101365,1.73%
EMR,EMERSON ELECTRIC,2002,25.7167789943,84.8375785705,48.1130269005,98.472943723,48.1130269005,32.6605182065,51.22320411615,63.812746918,34.358161171,41.243941498,33.0225576954,40.980312146,42.2060616095,44.5710942145,55.757423308499995,100.0,31.8,37.0,63.8,58.15,58.417414945,0.11242545000000001,0.22028504999999998,1.12%
ENPH,ENPHASE ENERGY,2017,32.87645464833333,63.258969363333335,40.278280161666665,87.5,41.983788671666666,26.248468138333333,40.186692735,53.208744935,28.818502393333333,56.844234015000005,30.531506789999998,82.33002415,42.36997645833333,20.40318623683333,60.986282431666666,100.0,9.75,0.0,7.75,,37.23541195666667,2.179882166666667,0.9050571666666666,21.80%
EOG,EOG RES.,2002,27.38306152190476,48.094868857142856,33.9362119257619,94.9846435795238,33.9362119257619,32.04327261571429,26.37294404857143,0.0,51.7974410247619,8.744298124285715,46.38767712285714,19.43120303190476,41.87080714495238,86.10624036714286,30.140827131095236,100.0,23.142857142857142,26.857142857142858,33.57142857142857,45.892857142857146,51.693546842857145,0.20110285714285714,0.33306614285714287,2.01%
EPAM,EPAM SYSTEMS,2015,23.57118610125,71.1402475775,50.920753875,100.0,50.920753875,35.861965315,13.26515398275,0.0,54.00322322625,48.4058006525,66.45367183625,51.761407393750005,15.887485070124999,32.78975261375,60.4598371675,100.0,18.833333333333332,27.666666666666668,49.5,49.0,61.61550979625,0.386045125,0.346655,3.86%
EQIX,EQUINIX REIT,2009,36.20301489142857,78.26548987214287,52.95429315285714,93.00595238071428,53.141562574285715,52.289987666428566,53.133730136428575,0.0,46.76599687785715,9.374479372142856,43.54246455142857,37.51472943071428,67.20817123857142,64.55309262785714,59.94183853142857,100.0,22.0,7.285714285714286,50.0,52.25,67.03786646928572,0.2764520714285714,0.2495267142857143,2.76%
EQR,EQUITY RESD.TST.PROPS. SHBI,2002,23.197171281499998,72.798783638,43.283485595,94.66666666649999,43.283485595,23.829517165,24.1655748473,41.2167011825,52.8523576345,9.205386233499999,62.34116350949999,41.944039275,20.2178473385,40.993128954,56.8477713365,100.0,22.8,0.0,43.6,,60.5459672075,0.1358709,0.2155204,1.36%
EQT,EQT,2004,46.03695499842106,82.63696961052631,35.97903163947368,85.76343475263157,35.97903163947368,42.168305943315794,28.90297265121053,0.0,53.25848672210526,0.0,54.35257058368421,17.48934129631579,40.080853730526314,54.425895,32.10918010578948,100.0,35.857142857142854,32.42857142857143,21.571428571428573,51.3,48.48752961473684,0.13489068421052633,0.35069342105263157,1.35%
ES,EVERSOURCE ENERGY,2008,65.42826973214285,85.2421049707143,63.49343381785714,96.35770975071429,63.696099870000005,78.11134777928571,66.90541326642857,39.196949911428575,66.29761041857144,23.629534772142858,61.24110573071429,57.822687267142854,78.82977765214287,83.73218649928572,57.49814346642857,100.0,31.0,25.166666666666668,50.166666666666664,51.583333333333336,56.93560956428571,0.12342214285714284,0.1727017857142857,1.23%
ESS,ESSEX PROPERTY TST.,2008,24.34717653466667,32.09453429,44.847487426,100.0,44.847487426,30.19689489466667,30.027890031333335,17.86351018,68.75158010333332,10.863211240666667,83.84885197066666,48.75738825733333,32.91054293533333,48.030276257733334,37.80239139533333,100.0,27.142857142857142,12.857142857142858,25.857142857142858,52.5,41.794351268,0.11739746666666667,0.22747973333333335,1.17%
ETN,EATON,2004,63.132340251052625,93.38529612421053,61.836826144210534,77.77530568947368,65.57832986789474,61.51816977736843,80.49608604573685,89.80752472105263,46.97673866578947,70.54400403157895,47.1750487031579,27.38383757526316,79.73157499684211,35.545304153684214,66.11244461894736,94.85714285714286,35.285714285714285,38.57142857142857,57.714285714285715,56.607142857142854,70.55741598052632,0.1670852105263158,0.2593093684210526,1.67%
ETR,ENTERGY,2002,62.62959454999999,85.65287721809524,53.626950991904764,79.01517530095238,56.266098656666664,63.66032104761904,48.03809524333334,34.00640581490476,65.72806964380952,18.35537873761905,59.47232892438095,63.499711411904755,42.95886295728571,88.64618877428572,59.747356204761914,100.0,28.857142857142858,38.857142857142854,43.285714285714285,52.75,63.05178808619047,0.11091685714285715,0.18460985714285713,1.11%
ETSY,ETSY,2015,45.092816895,63.6391022475,45.299871053749996,90.88541666625,46.3171074,65.03815374875,55.67690588875,53.01419413875,42.1009506575,28.66215759875,47.50338755125,17.0484166725,47.6647137575,22.09825019375,42.54397661375,100.0,50.0,27.714285714285715,39.42857142857143,60.2,50.73616899875,0.7447575714285714,0.5879005714285714,7.45%
EVRG,EVERGY,2009,44.930035682142865,63.63490099285714,34.83571513142857,100.0,34.83571513142857,48.16244373285714,34.29634944,38.889453796,47.49352418714285,13.102358167142857,38.6990508745,16.466112593571427,14.746210794642858,78.51742756428573,25.80426330142857,100.0,18.714285714285715,7.714285714285714,4.285714285714286,42.125,11.09344785142857,0.07451875,0.2053534,0.75%
EW,EDWARDS LIFESCIENCES,2008,43.85355281685714,85.1897419157143,49.25951970285714,75.84024997571429,52.62741677142857,60.64953086642857,37.97912712157143,0.0,48.349532637142865,36.797482113571434,46.76698385428572,61.60128180357143,57.115031342142856,56.62201512357143,61.06824155857142,100.0,39.166666666666664,31.666666666666668,38.0,54.0,60.41438926428572,0.3255595714285714,0.27565521428571427,3.26%
EXC,EXELON,2002,71.15476305190475,74.08748634952381,58.08308921095239,79.56539885142857,60.07472859999999,83.15144636333333,58.09325565761905,23.84221143985714,66.48396582523809,0.9011164266666667,61.36740850504762,80.2811556795238,60.30855211866666,80.42529207285713,57.735703042380955,100.0,29.142857142857142,41.714285714285715,43.0,53.464285714285715,68.1281126352381,0.12316242857142858,0.20609980952380955,1.23%
EXPD,EXPEDITORS INTL.OF WASH.,2004,18.65042127736842,58.68031312526316,38.789998962105265,95.41214146473685,38.789998962105265,40.44382060368421,31.46104805031579,23.73294347,41.04413904421053,10.322305168947368,35.560549398,53.67303931157895,29.275703667368422,74.25191637631579,43.82123051052631,100.0,14.571428571428571,5.142857142857143,48.42857142857143,42.291666666666664,46.94323866368421,0.12826184210526315,0.24540305263157897,1.28%
EXPE,EXPEDIA GROUP,2005,9.117270139411763,49.61034828588236,17.111684222588238,64.85422850294118,17.16396303552941,22.137137486999997,12.842188592470588,0.0,12.340436530705881,5.651751363529411,9.573214064470587,12.981187302352941,6.237957089411765,23.71328900917647,22.972712041235294,100.0,24.666666666666668,37.833333333333336,9.666666666666666,56.625,28.754797381176473,0.17690270588235293,0.40846676470588233,1.77%
EXR,EXTRA SPACE STRG.,2014,3.300330032857143,52.94465136857143,22.335222090000002,100.0,22.335222090000002,10.449075084714286,12.241362878,0.0,14.163678483857142,0.0,10.445866925714286,42.987406095714285,16.981973404142856,33.79861597428572,43.581306614285715,100.0,16.8,22.6,1.4,46.5,43.31693843285715,0.21325228571428573,0.18988542857142857,2.13%
F,FORD MOTOR,2005,96.78866418444444,93.04130258055555,50.21180679888889,30.605502317166668,75.23426437111112,89.08226343555556,82.14051951888888,71.46542036977777,42.94827031555556,90.65796996333333,34.05582243944444,84.88294577666666,95.16062512166667,36.69616733005555,88.49518499722222,72.42857142857143,27.285714285714285,88.42857142857143,58.714285714285715,61.714285714285715,84.82632469777778,0.21028844444444444,0.40000855555555553,2.10%
FANG,DIAMONDBACK ENERGY,2015,47.10593218428572,33.45636725714286,36.72449112428571,90.1937046,38.996256714285714,39.03296396857143,24.325880140714283,8.320795058571429,65.55471666,30.79677018285714,63.85826920857143,29.557527142857143,24.453346757142857,83.50873115428571,36.16901878428571,100.0,23.333333333333332,4.5,21.166666666666668,46.75,48.26343299714285,0.2056472857142857,0.4447818571428571,2.06%
FAST,FASTENAL,2004,2.9949033657894737,8.689300591578947,30.384219685789475,95.70353419789474,30.384219685789475,18.19232269721053,20.619613497526316,17.688224326315787,47.3029053468421,26.56243639,53.09512987747369,35.5559138731579,30.312364929999998,57.53415823368421,26.41723458794737,90.5,20.0,0.0,52.25,,37.697556862105266,0.1566154210526316,0.27117600000000003,1.57%
FCX,FREEPORT-MCMORAN,2002,70.02359413857143,87.31042033523809,60.52243529571429,68.40236370147619,68.46939721238095,78.79787359,63.74904804371429,0.0,71.82986193714285,62.55673924190476,69.49140905380952,63.34738705428572,62.20247338161905,80.82888341428571,70.54724953376191,92.66666666666667,39.666666666666664,28.5,24.166666666666668,46.25,72.32503269380952,0.32159180952380956,0.45539880952380957,3.22%
FDS,FACTSET RESEARCH SYS.,2009,33.143394615,69.70851261,44.475514955,100.0,44.475514955,16.428913061,12.684468346785716,0.0,66.36598964285714,20.520364617857144,74.40960205142858,51.1829378,18.921430481785713,61.70234495714286,44.759803777857144,100.0,31.5,47.666666666666664,49.0,57.041666666666664,44.124603615714285,0.20139657142857142,0.2288312857142857,2.01%
FDX,FEDEX,2002,44.219034551904755,85.6970401942857,42.90745214190476,30.582696042000002,58.216118739523814,69.88858572809524,52.84486209328571,23.85361552047619,68.24480937857143,6.098492035238096,69.99236550033334,59.54342339476191,64.32909405952381,78.43680551904762,55.45982438142857,88.66666666666667,36.166666666666664,24.333333333333332,51.666666666666664,50.35,60.06364810428572,0.10293847619047619,0.2633013809523809,1.03%
FE,FIRSTENERGY,2002,45.770255689857144,47.751619383333335,43.923235565238095,78.72134607047619,47.98085677238095,54.65644799571429,45.22942683161905,25.348685333285715,68.05709281,20.02509389952381,67.5218619047619,24.11270298,52.23517508952381,84.69908724285715,36.13562205047619,100.0,24.625,24.125,53.5,51.642857142857146,41.793073124761904,0.07504338095238096,0.21070004761904762,0.75%
FFIV,F5,2009,20.549714429999998,71.81255527214286,48.65369829642857,97.61904761928572,48.65369829642857,19.010902810642857,20.9539493855,11.286364839285714,46.069614417857146,20.55998999285714,37.58996248785714,70.64057606214286,35.13942649607143,91.34838749785715,61.304805002857144,100.0,24.285714285714285,23.142857142857142,27.285714285714285,61.75,58.958013027142854,0.23947478571428574,0.3222694285714286,2.39%
FI,FISERV,2002,8.273882373333333,53.86983273380953,23.556955334761906,94.96392496380952,23.809200819047618,6.258668317619048,4.590520700190477,1.8007202880952382,39.373452523333334,6.43514992,45.051413094761905,5.104932428571429,5.22324184447619,41.17996405571429,22.156976420238095,100.0,25.142857142857142,12.714285714285714,23.142857142857142,59.5,21.777162790000002,0.13428190476190477,0.20816861904761902,1.34%
FICO,FAIR ISAAC,2009,7.357351737857143,48.94333709214286,34.93046208642857,98.73949579857143,34.93046208642857,18.767865850642856,8.640400510571428,0.0,42.76428900928572,1.5805492935714285,41.35548866357143,19.711129079285715,13.409290965,71.06491500857143,34.99223291714286,100.0,21.666666666666668,24.0,35.666666666666664,45.333333333333336,58.591593096428575,0.31470521428571424,0.3266235,3.15%
FIS,FIDELITY NAT.INFO.SVS.,2006,18.33787812882353,82.47299866294118,39.56142834176471,91.47058823529412,41.08644378941177,18.93344294235294,13.257949404117646,0.0,31.53562670047059,15.011671334117647,32.015753207705885,39.41773143882353,20.840405269999998,38.73370405105882,59.22626294705883,100.0,18.714285714285715,21.857142857142858,36.142857142857146,52.5,62.11227856176471,0.09780605882352941,0.2224090588235294,0.98%
FITB,FIFTH THIRD BANCORP,2003,43.70225565510526,92.66985185263157,52.68625408631579,78.80324030263158,54.64877925526316,38.30353349394736,44.461410142105265,27.800620048421052,65.26233085421052,9.695368196842105,75.17068364473684,63.58124512631579,29.555420148157896,46.60787169226316,54.14690672263158,100.0,30.6,56.8,34.6,55.5,47.97176349736842,0.06746547368421052,0.34835915789473687,0.67%
FLT,FLEETCOR TECHNOLOGIES,2010,9.707813526363635,42.774989016363634,18.640487970909092,95.50619834727273,18.640487970909092,5.918985736363637,4.669777474545454,0.0,26.590571374181817,0.0,26.21464160290909,24.138903124545458,7.079053350909091,39.09884251454545,20.072203234545455,100.0,21.2,19.0,25.6,49.333333333333336,18.29621601181818,0.29889059999999995,0.2520248,2.99%
FMC,FMC,2002,60.54804647047619,68.82615861666666,45.64980823095238,86.33067329523809,48.18184079761905,40.84576602347619,46.87991463619048,47.53194211428571,57.296845890952376,21.08485523761905,63.99746310857143,51.06298359380952,51.926805292285714,32.793988113,44.159911625238095,100.0,41.0,25.0,49.857142857142854,55.25,57.239040833333334,0.1916155714285714,0.2855137619047619,1.92%
FOX,FOX B,2019,28.955331668000003,80.145395794,49.804569972,54.731853787800006,60.072018203999995,48.14711722,32.735927576,0.0,55.26504341,65.826450396,58.020606212,65.569549004,44.923602286,63.619641906000005,70.643414416,66.2,18.4,51.4,51.8,49.8125,71.10681263000001,-0.040434,0.30332325,-0.40%
FOXA,FOX A,2019,28.955331668000003,80.145395794,49.804569972,54.731853787800006,60.072018203999995,48.14711722,32.735927576,0.0,55.26504341,65.826450396,58.020606212,65.569549004,44.923602286,63.619641906000005,70.643414416,66.2,18.4,51.4,51.8,49.8125,71.10681263000001,-0.023463750000000005,0.31129325,-0.23%
FRT,FEDERAL REALTY INV.TST.,2004,16.61888383166667,70.01894299666667,48.25083136611111,100.0,48.25083136611111,40.176102588333336,35.11959495111111,50.41691787388889,71.13322511666667,5.396174863333333,91.45338555500001,16.446246871666666,26.554788311055557,39.74225118388889,40.19597202833333,100.0,25.5,11.5,17.166666666666668,48.5,32.79611787777778,0.13377933333333333,0.22219194444444446,1.34%
FSLR,FIRST SOLAR,2006,42.66637814875,64.186729615,47.481955056875,90.711805555625,48.50459147,49.302088453125,45.1204982215,49.652344438125,45.045445294375,34.71135288875,36.0348928176875,63.858897076874996,36.026917205625,76.6666649825,57.622656289375,100.0,28.0,4.6,57.0,48.625,48.08339441,0.5891752666666666,0.5433058666666667,5.89%
FTNT,FORTINET,2010,18.95758055615385,66.24248178538461,42.460507520769234,99.20424403153847,42.460507520769234,25.59587325923077,26.713016966769228,23.92194214453846,33.84665951753846,20.436058054615387,32.275903933692305,77.62663682153847,31.179212536923078,49.00856410153846,57.94990836153847,100.0,21.5,0.0,31.833333333333332,,40.80183238923077,0.36297230769230776,0.3623607692307692,3.63%
FTV,FORTIVE,2016,46.01949368428571,51.63225322714286,45.01340113999999,100.0,45.01340113999999,40.17978844142857,29.049177582,11.097814494285714,57.68422434857143,58.93572736,60.59747796,37.56110189428572,59.16172769999999,55.74986608,49.96053720571428,100.0,30.714285714285715,27.285714285714285,38.42857142857143,60.1875,48.87411479000001,0.07844633333333334,0.2369416666666667,0.78%
GD,GENERAL DYNAMICS,2002,9.4154003565,62.3325652965,45.9716073365,87.67152373799999,46.060566646,42.4961506815,27.467372137799998,4.99374976655,64.6173576765,9.765070807,69.57387214650001,65.7641383815,37.39383057215,84.8969476565,42.42974406175,97.6,24.8,67.0,57.8,61.8,52.701202486,0.12964595,0.21606114999999998,1.30%
GE,GENERAL ELECTRIC,2002,79.91334224428572,82.60008057904763,52.39323850666667,34.49818039228572,74.05735074809525,53.16797484728571,72.05204798761905,86.22208309809524,75.70916373857142,72.95129125571428,75.9288828757143,72.07920726333334,71.31607251252382,72.17398094619048,74.84941078333334,91.42857142857143,26.142857142857142,50.714285714285715,49.857142857142854,54.535714285714285,73.32894871333333,0.019077380952380946,0.28037723809523807,0.19%
GEN,GEN DIGITAL,2002,70.33645271681819,81.23705162727273,58.678978956363636,76.64170664818181,61.77235764318182,70.70239423636363,58.03479371590909,42.65285618181818,62.65669668818182,53.28704950227273,54.56228459545455,30.857949338636363,70.09897675181818,84.51823298409091,62.04750231259091,100.0,48.142857142857146,55.857142857142854,46.714285714285715,62.67857142857143,78.01854819636364,0.1290355909090909,0.31600945454545454,1.29%
GILD,GILEAD SCIENCES,2005,31.667327002882356,86.37915309764706,51.130377624705886,86.1367232117647,55.80706768647059,27.791005749176474,28.073907723352942,3.887850350588235,71.47566069235295,42.52398640764706,86.28397907823529,59.90628854470589,34.86947804235294,48.65348854352941,65.38894530588236,100.0,30.2,86.2,32.4,62.2,54.8682159182353,0.1898146470588235,0.22923088235294117,1.90%
GIS,GENERAL MILLS,2002,79.52468877049999,92.36170353600001,62.316042801,75.9193100876,68.79785755,68.1722295555,71.845622146,17.453435257499997,50.3157797985,48.4293838775,45.0292764015,81.2392247025,86.39745211350001,48.464851814,77.5545025815,100.0,41.4,69.0,59.2,67.4,93.80894894650001,0.09168175,0.14843195,0.92%
GL,GLOBE LIFE,2002,11.790336232857143,53.79591500714285,34.38215671809524,96.77579365095238,35.06811358380952,9.807343733333333,22.767209476571427,3.558429526190476,48.33697474380953,8.418845404761905,44.36478351390476,15.315550846190476,11.472838736190477,85.94203784714286,31.88823812909524,96.42857142857143,29.571428571428573,28.857142857142858,37.857142857142854,51.208333333333336,36.82651864238095,0.12478819047619047,0.20572114285714285,1.25%
GLW,CORNING,2002,28.8266488063,86.69132656100001,53.4926511045,85.95833333350001,53.5593509455,58.869464425000004,57.0443047465,51.3749803745,46.8854612716,14.216606199500001,42.338791048000004,51.2395659,59.620004232999996,74.0802369945,55.537919925999994,96.83333333333333,27.833333333333332,26.166666666666668,50.666666666666664,51.85,69.5229183865,0.21443395,0.37363805,2.14%
GM,GENERAL MOTORS,2010,88.24372135615384,83.14374741153846,45.05376423615385,31.23375131646154,68.09908117307693,69.30509665,70.0818104023077,67.11056730076923,62.46008261923077,62.636598019999994,49.070281770307695,77.43980175692307,76.95635310153847,89.90365962615384,69.77781724538461,72.14285714285714,41.42857142857143,45.857142857142854,65.57142857142857,56.25,62.830201996153846,0.059535833333333336,0.31115875,0.60%
GNRC,GENERAC HOLDINGS,2015,8.7174802065,58.51453399,25.799133755,76.6066028225,29.2142923775,12.375878647250001,4.347208756375,0.0,47.2671171725,55.5900208975,54.6808407475,10.87504048125,5.63957592225,48.2544632425,38.204892375,100.0,19.4,0.0,14.6,,18.62497475125,0.29281812500000004,0.351948875,2.93%
GOOG,ALPHABET 'C',2004,29.848941265052634,73.44774337789474,34.99903517578947,12.160162754,58.814399318947366,70.97135477789475,60.53830123473685,51.85967401052632,56.43886803578947,27.91294377894737,72.54574414999999,51.03764067842105,65.15443517,20.475898832052632,60.97249562789473,58.714285714285715,29.571428571428573,54.857142857142854,32.142857142857146,43.82142857142857,78.8261251231579,0.209302875,0.22062525,2.09%
GOOGL,ALPHABET A,2004,29.848941265052634,73.44774337789474,34.99903517578947,12.160162754,58.814399318947366,70.97135477789475,60.53830123473685,51.85967401052632,56.43886803578947,27.91294377894737,72.54574414999999,51.03764067842105,65.15443517,20.475898832052632,60.97249562789473,58.714285714285715,29.571428571428573,54.857142857142854,32.142857142857146,43.82142857142857,78.8261251231579,0.2529953888888889,0.26117511111111114,2.53%
GPC,GENUINE PARTS,2002,16.599116836190476,61.35761325,22.621593024095237,99.01960784333335,22.621593024095237,11.45644176952381,8.285286554714286,1.1501101185714286,40.76229289085715,10.948649362857143,45.828356803333335,11.040650712380952,18.750253165714284,39.984197216666665,23.753264861619048,100.0,23.0,10.8,33.4,51.875,22.95652986047619,0.12522580952380954,0.20172533333333334,1.25%
GPN,GLOBAL PAYMENTS,2009,13.31185682857143,44.10518447285715,21.745103683571433,93.67167919785713,22.81544792,19.676387236428575,13.473152064285715,0.0,28.30804402214286,3.5155057364285716,35.4266796565,23.93225501142857,18.150185337857145,14.576716704428572,23.63484783007143,94.57142857142857,29.714285714285715,30.857142857142858,24.285714285714285,62.416666666666664,27.473486999285715,0.18933221428571428,0.2485677857142857,1.89%
GRMN,GARMIN,2004,6.797813186368422,68.56582718052631,47.24130869105263,82.0013100931579,49.57840765736842,26.311573458947368,32.47375688531579,29.218396439473683,54.37032893105263,29.589589531578948,65.02250869052632,55.84432420473684,42.61208033631579,50.57807355842105,54.53418602421053,100.0,14.666666666666666,0.0,25.333333333333332,,43.63161943368421,0.186055,0.30820194736842105,1.86%
GS,GOLDMAN SACHS GP.,2002,55.110228363809526,93.57729656285714,40.95784258095238,22.44987646290476,63.46003019857143,81.51307254428572,81.38815048095238,68.75586488047618,53.74928591047619,37.25801048619047,45.04824716028571,42.52394890285714,70.18163058904763,81.84545344333334,71.95847242476191,77.0,42.42857142857143,72.14285714285714,43.0,58.642857142857146,73.23307340333334,0.14741433333333334,0.27905033333333334,1.47%
GWW,WW GRAINGER,2002,30.2475636924,83.8851550425,48.6698931495,95.1216736695,48.6698931495,36.272658344,31.77270152,27.3307466913,58.33940244,36.1105053315,58.12634149,53.076397377499994,37.2598928114,77.7774981065,56.7600699265,100.0,39.166666666666664,41.666666666666664,59.833333333333336,60.166666666666664,58.1256783775,0.15919535,0.23530365,1.59%
HAL,HALLIBURTON,2002,68.79843999571429,90.9627988157143,54.30896356428572,40.98800892280953,70.80341071714285,70.50060960285714,68.7505421314762,51.57749140714286,64.87825538523809,60.90238301380952,61.89327061190476,78.44919940047619,72.88369742333333,72.21474822571429,76.65352932142858,100.0,31.166666666666668,9.666666666666666,53.166666666666664,48.75,85.03235032904762,0.17178633333333332,0.398103619047619,1.72%
HAS,HASBRO,2002,47.8186657855,82.1165267705,59.6898459115,86.041666667,61.54744248350001,79.502210135,40.50445210505,0.0,54.359763806000004,60.1148827375,51.21351097915,69.68615551650001,69.014114245,69.2080052465,72.3210148796,100.0,59.833333333333336,68.0,55.666666666666664,70.875,80.88854335549999,0.1550715,0.26050775000000004,1.55%
HBAN,HUNTINGTON BCSH.,2002,29.20161382190476,75.01019662666667,49.79087636809523,91.33951753952381,49.79087636809523,21.838689195714284,34.188405238095235,18.58098377285714,64.89328169238095,8.694519956666667,66.79749132904762,51.76303695809524,23.581634647619047,82.34036148333333,47.490791825904765,100.0,32.714285714285715,43.285714285714285,45.57142857142857,55.392857142857146,47.73118739428572,0.07224671428571429,0.31659090476190477,0.72%
HCA,HCA HEALTHCARE,2002,18.164169848,74.296072505,37.032655027,80.5830107395,37.943098189,14.9760272915,17.205194993,0.0,33.44809310795,0.191552023,37.5735144629,62.722429852999994,24.031680164,29.885970765550002,50.329728753,95.0,23.4,27.6,24.4,43.875,39.3863799395,0.33639830000000004,0.2791732,3.36%
HD,HOME DEPOT,2002,34.43683811409091,89.32719004863635,51.19300705863636,44.043498032500004,63.618536595,75.95708861863636,68.26744680136363,48.673536758181825,53.34414849454545,49.38647233454546,53.80586589318182,62.77260214545454,73.65157749863637,64.40996407909091,70.93299036818182,86.0,32.0,40.42857142857143,68.57142857142857,56.75,73.62058220045455,0.15545677272727274,0.23467986363636362,1.55%
HES,HESS,2002,93.54228155050001,81.4593923505,61.956822745,90.254548544,62.2701897435,81.745133046,64.56637959625,23.458079899,53.9751957225,57.901172559500004,51.184881008000005,56.503150708999996,81.85492946299999,36.898187552500005,65.03313305405,100.0,27.666666666666668,17.666666666666668,42.0,47.5,68.04064759650001,0.14488784999999998,0.36603565,1.45%
HIG,HARTFORD FINL.SVS.GP.,2002,48.399973027,81.606878584,52.621307700500005,71.407821485,58.4294439795,65.15430143025,58.293259019000004,31.660875676,66.60334974150001,13.3505872185,65.092929294,31.528010582,44.093164015,83.77366904,56.447074893,100.0,41.0,53.0,39.833333333333336,58.458333333333336,75.2046570265,0.10387089999999999,0.3519063,1.04%
HII,HNTGTN.INGALLS INDS.,2011,8.540051506666666,56.53006877333333,36.21244223833333,88.82691007416668,36.6720694775,13.283472143666666,11.3150483975,0.0,49.26211923416667,42.9069200975,55.181267856666665,17.496416081666666,23.777214601666667,56.679668975,41.102060566666665,91.66666666666667,18.0,31.333333333333332,0.16666666666666666,28.75,38.884345330833334,0.26282045454545455,0.2468892727272727,2.63%
HLT,HILTON WORLDWIDE HDG.,2014,81.4997255425,91.82526542625,69.28887005,86.799199085,71.14072313,78.53067235875,76.97587580875,8.4722222225,67.20348092875,69.74091182375,67.16406505875,55.90954577125,86.07970262250001,57.80403741,70.26445965875,96.83333333333333,44.166666666666664,50.333333333333336,52.333333333333336,60.916666666666664,75.48321240375,0.19509862500000003,0.239492125,1.95%
HOLX,HOLOGIC,2005,15.598969459444444,47.43618929777777,38.50352351888889,91.28851540611112,38.50352351888889,24.41280063588889,15.428979302666667,0.0,56.01918957944444,8.478403438888888,65.3772072186111,27.714143666666665,23.485426765555555,51.77261086722222,33.378805472222226,100.0,35.5,36.666666666666664,34.5,51.666666666666664,56.89962195500001,0.213254,0.31089188888888886,2.13%
HON,HONEYWELL INTL.,2002,28.3735903705,69.914964275,51.046264582999996,65.31427600165,55.717478435500006,41.12449000375,48.368199214499995,56.91560538,69.092753982,39.1048465545,76.95017353,57.831284118999996,43.777038348999994,70.0474645645,54.122461766,100.0,21.833333333333332,45.666666666666664,58.0,56.375,60.88562466450001,0.150278,0.21905070000000001,1.50%
HPE,HEWLETT PACKARD ENTER.,2015,94.21655984875,88.78725873625001,70.1011697525,81.78359683875,71.64674678,78.44842348374999,57.18877816,40.87475656125,85.761066005,73.94968597875001,86.83106478125,28.704998342499998,86.47689116875,76.5574075175,70.48823535875,97.28571428571429,51.714285714285715,55.285714285714285,67.0,67.82142857142857,92.15602647375,0.14570014285714286,0.32544142857142855,1.46%
HPQ,HP,2002,95.91512536,91.2340192025,60.013627966,48.2826409704,74.02900252250001,81.565269563,55.708573397500004,36.756005785999996,75.4116870485,79.212635862,75.27846008,66.147999435,87.9956576795,62.186818075999994,81.814613595,100.0,58.5,58.666666666666664,67.66666666666667,71.20833333333333,94.4967760525,0.16956365,0.29781245,1.70%
HRL,HORMEL FOODS,2007,67.492004818125,86.16694728375,63.946627035625,83.915068733875,65.644933135,42.695232350625,58.51714242125,20.654709824375,44.528624988125,66.820443710625,39.171731124625,87.414536298125,81.91153901125,47.076017979125,82.40454094124999,100.0,25.142857142857142,59.142857142857146,64.0,62.07142857142857,90.70321043875,0.1416011875,0.17583474999999998,1.42%
HSIC,HENRY SCHEIN,2007,18.712021715333332,76.605653688,44.62535907733333,91.44660894660001,45.854772487333335,48.47381162466666,43.64142694586667,43.333333333333336,52.128009785,14.788512005333333,56.386209798133336,25.970835067333333,37.98606310853334,60.211335119333334,41.87476536466667,100.0,22.166666666666668,34.5,48.5,51.291666666666664,57.128207206,0.11822406666666667,0.2057552666666667,1.18%
HST,HOST HOTELS & RESORTS REIT,2004,39.52306423388889,78.51878758277778,63.06789075555556,100.0,63.06789075555556,55.764401194444446,51.46332018138889,19.48333942777778,78.90547117388888,12.023716944444445,86.64497108611111,51.93081965777778,55.42605192072222,79.36207609166667,60.619342500555554,100.0,31.833333333333332,34.666666666666664,28.5,48.75,58.10568837,0.09450283333333334,0.30032433333333336,0.95%
HSY,HERSHEY,2002,52.56079618571429,82.46465337904762,54.29479784952381,81.06181002952381,58.719959362857146,68.25152044761906,61.638951358095234,19.269516785714284,47.51259230238095,43.560592176666674,54.49838103285714,59.45424887333333,63.50026918380953,20.861160610428573,63.348144752380946,94.57142857142857,53.142857142857146,55.857142857142854,52.57142857142857,64.03571428571429,74.99350899380953,0.13623985714285713,0.17518204761904763,1.36%
HUBB,HUBBELL,2008,15.204738622,54.758383162,43.523993432,100.0,43.523993432,23.301923327133334,41.782042415999996,57.77699043133334,54.12523714333334,22.640965255333334,68.83425016999999,31.36044571933333,24.584174852866667,31.042192733066667,37.03262712666666,100.0,30.6,0.0,47.4,,43.08046983466667,0.13494544444444445,0.2291158888888889,1.35%
HUM,HUMANA,2002,41.60359415263158,77.75821846157895,61.279957481052634,85.49646625347368,64.34263401736843,64.58425837947368,49.650064662105265,0.0,75.43079301,27.731959856842106,83.50353019263157,62.39228518263158,51.03505994842105,71.07313497210527,61.22440542110527,100.0,35.2,44.6,65.4,61.3,63.924653631052635,0.2685145789473684,0.32013915789473685,2.69%
HWM,HOWMET AEROSPACE,2005,89.24519810277778,80.98456928555555,51.961340656666664,56.94715195566667,64.33521927944444,76.03156206333333,61.493849132222216,31.04058060733333,51.63920883055555,75.08907405166667,39.299802002111115,48.37900817111111,82.71458992722222,67.69990540500001,75.23826329777778,97.28571428571429,29.714285714285715,31.0,37.714285714285715,50.333333333333336,87.6069923188889,0.24202116666666665,0.38177516666666667,2.42%
IBM,INTERNATIONAL BUS.MCHS.,2002,67.39168125238095,94.11044939761905,62.42767978333334,61.468062440714284,72.7212182252381,96.3062019552381,74.63734946952381,50.32201798238095,56.81354792333334,76.59651908428572,52.878461977142855,90.02427955571429,92.61188979619048,62.87841219204762,90.52708639857143,93.14285714285714,32.42857142857143,88.85714285714286,52.42857142857143,66.71428571428571,95.76617291619047,0.057810714285714285,0.21529485714285715,0.58%
ICE,INTERCONTINENTAL EX.,2005,18.96065130764706,70.34345745294117,43.90709753823529,88.66710455941177,44.47038506882353,21.35965427882353,36.908197316470584,20.899342783529413,48.57248949529412,29.710443044117646,46.594206143,21.667719454705882,28.607938103529413,74.90799279058824,47.34163904764706,100.0,13.6,2.0,42.0,42.0,40.11311142352941,0.3002148125,0.2804133125,3.00%
IDXX,IDEXX LABORATORIES,2008,14.9613514334,58.65364412533334,43.07838105533333,95.33333333333333,43.07838105533333,25.424638765999998,24.660061803733335,20.0,53.36474435733333,14.080969263333333,65.235529924,55.036111642,29.5294178576,39.39772108266666,41.79396511933333,100.0,30.0,3.5,28.0,54.75,35.077619793333334,0.24128966666666668,0.2753912,2.41%
IEX,IDEX,2008,34.6395959016,63.57479377866667,40.625514462666665,96.274509804,40.625514462666665,12.1092392784,32.77263053946667,43.236079860000004,52.87060518533334,13.964630880666668,64.810747674,37.18712790466667,31.168253570466668,25.224136413199997,38.473423774000004,93.66666666666667,32.333333333333336,0.0,57.666666666666664,,45.36057910333333,0.17163806666666664,0.23443,1.72%
IFF,INTL.FLAVORS & FRAG.,2002,60.112747795,62.343729451,52.77448991794999,83.75813601050001,53.73106050095,45.3753979775,47.9251457885,46.751412188,68.5595298555,42.837081887,74.26537234610001,45.403778627499996,50.70964032,55.171242924,48.845036801000006,100.0,33.333333333333336,25.5,47.833333333333336,55.3125,48.996268859000004,0.13330619999999999,0.20341035000000002,1.33%
ILMN,ILLUMINA,2008,19.723930632857144,41.21684144,31.017702035714283,73.532144915,33.936655654285715,27.365899627142856,20.775297420714285,10.714285714285714,28.612271083571432,38.22759471142857,14.892609154285713,44.38507208857143,25.11330929642857,80.27003781785713,42.64527723157143,100.0,32.0,37.0,35.833333333333336,60.8125,47.65642986214285,0.294332,0.4115809285714286,2.94%
INCY,INCYTE,2014,16.96190816125,79.9512708475,39.58158448375,100.0,39.58158448375,42.86397772375,23.17960468375,0.0,47.467765495875,0.0,56.1304543815,41.4586622075,12.417550353875,38.929374100000004,42.35314117625,100.0,19.5,0.0,28.666666666666668,,61.94541509,0.085134875,0.384123125,0.85%
INTC,INTEL,2002,90.5397018,95.232131889,66.806209211,54.0040515046,82.3401485045,97.04747724149999,87.06184295450001,73.289374537,79.930458343,79.102535027,79.7480698425,48.479292054,94.604804834,73.4655910385,80.366607186,87.5,43.166666666666664,69.0,52.166666666666664,62.958333333333336,97.1467117855,0.10386165,0.27170415000000003,1.04%
INTU,INTUIT,2002,20.700508729333333,74.35503126809525,58.19447522142857,83.78968253952381,59.794934330476195,50.99739932999999,44.75604830809524,25.517008434285714,59.661791912380956,34.938642816666665,61.623770362857144,58.516065668571436,57.753737161428575,79.09605252809524,63.24724714190476,100.0,46.285714285714285,36.142857142857146,36.142857142857146,54.642857142857146,61.508964635714285,0.1835812380952381,0.24073338095238095,1.84%
INVH,INVITATION HOMES,2017,18.28379445166667,56.99974836166667,36.817211543333336,100.0,36.817211543333336,17.885172666666666,18.30955773133333,0.0,44.977671281666666,51.475080705,48.55011817866667,40.965595135,23.284808163333334,50.86543284333334,51.12327395166667,100.0,23.333333333333332,19.166666666666668,21.5,60.125,51.991642485,0.12596259999999998,0.20171016666666666,1.26%
IP,INTERNATIONAL PAPER,2005,54.96484755944444,83.12539554944445,59.669126014999996,89.28571428572222,62.04414225722222,86.49248847555556,67.25325208777778,29.207767017777776,63.81255123166667,49.779819904444444,59.0220383461111,31.796670860555555,72.33288081833332,85.67939663055556,56.286673639444444,91.85714285714286,25.142857142857142,9.285714285714286,61.142857142857146,46.791666666666664,64.14086622333333,0.09205872222222222,0.30564444444444444,0.92%
IPG,INTERPUBLIC GROUP,2002,33.678048724,79.106704476,48.768284916,92.9842657345,49.5003759955,41.154483243499996,29.225646167999997,2.575757576,56.656023115,37.455662557,55.604713222,26.634148944499998,39.9704186595,75.4790390225,49.1985502905,100.0,25.833333333333332,50.166666666666664,34.5,55.65,56.1074319735,0.0922094,0.31558579999999997,0.92%
IQV,IQVIA HOLDINGS,2014,41.32321119533333,75.60182237555556,47.988246509999996,98.45173041888889,47.988246509999996,55.45270258666667,43.89498957111111,0.0,30.344256950666665,48.549127042222224,33.00813695511111,53.502856458888886,44.520988485555556,14.145354109888888,70.34866695777777,100.0,17.666666666666668,16.0,51.833333333333336,49.5,95.06451532333332,0.20097722222222225,0.25052766666666665,2.01%
IR,INGERSOLL RAND,2017,46.351975143333334,61.03920577666667,38.92330885166667,100.0,38.92330885166667,51.546457196666665,28.4325405355,11.597399585,40.34714493,27.701453516666664,37.63882769666667,43.158859621666664,42.41284405,45.37164889833334,47.43905233500001,100.0,23.8,9.2,12.6,60.25,65.03881690333334,0.16855479999999998,0.3479144,1.69%
IRM,IRON MOUNTAIN,2004,38.67197992777778,73.15072307555556,48.63760153022222,80.71428571444444,50.36116164855556,46.58465029944445,42.914072839999996,12.581595893888888,50.764325935,25.206265521666666,54.844946585,31.149439172222223,47.05602570944445,45.22382110461111,59.18553489611111,100.0,43.5,32.0,43.833333333333336,54.833333333333336,71.31332033277778,0.1459396666666667,0.2618016111111111,1.46%
ISRG,INTUITIVE SURGICAL,2007,9.63655028125,64.47434150875,39.688577636875,92.16807644125,40.347273101875,16.21936199375,11.936111509125,0.0,63.14311094,9.30262898625,71.39964155,20.3446768475,21.502187789375,71.29238268375,33.103757334375004,100.0,24.0,7.333333333333333,27.5,45.166666666666664,43.425678320624996,0.3701688125,0.3301453125,3.70%
IT,GARTNER 'A',2010,20.55022908769231,49.997667074615386,51.359460460769235,100.0,51.359460460769235,20.768747227692305,13.996402081538461,0.0,72.74350260461539,26.271889702307696,83.42260831615384,30.45982303769231,28.143374756923077,71.94199924538462,39.543186700769226,100.0,25.333333333333332,38.5,30.833333333333332,51.0,42.91023506615385,0.2865893846153846,0.2514463846153846,2.87%
ITW,ILLINOIS TOOL WORKS,2002,24.984845339523808,64.68449758904762,40.769172646190476,90.3149165652381,40.91442612714285,27.657758908571427,27.725274351904762,21.734169495238095,62.48634051952381,25.95786116095238,69.64265674285714,29.54393159190476,36.08816575071429,63.63294989238096,39.54579636152381,100.0,27.714285714285715,25.571428571428573,47.714285714285715,51.541666666666664,47.071584095238094,0.13953538095238094,0.21156461904761906,1.40%
IVZ,INVESCO,2002,25.694008633499998,79.437930005,50.598774011,91.5469208215,51.95245002,38.4907770996,37.063485786,9.0569226735,56.082719803500005,0.415692799,57.32895691755,34.770260065500004,26.660091145299997,72.1877368705,58.587092395499994,100.0,32.0,35.166666666666664,36.833333333333336,53.3,62.94428349,0.0849125,0.35549995,0.85%
J,JACOBS SOLUTIONS,2004,42.844740262222224,75.90020496222222,49.92810238888889,84.19440541944444,51.716368977222224,47.23092165277777,48.49149098444444,49.17971979722222,44.02791127111111,47.098551398333335,50.26629845944444,69.30583838333332,44.057157922500004,24.022067982055557,60.66032921166667,100.0,24.833333333333332,42.333333333333336,40.833333333333336,52.0,59.22813007944444,0.16725544444444446,0.2930383333333333,1.67%
JBHT,HUNT JB TRANSPORT SVS.,2008,19.369507309733333,83.94905207666667,47.146199352000004,97.38562091533332,47.146199352000004,38.86199027666667,37.36176546266667,50.06172839533333,58.84655519533333,11.20610563,59.45194677200001,29.590477031333332,21.734267486333334,83.14661519533334,47.177710752,100.0,19.333333333333332,15.666666666666666,54.833333333333336,48.2,51.85134901266667,0.1603256,0.25183913333333335,1.60%
JCI,JOHNSON CONTROLS INTL.,2002,87.51766418190476,90.28758778238095,68.94575327952381,81.532075102,73.86358678714285,90.27969495728571,79.17631355242858,71.24443902428571,57.921596831904765,69.15927408285714,44.42668464338095,78.0724069647619,85.52321147571429,83.17392589761906,81.16023598666668,93.14285714285714,38.285714285714285,50.42857142857143,65.28571428571429,61.785714285714285,91.35495626619047,0.1630883333333333,0.2818982857142857,1.63%
JKHY,JACK HENRY AND ASSOCIATES,2015,16.95074261,50.59963241125,32.425116595,96.875,32.425116595,10.993369640625,6.252649082625,0.0,35.284528817500004,21.95645629125,23.494907487,34.49447588875,11.429034154250001,86.80579071625,38.222658825,100.0,20.833333333333332,9.0,22.666666666666668,54.25,31.25267711875,0.155978375,0.18517737499999998,1.56%
JNJ,JOHNSON & JOHNSON,2002,85.66903230049999,90.0751306465,55.2229255995,29.5780153197,82.37141327650001,90.367613764,87.882843181,52.5352456065,74.361515579,78.6840902835,72.0915539925,81.6073305335,96.25082893,74.38970971699999,85.026702637,96.0,39.166666666666664,92.33333333333333,61.5,72.25,91.1333489255,0.08886115,0.149007,0.89%
JNPR,JUNIPER NETWORKS,2004,44.2878588168421,73.33889384473684,51.99707453842105,84.52931571368421,53.58415246736842,53.501500892631576,55.70297103852632,55.797549483157894,46.63202676421052,20.992742486842104,47.54384239621053,60.358648780526316,57.31282164,45.15541995368421,59.40023748473684,100.0,17.428571428571427,30.0,40.142857142857146,46.892857142857146,60.204309980000005,0.08976752631578946,0.33246273684210526,0.90%
JPM,JP MORGAN CHASE & CO.,2002,61.06389578238095,86.22944440428572,40.61641953238095,23.15977318961905,66.38099760476192,61.59447927904762,66.3631906895238,47.79348649714286,64.90423329857143,66.95205164571428,70.78640822,62.31869731857143,62.46912326219048,47.857208574285714,71.47131543142856,79.33333333333333,28.833333333333332,93.16666666666667,50.0,62.833333333333336,68.70206667,0.12295700000000001,0.27338119047619047,1.23%
K,KELLANOVA,2002,65.4145699055,77.6462687505,54.6826264383,73.27518184614999,58.2411139898,53.74046797195,58.88339309245,19.21814114,47.260591384499996,39.286215251,48.8116938485,73.1480367245,71.959368606,29.98759749085,64.1874895735,88.6,26.8,47.6,48.0,52.75,70.318288951,0.07655735,0.1499267,0.77%
KDP,KEURIG DR PEPPER,2008,65.70823211857143,79.98505476214287,58.148058573571426,84.92559523785714,59.662741215,36.1083019,55.24796247357143,80.44374184,69.76330499428572,43.13072439214285,69.46019258714286,71.52423286428572,65.31771320928571,73.47706159571429,57.050930726428575,100.0,17.166666666666668,17.333333333333332,57.666666666666664,49.0,41.766720754285714,0.2608046153846154,0.20469800000000002,2.61%
KEY,KEYCORP,2002,41.39064514666667,77.15134395095238,50.2210787342381,88.67026607095238,51.7872224742381,45.54781886809524,52.879208039999995,36.59683669333334,60.914506236190476,11.644749097142856,64.7677741975238,53.97520745095238,40.41587103761905,61.086187082380945,48.95478901080953,100.0,30.857142857142858,60.857142857142854,34.0,56.42857142857143,47.68593700238095,0.07059680952380953,0.2856748571428571,0.71%
KEYS,KEYSIGHT TECHNOLOGIES,2015,76.48855005875001,83.08968332875,72.8157097975,100.0,72.8157097975,83.682536685,81.534575575,74.1375002075,41.6074932725,87.46404366,25.67089465375,96.31025354,87.6723097325,71.47545080875,90.024268,100.0,30.428571428571427,38.0,55.142857142857146,55.892857142857146,96.8146792875,0.26145625,0.263899,2.61%
KHC,KRAFT HEINZ,2015,52.174558877142864,64.46774842857143,47.457595278571425,56.065869674285715,55.751177275714284,36.52382548714286,52.710187915714286,75.52101624571428,56.50906372000001,52.44654696857143,50.58902537714285,68.53963178285714,64.33438467714286,79.13219475285715,57.248593137142855,100.0,26.2,28.4,49.8,51.1,43.00121985571429,-0.010427142857142866,0.2798724285714286,-0.10%
KIM,KIMCO REALTY,2002,42.623926268,66.6729579895,49.9168065765,100.0,49.9168065765,44.166259552999996,34.782247884499995,32.719980241500004,64.34350455500001,10.382165492999999,64.9603395525,38.9627467035,26.500303856,76.767106758,53.357349114,100.0,28.333333333333332,4.5,70.5,51.75,58.489801157500004,0.11512340000000001,0.28236075,1.15%
KLAC,KLA,2002,31.868581614285713,67.97418621571428,42.927781444000004,95.41125541142857,42.927781444000004,39.49265786666666,35.7270886342381,30.05622751285714,46.21456192761905,43.745530685238094,55.022699500428565,12.32517366047619,39.17897901257143,26.41809022161905,46.172660772,100.0,17.0,11.0,46.5,43.625,60.446396254285716,0.19503209523809523,0.32750671428571426,1.95%
KMB,KIMBERLY-CLARK,2002,85.731237636,75.825586997,64.428204271,92.363247863,66.04220573,68.3209372765,58.374258659999995,37.5456178173,66.69444207149999,82.43269930049999,68.554486875,51.989425016999995,63.575682472,47.803095688499994,69.65028553350001,100.0,34.2105,47.61111666666667,61.8116,60.9083,75.4327215485,0.0936801,0.14810285,0.94%
KMI,KINDER MORGAN,2011,42.48799003,75.42872331166667,49.38454087666667,79.76795848249999,54.168244075833336,70.65434721416666,51.214846862499996,28.580891816666668,58.445944776666664,37.34380032083333,71.94096626083333,36.374537365,37.081830405,24.10117632758333,53.58319442416666,100.0,30.857142857142858,23.142857142857142,45.42857142857143,56.35,63.72336799916667,0.05393618181818183,0.25260608333333334,0.54%
KMX,CARMAX,2005,9.138785115789474,90.07720980947369,46.970943696842106,92.36888207157895,47.61733025736842,17.05408222473684,14.192183287210526,4.568238778947369,61.24419835947369,0.0,66.482257976,32.30744062,18.457060169473685,78.52094179736842,50.394465102105265,100.0,23.921071428571427,41.0,68.02255714285714,58.23591428571429,59.68841159052631,0.19853363157894738,0.3475343684210526,1.99%
KO,COCA COLA,2002,91.1855866715,80.638966968,47.951187001,27.571898077549996,72.32873289,46.727176909,60.743210517,54.905153092,74.094460895,78.296991019,72.277226998,75.056154841,75.707634969,68.757823373,78.928859148,89.83333333333333,43.5,55.5,40.5,57.333333333333336,83.0146360375,0.08669305000000001,0.15223,0.87%
KR,KROGER,2002,50.01987439428571,87.80902519904762,53.19340049904762,66.79598353428571,60.81292814142857,44.499783766190475,52.121395919047615,59.65676450666667,59.10778288285714,47.37116615952381,58.10925983619048,68.84396906619047,57.89150726142857,68.49479869428572,66.24326537666667,62.333333333333336,27.166666666666668,43.833333333333336,56.666666666666664,47.5,60.898140348571424,0.10957190476190475,0.237548,1.10%
L,LOEWS,2002,3.6252559152380948,52.6471834,32.052284967666665,97.92420612,32.052284967666665,14.166806408047618,26.84506207261905,7.274209312857143,43.93653992780952,0.0,46.80423229857143,26.275245973333334,16.35529968,61.25175470152381,28.032448764571427,100.0,15.166666666666666,16.666666666666668,28.5,43.3125,22.223809528095238,0.03386190476190476,0.2147841904761905,0.34%
LDOS,LEIDOS HOLDINGS,2008,64.25640281142857,91.13901881428572,70.14634972500001,85.67086139714286,73.69634176714285,70.94931059214285,65.27508336642858,57.68688677857143,69.43480098642857,44.07438258928572,74.58517204928572,89.12558197642856,71.60986067,55.71916289,81.57908559857142,100.0,24.5,84.66666666666667,37.833333333333336,61.75,81.37430923071429,0.12746657142857143,0.2416402857142857,1.27%
LEN,LENNAR 'A',2002,2.274986918,63.2212874855,20.672937937999997,92.0,20.672937937999997,4.02770783295,10.4064648302,20.732072324500002,34.139448289,0.0,47.6665737135,11.220513968,0.8274647890000001,10.292004449550001,20.596281357749998,100.0,17.166666666666668,5.333333333333333,6.333333333333333,40.25,20.327928102999998,0.18030215,0.36880185,1.80%
LH,LABORATORY CORP.OF AM. HDG.,2002,9.74982860952381,62.359925011904764,51.037004425238095,84.35859670904762,52.44839658666667,19.77541267047619,15.042385137142858,0.0,67.7163697404762,25.733514770476194,76.65727136809524,58.01419785761905,15.283328719523809,76.55772507238096,55.31092372904762,93.66666666666667,29.0,41.166666666666664,40.333333333333336,57.5625,64.62781763761905,0.1170278095238095,0.21726914285714286,1.17%
LHX,L3HARRIS TECHNOLOGIES,2005,27.64270774161111,51.72934427111111,42.60588860111111,100.0,42.60588860111111,31.628537243888886,29.86265022872222,5.439783228666666,54.47215117333334,33.718539766666666,60.738669965,24.34905603111111,60.07195688,51.470050816666664,40.74597139722222,100.0,26.0,45.166666666666664,38.5,58.875,50.53227969833333,0.165235,0.24914288888888889,1.65%
LIN,LINDE (NYS),2005,79.15956535777778,85.90808542166667,72.21420316388888,79.21696230777778,74.27997276555556,96.70741381222223,83.19248644444446,66.11487733166666,50.49854302277778,68.72623068833333,45.5821854555,84.91011607,87.50599749055556,47.779053355,79.02252359944444,100.0,41.857142857142854,60.857142857142854,67.71428571428571,67.60714285714286,86.16333896388889,0.16009666666666666,0.18547794444444443,1.60%
LKQ,LKQ,2009,11.923795714285715,53.44701811714286,23.137357635,97.32142857142857,23.137357635,22.08526582857143,11.118018701642857,5.400207312857142,44.425372200714285,6.373342102857143,49.182870435714285,15.342215252142855,9.392944931214286,50.23476240285714,20.521822750000002,100.0,18.666666666666668,10.666666666666666,31.666666666666668,51.875,18.975410297142854,0.22065607142857144,0.2717660714285714,2.21%
LLY,ELI LILLY,2002,72.0429453515,91.509852589,55.66794501649999,69.5995578415,60.995936789999995,68.2541587059,62.87630987175,18.864067662,46.137136769,38.0721714155,46.88436646,79.5871115325,71.23991858165,26.375832075149997,70.015917302,91.83333333333333,45.666666666666664,88.66666666666667,42.333333333333336,67.125,82.445651491,0.1201273,0.2151668,1.20%
LMT,LOCKHEED MARTIN,2002,82.55956083523809,84.56739780095238,56.091877385714284,70.48858931761905,59.443471017619046,73.46039194428572,60.372305135285714,33.888257559047624,60.64885992999999,25.469404319523807,59.575188618190474,58.27173640904762,78.23358616333333,49.62063036714286,58.051765656190476,91.83333333333333,46.166666666666664,47.166666666666664,55.5,60.166666666666664,77.0047921952381,0.16944433333333334,0.19884785714285716,1.69%
LNT,ALLIANT ENERGY (XSC),2004,37.932496297777774,68.73692575944445,48.442437319444444,97.01646090555556,48.442437319444444,63.26654780777778,50.544147456666664,28.590756386499997,56.97874427277778,0.0,62.59014905905556,45.68454815222222,55.69563330277778,50.97156030222222,39.12765717777778,100.0,27.333333333333332,26.333333333333332,40.833333333333336,48.625,37.63347221833333,0.145152,0.16963105555555555,1.45%
LOW,LOWE'S COMPANIES,2002,47.376240906190475,93.41335406285714,54.75801717571429,88.09341735285713,57.60226014571429,65.55092734285715,58.62459505419048,42.47309965142857,51.8949123687619,32.41644976238096,49.29922758838095,46.517830478095235,62.94497779452381,63.55964260952381,62.322204662380955,92.0,35.21608333333334,50.833333333333336,49.54056666666667,56.8975,64.32602061809523,0.149774,0.2752092380952381,1.50%
LRCX,LAM RESEARCH,2005,39.50589394882353,48.271779292941176,42.66097171117647,94.32773109294118,43.62008461,56.80193975117647,40.19460595176471,18.53009842470588,42.40509912705882,39.23283762,32.741775569411764,54.344358415882354,51.160281731764705,76.5489811164706,46.84769664882353,100.0,27.7123,19.833333333333332,62.85830000000001,65.17795,51.00943736294118,0.2989884705882353,0.3210025882352941,2.99%
LULU,LULULEMON ATHLETICA,2011,20.213002459333335,59.168698371666665,33.284875441666664,79.81977513191667,34.57049474,11.165324289916668,28.07827164158333,39.83690672583333,43.82850595666667,30.515635918333334,40.363967593333335,13.417075890833333,28.400313238333336,71.12063616333333,31.788727215833333,100.0,27.4,0.0,3.6,,32.03213802333333,0.25028333333333336,0.39043083333333334,2.50%
LUV,SOUTHWEST AIRLINES,2002,59.683330150476195,77.14578651333333,47.12358551333333,68.0000276697619,54.117882991904764,62.12513711571429,56.08249645357143,14.285714285714286,49.72821417142857,32.39232294761905,45.30003788238095,38.61316137190476,68.38437962619048,57.85205781095239,55.631644960952386,79.57142857142857,30.857142857142858,47.57142857142857,61.142857142857146,54.785714285714285,66.26037585761904,0.085911,0.30885690476190475,0.86%
LVS,LAS VEGAS SANDS,2004,53.88682501894737,83.6432962568421,38.011291445263154,84.00040717,39.44327829631579,51.18693479421053,48.58979416578948,34.88449003473684,36.204478662894736,11.486734455263157,32.303703284421054,13.007751982105264,48.300941914210526,37.41883235278948,36.11456852947369,100.0,31.0,20.428571428571427,50.0,53.25,51.40991219526315,0.27305372222222224,0.4724364444444445,2.73%
LW,LAMB WESTON HOLDINGS,2017,56.645166345,48.810457326666665,52.52689233,100.0,52.52689233,23.46727046283333,43.684947691,11.273207278333333,75.824357065,15.656807185,74.77324040666667,67.127194735,70.384973,92.11420640666667,44.67210579333334,100.0,18.833333333333332,7.5,31.833333333333332,47.833333333333336,46.31364988333333,0.19864133333333334,0.28510966666666665,1.99%
LYB,LYONDELLBASELL INDS.CL.A,2010,58.07711427153846,59.724575310769225,56.32243956000001,94.64497041461537,56.908212413076924,69.09238801538461,54.378898687692306,67.00332682923077,73.78379985307691,31.826661286923073,75.86539508307693,72.69609459,27.85839728923077,77.31627280846155,49.58596987384615,100.0,39.142857142857146,8.285714285714286,53.285714285714285,59.25,52.89950202538462,0.1698565,0.30410716666666665,1.70%
LYV,LIVE NATION ENTM.,2015,1.6911649791249999,67.7787072275,31.5166055325,71.41984450625,36.38059510125,17.7047975125,9.041918627125,0.0,46.01626037125,0.0,59.12475769,29.3633531075,6.53333207875,31.87133290875,35.98355223,96.83333333333333,16.166666666666668,34.333333333333336,13.833333333333334,45.333333333333336,41.17926351625,0.18397212500000001,0.297346625,1.84%
MA,MASTERCARD,2006,28.7621493135,78.943342860625,41.050719353125,57.207152855625,50.287457008125,43.353919495625,38.136077823125,19.39264041975,48.986022323374996,31.360229287499997,59.8006578945625,26.08165207125,59.6487665775,26.419819096624998,56.032184227500004,100.0,32.4,85.0,50.2,66.9,75.85739958125,0.3339568666666667,0.2437084,3.34%
MAA,MID-AMER.APT COMMUNITIES,2015,31.137644402142858,62.926878374285714,47.749274191428576,100.0,47.749274191428576,30.875230465714285,26.231489958571427,11.229053714285714,67.47511195142856,12.263371144285713,71.66114098571428,55.566645040000004,25.628592292,77.74666021714286,53.47758124714286,100.0,25.0,6.833333333333333,24.166666666666668,50.0,50.74161880857143,0.24416285714285715,0.1843537142857143,2.44%
MAR,MARRIOTT INTL.'A',2002,50.0872174079,84.915004776,53.2587705485,59.8099541095,61.652590040999996,72.9895306505,61.592515694,0.0,59.610961597999996,72.832475333,62.8819156615,37.6717200745,60.5479658405,55.0569441855,63.049720279,87.66666666666667,50.666666666666664,78.66666666666667,66.16666666666667,70.79166666666667,80.8151778415,0.17494145,0.26936740000000003,1.75%
MAS,MASCO,2002,45.9195250195,75.27304067600001,55.64119856800001,96.125,55.64119856800001,61.0629846115,56.517110594500004,47.605232777000005,58.692203868,39.3557981625,59.053167689999995,56.33270544450001,65.7441386575,66.0041103605,52.966927759,100.0,26.833333333333332,14.0,44.333333333333336,47.7,49.4268520665,0.13093925,0.31564135,1.31%
MCD,MCDONALDS,2002,53.2974943255,86.10768992,42.6924248265,14.68597738405,68.8123484845,51.6296540175,68.128410676,27.4932441165,52.040761523,53.44165108,56.0211486165,92.058730209,89.60959629300001,37.934982679,80.4037691405,56.0,31.666666666666668,64.0,42.166666666666664,48.458333333333336,74.722484392,0.17352205,0.1733014,1.74%
MCHP,MICROCHIP TECH.,2004,35.98375879421052,56.66992616578948,50.293480806842105,99.24812030052631,50.293480806842105,45.21273626631579,39.65848021989474,48.778956309368425,60.68638013842105,46.012456411578945,63.27607949421052,58.30126515526315,22.49634551347368,68.52246318421054,51.729299815789474,100.0,14.2,9.2,57.6,48.5,50.66645322210527,0.13972805263157895,0.27668468421052633,1.40%
MCK,MCKESSON,2005,56.903857213,83.96491239894738,54.33980552789474,67.19864817226316,58.46616036157894,54.073272704210524,50.30509301947368,0.0,72.12022884052631,10.94802352368421,70.72718278789473,53.44766216263158,69.04218480526315,86.90796344,54.242264392105255,100.0,31.142857142857142,56.285714285714285,45.0,58.107142857142854,72.08858495473685,0.2046111052631579,0.22459773684210524,2.05%
MCO,MOODY'S,2004,59.228038716315794,86.40781322421053,48.307283562631575,83.36336350952632,48.99131439736842,33.640072366789475,26.279260990526314,0.0,71.22325742,11.431339388947368,72.33405111894736,21.367086688421054,39.547996780000005,75.51742421978948,44.0346578131579,100.0,35.857142857142854,81.28571428571429,56.42857142857143,68.39285714285714,58.89433800421053,0.19210463157894736,0.2783643157894737,1.92%
MDLZ,MONDELEZ INTERNATIONAL CL.A,2002,54.020922754285706,81.04479838142858,56.48366011809524,57.03427781471429,70.31893702428572,66.56173624571429,67.80727874490476,42.298313888095244,57.50231484666667,66.24176796380952,58.85502930380952,87.27040846333333,74.15461421714286,55.31419471742858,79.33597988904762,96.57142857142857,29.285714285714285,42.142857142857146,50.714285714285715,54.67857142857143,82.90154338047618,0.10145161904761905,0.177454,1.01%
MDT,MEDTRONIC,2002,45.12258717,96.62370306772728,48.90926096727273,39.035677226000004,64.92398380636364,73.87804065909091,58.23632197681818,27.29770229772727,56.99654248045454,44.813149405454546,61.17244433772728,63.67039068181818,77.35744822545455,50.99283983063637,73.31513583954546,100.0,49.57142857142857,71.28571428571429,67.85714285714286,72.17857142857143,95.67128701136363,0.058693590909090904,0.19691127272727274,0.59%
MET,METLIFE,2002,54.1454383005,96.8562271295,47.330592574,67.6356112393,51.53412579450001,57.911076866500004,61.687421929,34.304169066499995,38.3315328115,3.6929232300000003,40.7135045155,67.51880800149999,50.86269701365,19.84902346885,65.4783110895,94.83333333333333,37.0,68.66666666666667,43.833333333333336,61.083333333333336,69.1700557555,0.094652,0.29036585000000004,0.95%
META,META PLATFORMS A,2012,58.363890646,64.26377638,26.996078327,11.4731753074,43.736547265,63.421491835999994,38.355339377,0.0,34.385440357,28.852093275999998,39.6492049111,50.6111158,72.785023569,0.8539249809999999,56.470640616000004,68.5,39.13698333333333,35.944449999999996,35.88888333333333,44.867583333333336,73.251236217,0.36954488888888887,0.2905411111111111,3.70%
MGM,MGM RESORTS INTL.,2002,34.59957685714286,84.76536085952381,43.025444275761906,78.45233552680952,45.83350205909524,52.848507636190476,53.086148230476184,20.615673793333332,46.94052818,10.474489604285715,44.84419629733333,15.818189485238095,58.3009663847619,62.15560200571428,40.743896943809524,96.42857142857143,47.285714285714285,71.0,42.57142857142857,64.32142857142857,68.58871401809523,0.15361933333333333,0.4514301904761905,1.54%
MHK,MOHAWK INDUSTRIES,2004,56.93857782888889,80.95349956444444,48.060602234444445,91.01851851833334,48.08340468333333,49.61995156444445,35.95572477277778,14.250837132333332,55.543783338333334,49.07445215777778,51.863189270111114,33.43078423777777,63.55818518055556,66.88256723722222,53.86855235777778,100.0,13.8,13.4,56.0,45.8,55.227675265555554,0.10030033333333334,0.3307567777777778,1.00%
MKC,MCCORMICK & COMPANY NV.,2002,30.170530717200002,77.49587979750001,46.865115271499995,99.44444444450001,46.865115271499995,44.4879081565,45.9822116533,25.324448695999997,52.614781205999996,20.379775571000003,64.6326499375,43.852320297,51.6080677431,27.51805243165,44.09944018365,100.0,39.2,36.4,41.6,54.3,44.251446571500004,0.149787,0.1601903,1.50%
MKTX,MARKETAXESS HOLDINGS,2015,33.5067177175,76.43525951375,51.5163821575,100.0,51.5163821575,22.02209228625,14.707044274625,0.0,54.17450823625,31.92413881875,49.1991283175,45.5341839225,24.24402854125,84.53763497,63.017885395,100.0,15.428571428571429,35.285714285714285,25.428571428571427,52.9375,65.675405355,0.258225125,0.28545187499999997,2.58%
MLM,MARTIN MRTA.MATS.,2004,40.51619820578947,71.81241879263158,32.60690662578947,100.0,32.60690662578947,17.563386172526318,11.188395156473684,0.0,77.48386303,7.464857961052632,91.21452496631578,20.138888837894736,13.64634768594737,56.36009979210527,27.677857961157894,100.0,24.5,0.0,22.666666666666668,,18.925578472105265,0.15717352631578949,0.28978278947368424,1.57%
MMC,MARSH & MCLENNAN,2002,32.77008827114285,68.61744108952381,40.05772206057143,80.00167207695237,41.421077322476194,32.484004107809525,36.30295360714286,5.554558934714286,47.85683536761905,12.818081942857143,51.884193949,27.999383904285715,35.51804683619048,44.49013816114286,42.90126521919048,100.0,32.0,45.57142857142857,28.285714285714285,54.0,46.76966442904762,0.09859214285714285,0.20575142857142859,0.99%
MMM,3M,2002,87.18617412714286,94.1032019404762,65.42738006,62.99039584766667,78.3572886547619,73.94924022666666,72.84292883333333,65.53249598428572,76.60352815142858,78.61533386571429,76.6389848352381,82.87680829142857,81.85875522952381,69.43024189380952,84.40325412619048,100.0,56.42857142857143,67.0,53.285714285714285,69.17857142857143,86.26672491666666,0.08435919047619048,0.1941022857142857,0.84%
MNST,MONSTER BEVERAGE,2007,4.538641743333333,32.41525176466667,23.185371966800002,94.94444444466667,23.185371966800002,6.241924805733333,10.065829906866668,24.202244514666667,36.26690679066667,28.264814245333334,47.109559081066664,22.969785414666667,9.233111373333335,21.276909187333334,24.632939389333334,100.0,9.8,0.0,17.0,,15.12862367,0.2418158,0.30916293333333333,2.42%
MO,ALTRIA GROUP,2002,63.990090132499994,91.3057204895,57.810113528,57.66327540995,71.5191018485,67.92350213130001,59.228755872,18.7744115865,71.0036668585,76.12956059849999,70.0534278875,74.56929812749999,58.6248784715,78.8468479165,79.64214622450001,100.0,43.5,55.5,73.33333333333333,68.08333333333333,80.468076357,0.2197356,0.20754964999999997,2.20%
MOH,MOLINA HEALTHCARE,2015,7.826710235,68.1566838925,36.13870314125,100.0,36.13870314125,31.21690130625,18.962331043749998,0.0,54.836559664999996,12.128482971250001,64.36621973375,8.932208008749999,13.87622255125,54.410925715,27.713977745,100.0,15.428571428571429,17.142857142857142,18.714285714285715,48.25,17.022370719999998,0.277898375,0.367388875,2.78%
MOS,MOSAIC,2005,87.12303819411764,81.85398928882353,51.7937974517647,84.09224076135294,55.44334173058824,52.62716800235294,43.77033989882353,15.428075742941175,68.15896466352942,43.501206295882355,73.35385000658823,69.27021828823528,63.747821954705884,38.19996449635294,60.10957928705882,100.0,35.333333333333336,40.333333333333336,51.166666666666664,56.708333333333336,62.65080209117647,0.24400758823529412,0.3955854705882353,2.44%
MPC,MARATHON PETROLEUM,2011,66.61932568833333,78.9886626325,60.64615296583333,80.31088089583334,64.3052981375,71.1591364625,54.6487928175,27.19295344,67.43838324333333,70.65480004833334,66.68238460083334,81.85061425333333,62.047681104166664,70.50441708416666,70.49022675333333,100.0,28.833333333333332,44.833333333333336,29.0,50.666666666666664,58.93158643416667,0.2855305454545455,0.3935798181818182,2.86%
MPWR,MONOLITHIC PWR.SYS.,2015,7.269552115714285,44.12181936571428,29.36152255142857,100.0,29.36152255142857,2.9220779228571425,8.731974534285714,14.997425242857142,42.34993571285714,33.78648386285714,43.84601016714286,37.38929859571429,6.567661156142856,60.749943251428576,36.49306464428572,100.0,18.0,0.0,32.4,,33.316418302857144,0.33886700000000003,0.311505,3.39%
MRK,MERCK & COMPANY,2002,85.54749878571428,96.90460310571429,59.75661549714286,55.32609547333333,73.15506608142857,80.81697055333333,70.4287901952381,7.94951318952381,62.549594400476195,51.7313716,55.06788043904761,93.8358615252381,79.82321097333333,72.15670467952381,81.58946503952382,100.0,44.857142857142854,92.28571428571429,57.0,73.53571428571429,94.68183258714286,0.09966557142857142,0.21355909523809521,1.00%
MRNA,MODERNA,2018,35.201100722,78.417501912,50.11942411,64.654258598,57.921732318,58.471462087999996,54.86118297,0.0,55.246521834,13.956043955999998,71.00603634199999,38.97262439,62.538493164,16.078420876,63.097365302,100.0,24.0,16.4,43.0,49.666666666666664,91.47161946399999,1.4400737499999998,0.86467575,14.40%
MRO,MARATHON OIL,2002,79.937256338,85.2925988405,65.00050680550001,80.331663178,68.33544245,69.8289390505,52.87550329,7.1264209015,87.592730673,55.391770646,95.792093127,62.353822746000006,73.898442725,65.365172049,70.251679392,100.0,29.5,57.0,41.0,56.875,83.7982492855,0.16082570000000002,0.3856175,1.61%
MS,MORGAN STANLEY,2002,46.09286842421053,92.42888521105263,39.31333276421053,22.703842341105265,61.54207392210527,66.03745761,72.60079823526316,59.72339277052631,54.624739274210526,51.443843579473686,45.11229824768421,42.45918332210527,59.45252350368421,92.02078992526316,69.90267044789475,80.2,29.8,27.8,41.8,44.9,64.65526678526315,0.12129405263157896,0.3212797894736842,1.21%
MSCI,MSCI,2008,22.010517552857145,42.15565048,33.45386368607143,96.37896825428571,33.45386368607143,14.386663262142857,22.927781234999998,21.26680595428571,39.54547678285714,39.16905005214286,35.779761866142856,23.241129277142857,31.522192517857142,63.78783265642857,34.47902175078571,100.0,23.333333333333332,4.5,48.666666666666664,54.5,28.85286446642857,0.29380992857142857,0.27861042857142854,2.94%
MSFT,MICROSOFT,2002,77.83319526619047,90.60691341142858,47.292641121904765,17.971159151809523,78.9269847657143,82.58353171904761,64.88409490714287,47.94106560142857,81.47333853809523,66.05178824904762,82.92366252238095,71.03671633095239,75.6751761052381,79.0656874347619,80.8622903995238,87.85714285714286,48.857142857142854,69.85714285714286,52.714285714285715,64.82142857142857,88.38450999714286,0.16002266666666667,0.21173595238095239,1.60%
MSI,MOTOROLA SOLUTIONS,2002,75.40508543809524,90.53414451047618,61.763390795238095,66.82831718619047,69.15204868476191,74.32762919952381,60.06666034809524,40.334888059047614,64.7728387904762,75.8377127947619,56.477760568952384,65.80129553190476,80.22872092619048,85.33493509547618,78.78669695095239,100.0,23.714285714285715,47.142857142857146,55.0,56.464285714285715,85.3531788195238,0.16456628571428572,0.27856380952380955,1.65%
MTB,M&T BANK,2002,8.895080080476191,75.8138832552381,38.41222980714286,89.4382271452381,39.073587653809525,26.45329164004762,26.287219633333333,6.756950299095238,47.130274124761904,0.0,49.06697927942857,16.480122126190476,18.85605247666667,66.16471963761904,41.069752987142856,84.16666666666667,27.166666666666668,28.333333333333332,37.0,44.166666666666664,51.15979552904762,0.08000871428571428,0.2354804285714286,0.80%
MTCH,MATCH GROUP,2015,8.64592223,32.99080345125,21.81684120925,74.72090741962501,24.340340718,12.903101966249999,7.919349302500001,0.0,19.63651237575,44.4548948725,13.834911424375,46.36256236375,15.15597993125,46.302242314375,35.523712573875,100.0,21.166666666666668,9.0,17.666666666666668,50.25,15.55026000625,-0.4057745,0.36785100000000004,-4.06%
MTD,METTLER TOLEDO INTL.,2008,41.95113207857143,34.748940053571424,49.689972832857144,100.0,49.689972832857144,44.67444520642857,45.579403826428575,42.01388888928572,68.06611829357142,20.245531749999998,72.91084950071429,68.77312337142857,45.86662151571429,69.32700507642858,40.780586019285714,100.0,35.4,0.0,51.6,,43.485250962857144,0.24674807142857144,0.2552769285714286,2.47%
MU,MICRON TECHNOLOGY,2002,24.935942855238096,76.45028791761905,42.49170619190476,70.42694078476191,45.033637932380955,43.80693592047619,35.24200789190476,23.874254075238095,53.57851392,28.32617027238095,54.49913406714286,32.20956473904762,41.14513018104762,69.6048274747619,46.97611069571429,96.57142857142857,31.714285714285715,28.428571428571427,56.142857142857146,53.214285714285715,63.37807720333334,0.268416,0.42626166666666665,2.68%
NCLH,NORWEGIAN CRUISE LINE HDG.,2014,36.72058281333333,67.59268138555555,47.43608679444444,93.34786191333333,47.43608679444444,63.71894514111111,48.64985528588889,0.0,34.037973585555555,39.27052001444444,20.363963864111113,60.4761104,42.22451930688889,77.82959984666667,55.63990117,91.0,24.0,6.0,27.285714285714285,54.125,47.23717680777778,-0.04839866666666667,0.44024722222222223,-0.48%
NDAQ,NASDAQ,2007,47.1004005225,78.210828698125,53.686840566875,87.641258271875,54.8446850525,43.1759315703125,37.92156673125,9.560475278875,63.695772285625,37.642694544375004,79.504266440625,22.76709196125,50.6070034575,22.0643729448125,54.556578550625,100.0,26.142857142857142,51.714285714285715,42.857142857142854,55.17857142857143,50.410227919375,0.1727255625,0.248647,1.73%
NDSN,NORDSON,2011,8.54130782,88.83352403181819,43.03581284818181,100.0,43.03581284818181,42.608810526363634,32.939346550909086,28.195460117272727,43.11729374272728,41.04902973,53.52068972454545,46.197487480909096,33.32792985363636,31.489964417090906,52.214499961818184,100.0,19.5,0.0,0.0,,30.208773088181818,0.21355918181818181,0.25895872727272723,2.14%
NEE,NEXTERA ENERGY,2002,54.245425381,80.0680397245,59.797736022,86.58482142835,61.839675132,61.529655702499994,61.82681280455,58.37728909249999,62.6044577085,42.6752455435,66.7271097185,67.17776838,65.2026269588,54.4349725695,61.268200811,100.0,23.0,60.0,59.5,60.625,56.28739063650001,0.18432125000000002,0.17077605,1.84%
NEM,NEWMONT,2005,98.90414339166666,94.31651525166666,78.45803343444445,84.87198054777778,81.79669048722222,83.38615034722221,80.01811114166668,2.7777777777777777,91.22556177555556,63.83276523166666,90.20545631555555,40.220089540555556,92.26654056722222,89.50685889444445,77.59898417555556,96.83333333333333,40.5,53.833333333333336,48.666666666666664,59.958333333333336,97.08752965944444,0.0605715,0.33439744444444447,0.61%
NFLX,NETFLIX,2009,12.939382435714284,25.682633521428574,17.074485366428572,56.632326682285715,19.33656534592857,19.105370537142857,5.665715723,0.0,21.693654486928573,5.350112485714286,16.879562288714286,21.549364372857145,4.260233477071429,43.576809847142854,21.362048150642856,93.66666666666667,22.333333333333332,27.833333333333332,8.833333333333334,42.625,25.68832293642857,0.6087097857142858,0.49789521428571426,6.09%
NI,NISOURCE,2002,59.64708309699999,59.6778389055,45.285619552,85.4924242425,48.79748696,50.89137185065,38.0177457893,16.472666090449998,82.5352445305,11.445737246,90.1230056685,47.535795506,44.77704910255,72.5014816895,38.7968659442,100.0,38.166666666666664,46.0,67.66666666666667,62.958333333333336,42.603971955999995,0.17926994999999998,0.18359304999999998,1.79%
NKE,NIKE 'B',2005,83.05970563333334,80.97432746277778,55.67909675722222,47.28064373866667,65.87835074666667,69.72991745055555,74.7083970325,76.87293608944444,50.67373585166667,55.008069284444446,46.19695477388889,74.78739037166666,76.09991481944445,44.005692915333334,71.07416277277778,83.5,30.5,47.333333333333336,56.333333333333336,54.416666666666664,77.91743130833333,0.17588727777777777,0.229918,1.76%
NOC,NORTHROP GRUMMAN,2002,59.80330115299999,85.0075307245,59.4989343555,83.9005006755,60.621699936999995,63.244069144499996,49.9215883106,34.817547624999996,61.89409703049999,59.674759553499996,64.1081320395,29.659919251,52.297001444,55.907844258,65.4716313235,100.0,44.166666666666664,54.833333333333336,54.0,63.25,77.9258271015,0.16467615,0.2020991,1.65%
NOW,SERVICENOW,2013,17.37251590111111,56.37150967777777,31.68865358444444,97.66081871333333,31.68865358444444,20.338788766666667,12.359114054444444,0.0,29.483454337777776,13.725328892222223,19.825465478666665,29.863765225555554,23.518149653333335,69.75070948888889,40.98369228999999,100.0,24.666666666666668,23.833333333333332,20.166666666666668,58.375,49.13956149111111,0.44946233333333335,0.3330694444444445,4.49%
NRG,NRG ENERGY,2007,69.57165300933333,79.672625472,61.224567148666665,89.88518518533333,63.242372255999996,75.07221937266667,66.96764299866668,59.749746103999996,71.88884433599999,40.85504919066667,77.375908448,17.33217917,64.278319602,55.143424847333335,51.71973199133333,100.0,22.0,49.166666666666664,43.0,53.541666666666664,52.633988282000004,0.11838093333333334,0.3361596,1.18%
NSC,NORFOLK SOUTHERN,2005,73.39751584588237,94.75775724411766,53.15308947882353,63.20525759352942,61.48040828235294,88.02799899058823,64.91254695,38.28976034882353,62.94090450764706,0.0,59.38187414588236,32.44754009176471,66.63732537235293,67.83326482411765,57.18882165117647,91.28571428571429,25.857142857142858,46.857142857142854,53.285714285714285,54.32142857142857,78.70816546411764,0.17213870588235294,0.26420299999999997,1.72%
NTAP,NETAPP,2002,14.24267049804762,67.89814661285715,36.793615129809524,94.82989836238096,36.793615129809524,26.314380469523808,22.773257694095236,20.427784117809523,50.05744910466667,21.926500307619047,61.469256924238096,39.19976881190476,26.25709944504762,35.89460877952381,35.90752011523809,100.0,21.5,33.0,44.0,51.3,28.969011126190473,0.166005,0.3703314761904762,1.66%
NTRS,NORTHERN TRUST,2002,59.038388555999994,91.25033943,55.5882803095,95.983096488,55.8189158645,47.7628461416,53.584947152999995,16.795170652499998,52.418249438,40.059200859,41.9971441315,34.770260065500004,55.178928536,82.7418410435,68.23460664000001,100.0,25.0,58.666666666666664,45.333333333333336,57.25,68.818356468,0.08221375,0.24051985,0.82%
NUE,NUCOR,2002,23.326678903333335,70.69545916952382,44.901833991428575,96.77573165142857,44.901833991428575,38.979636602190475,40.2651340447619,0.0,44.47301195428571,45.73075940571429,48.24935529804762,46.625014210952386,49.53938342571429,45.98275617666667,49.21863586442857,100.0,9.6,3.2,24.8,33.375,40.05262646,0.1953565238095238,0.3250167142857143,1.95%
NVDA,NVIDIA,2002,51.44686157380953,78.15572633952381,49.10733556142858,73.99470899480953,55.32513461285715,61.829707042857144,48.55136331476191,28.03073941142857,69.34649046571428,26.39094077857143,70.83258861,39.94257218809524,61.39017728380953,76.32591591619047,51.753722313333334,100.0,42.5,53.0,52.0,61.875,78.76429000190475,0.4348047619047619,0.48811885714285713,4.35%
NVR,NVR,2004,0.0,40.5612871968421,22.212047372105264,100.0,22.212047372105264,2.7018723815789474,1.3378873353684209,0.0,54.274573583157895,0.0,58.962430620000006,20.650153374736842,2.041546352105263,74.8314325136842,19.06771663031579,100.0,9.833333333333334,16.666666666666668,50.333333333333336,43.7,25.824388702105264,0.17637789473684212,0.265145947368421,1.76%
NWS,NEWS 'B',2013,17.787613417,74.178175959,36.956639875,46.527863635,46.639648771,40.811582718,35.5837540876,30.041625042,63.082200533000005,4.37007874,84.676816748,30.857040879,34.155444966199994,21.296537901599997,36.950595453,83.33333333333333,23.5,9.5,10.666666666666666,34.75,32.897014749,0.04381655555555555,0.28005722222222224,0.44%
NWSA,NEWS 'A',2013,17.787613417,74.178175959,36.956639875,46.527863635,46.639648771,40.811582718,35.5837540876,30.041625042,63.082200533000005,4.37007874,84.676816748,30.857040879,34.155444966199994,21.296537901599997,36.950595453,83.33333333333333,23.5,9.5,10.666666666666666,34.75,32.897014749,0.042089888888888885,0.28551166666666666,0.42%
NXPI,NXP SEMICONDUCTORS,2013,49.4305370947,68.730019338,67.25519199499999,95.26984127,67.25519199499999,67.582967428,61.19125846300001,34.846237744999996,64.965299887,89.083678357,63.690994832,60.785653438,88.329575864,79.569491924,73.053138873,100.0,37.714285714285715,6.428571428571429,51.714285714285715,53.583333333333336,62.388472676000006,0.26776790000000006,0.301577,2.68%
O,REALTY INCOME,2009,23.435188112142857,57.319450905714284,55.190545035,100.0,55.190545035,51.253821525,47.190151775714284,38.31402144214286,72.64525342714286,17.280234002857146,91.41852469857143,26.506723985714284,45.599493970714285,42.87439273428571,46.54104843571429,100.0,24.857142857142858,29.428571428571427,25.428571428571427,50.6,55.41470812071429,0.14115121428571428,0.22157178571428573,1.41%
ODFL,OLD DOMINION FGT.LINES,2015,7.11289549375,78.10501472625,33.13781977,96.99074074125,33.13781977,39.4919927825,21.997439895,0.0,42.3209882325,17.56856747375,48.9678241325,20.719247925,25.3192663675,43.63693039125,36.35727161,100.0,11.5,0.0,24.666666666666668,,25.4293017,0.302789375,0.268247,3.03%
OKE,ONEOK,2007,60.77047464125,93.551643015,54.9868498225,99.21875,54.9868498225,72.16885073,51.622873084375,0.0,66.648906158125,13.012228259375,64.363130645,31.079769499999998,46.578496159375,78.187112213125,49.546478629375,100.0,33.0,39.0,62.0,58.5,68.76934011375,0.231936625,0.3211696875,2.32%
OMC,OMNICOM GROUP,2005,40.36745627444444,60.33226668444445,49.94125950055556,98.44276094277778,49.94125950055556,55.65838473972222,33.18649567683334,0.0,67.04267644777778,14.863852682777779,72.64524206,33.11201734555556,36.41047260666667,66.15093785166667,41.19455392722222,100.0,34.0,27.857142857142858,38.142857142857146,50.0,53.43233510666667,0.0875445,0.21393394444444447,0.88%
ON,ON SEMICONDUCTOR,2009,60.83774617257143,72.19975730714286,64.43477576071429,100.0,64.43477576071429,56.45791757928571,53.58214359428571,35.834928992857144,57.21068271285714,79.23178965571428,65.28242196857143,82.06908263857143,73.29373364642856,27.8868428835,76.70583736642857,100.0,35.333333333333336,4.333333333333333,60.5,54.75,72.00681183714286,0.3084746428571429,0.3934577142857143,3.08%
ORCL,ORACLE,2002,35.94751817066666,88.22607617333334,44.96693355952381,55.838848074761906,49.54970210047619,71.39219787761905,61.77955667571429,43.68936492095238,37.38894411142857,28.368346702380954,34.08824764161905,28.856680087619047,79.49138487809525,49.352216302380945,59.411149141904765,83.66666666666667,26.5,59.0,42.0,52.791666666666664,72.7640481947619,0.11842309523809524,0.24048385714285714,1.18%
ORLY,O REILLY AUTOMOTIVE,2008,1.8790735906666667,46.292224534,36.501286023333336,97.07756012066667,36.501286023333336,11.149061272,4.802678173533334,0.0,54.28267880866667,3.502775812,65.37186905653333,24.23879395133333,1.0291609940666666,52.25444812599999,34.76240604866667,100.0,20.0,3.0,50.5,43.3,56.072403050666665,0.26142340000000003,0.24130993333333334,2.61%
OTIS,OTIS WORLDWIDE,2020,67.10927210666667,78.63023894666667,62.96624695,100.0,62.96624695,75.09836300666667,45.01826823,17.242418216666668,89.20823856666668,36.838328143333335,95.55250494666666,83.36853176666666,77.14580539,82.79332827333333,59.37813216,100.0,30.0,20.666666666666668,52.333333333333336,52.875,41.13390513666667,0.1083105,0.2392,1.08%
OXY,OCCIDENTAL PTL.,2002,77.38074055263158,75.93010472631579,59.28916100894736,80.81483442789474,61.43118297052632,69.60083514736843,45.99501752052631,5.696208813157894,67.25785450421053,68.00870790736842,61.642954126842106,60.47056044947368,57.371668485526314,79.22559839789473,70.85905463210526,100.0,24.8,26.2,34.4,46.35,76.62707958631579,0.0949272105263158,0.29290394736842107,0.95%
PANW,PALO ALTO NETWORKS,2014,8.034464356375,50.64473910625,29.96608875625,96.875,29.96608875625,12.615397355,16.781399545,0.0,17.780545177625,74.21467089,17.103190256,30.379824114999998,41.93393373125,26.535782125,48.710418185,100.0,24.8,20.0,14.4,51.25,51.6135595875,0.38369162500000004,0.368346875,3.84%
PARA,PARAMOUNT GLOBAL B,2006,27.817859873062503,76.67724855,42.566402624375,73.865058241875,47.66284657,37.988743558125,38.6669427273125,22.1244380625,42.32175490875,45.1350525675,54.274512655625,35.445463958125,56.113712952937504,12.1484924476875,53.996815891875,93.66666666666667,33.666666666666664,69.66666666666667,30.833333333333332,74.41666666666667,61.01850041875,0.1112100625,0.373187625,1.11%
PAYC,PAYCOM SOFTWARE,2015,8.97687224125,55.116120681249996,31.33463898625,89.653361345,34.319121153750004,12.10777538875,7.92302188,6.5896739125,22.85883405125,3.9859982924999997,25.436859895375,80.77415786,6.910983497375,23.52005577375,56.8239020525,100.0,21.428571428571427,6.0,49.142857142857146,49.5,68.55595080375,0.433006375,0.414668,4.33%
PAYX,PAYCHEX,2002,10.523535104545454,71.80135422863636,33.26805724,99.7159090909091,33.26805724,19.03416884,13.773237776409092,5.177457057727273,44.56724653909091,9.257609391818182,41.76781393486363,17.18342059727273,15.616758635409091,76.59449617818181,35.10498410272727,100.0,33.0,19.285714285714285,54.42857142857143,55.4,43.39716123363637,0.10604199999999998,0.2196443636363636,1.06%
PCAR,PACCAR,2002,9.969321726,75.0647853765,40.459842171999995,95.7453767465,40.712380928,46.1544570369,47.6406508625,57.0438662095,35.6174384592,15.236741864,43.928942069,39.8149492065,26.97998246625,25.01117091535,38.257225584500006,100.0,19.166666666666668,10.166666666666666,50.833333333333336,45.041666666666664,24.961157180999997,0.18728095,0.26550455,1.87%
PCG,PG&E,2005,87.02083324235295,89.70291169176471,57.96457685705883,37.072491643588236,81.4722810082353,98.10588401941176,84.93676173294116,63.34488695058823,77.71095809058824,44.21336405352941,79.11371476294119,81.00440018176471,89.26998515823529,66.82851908,79.83513153705883,100.0,32.833333333333336,73.0,65.0,67.70833333333333,91.78717995941176,0.004408176470588231,0.29943882352941176,0.04%
PEAK,HEALTHPEAK PROPERTIES,2004,47.07908685222222,80.55539189444444,59.53550155055556,100.0,59.53550155055556,53.56348683277778,47.32145700016667,39.467372671111114,67.79642336944444,42.89558865722222,70.43113374166666,57.26693715888889,43.433075115722225,72.8256131338889,65.91410171833334,100.0,29.833333333333332,4.5,28.0,55.25,61.41640571277779,0.10266116666666666,0.25267100000000003,1.03%
PEG,PUB.SER.ENTER.GP.,2002,52.84011513947369,77.33133483368421,54.30662571157895,95.05582137157894,54.90550603210526,79.0632343631579,55.57631530578947,33.937785123210524,60.805561330526324,11.33777414368421,67.08901360736843,55.61778851631579,51.22095702894737,45.17101787052632,49.94677673789474,100.0,19.2,39.6,64.6,55.85,61.030957951578955,0.11984473684210527,0.20098605263157893,1.20%
PEP,PEPSICO,2002,83.50411655,89.22280011000001,63.205783609523806,55.51338464714286,76.26573045666666,58.967786577619044,70.63540376257143,67.56264355857142,88.82432836952381,50.52295325285714,94.79633438761905,81.03692208904762,82.53403243442857,72.46444951809524,73.1104523347619,87.85714285714286,49.42857142857143,89.42857142857143,53.285714285714285,70.0,83.44618159619047,0.09952357142857143,0.14910966666666667,1.00%
PFE,PFIZER,2002,78.45042763190476,86.83029105428571,44.08826937952381,29.691326985714287,65.28703942190477,75.80702806142857,67.37985758095239,18.48143958714286,61.89137023333333,51.15606622333333,62.43066326666667,57.868825766666674,74.46492954761905,49.05435518747619,66.53227531904761,94.85714285714286,32.0,50.0,46.0,55.714285714285715,74.63189551857143,0.07191942857142856,0.2043518095238095,0.72%
PFG,PRINCIPAL FINL.GP.,2002,31.072993928571425,83.54467981666667,47.923984966666666,99.5918367347619,47.923984966666666,52.015298814761906,63.68203065238096,41.49190775571429,36.38349769190476,15.604829577619046,35.310260015809526,37.372350857142855,56.00734448285714,43.50129245361905,56.125493147142855,100.0,31.333333333333332,73.0,32.166666666666664,59.125,62.7655351704762,0.1413630476190476,0.3084095238095238,1.41%
PG,PROCTER & GAMBLE,2002,80.24750755950001,70.0921370185,48.574935827000004,51.0614697806,61.443047535999995,58.234772988500005,63.453888912000004,69.9875317235,48.842006212,62.6511938405,41.87181287805,60.170877009,63.921264607800005,51.138983099,66.8894360785,95.2,37.6,93.0,47.8,68.4,79.6338213235,0.10915649999999999,0.1424185,1.09%
PGR,PROGRESSIVE OHIO,2002,24.0278531773,81.5966102425,48.5722445285,100.0,48.5722445285,22.10150882965,23.877153059450002,0.0,55.0679007715,0.0,59.284959736,33.883597719,11.3096513173,61.70440261915,54.973114177499994,100.0,36.333333333333336,66.16666666666667,26.0,57.125,76.093101083,0.16972635,0.2091652,1.70%
PH,PARKER-HANNIFIN,2002,36.64690190380952,62.693422167142856,40.24502135390476,90.32657139380952,40.82656355295238,26.09614238514286,45.56745344666667,60.7083077804762,32.341843474142856,32.009068119999995,30.424837663238094,32.81765901142857,31.513149347142853,35.861823886761904,42.958840660285716,100.0,20.4,4.8,53.2,44.8125,46.5466511547619,0.17074861904761904,0.2728382857142857,1.71%
PHM,PULTEGROUP,2002,11.713014929619048,66.36165550666666,34.971210912380954,88.42261904761905,36.163995299999996,17.762266937238095,22.746264729095238,32.28821486928572,58.17355716047619,11.663694806190476,66.92797070166667,28.239867916666668,12.983612305904764,59.96587350714286,33.24920033433333,94.57142857142857,21.0,23.428571428571427,33.57142857142857,43.142857142857146,39.09800585333333,0.1786425238095238,0.37310447619047615,1.79%
PKG,PACKAGING CORP.OF AM.,2008,23.658553967142858,53.40800964857143,45.918192232142864,79.23044217664287,49.12196230071429,31.019601561571427,50.35303972714286,87.22720529785714,62.55070560071429,32.86003354428571,63.199703646428574,58.13051096785715,46.078185701857144,86.3154798792857,40.082778157142855,88.6,19.6,5.8,39.2,41.583333333333336,26.409479972142858,0.21651692857142857,0.2670725,2.17%
PLD,PROLOGIS REIT,2004,60.73374419842106,86.60336153263158,63.55127202789474,100.0,63.55127202789474,66.2376253016842,60.21398346210526,46.002528789473686,61.74011303894737,22.831714661052633,56.17684323578947,64.36990517421053,58.11968290736842,80.95525827578948,69.62724372526316,100.0,30.833333333333332,6.666666666666667,38.666666666666664,48.5,65.29869673578948,0.1469463157894737,0.2835112631578947,1.47%
PM,PHILIP MORRIS INTL.,2008,56.38451917,83.823776478,58.18727855,54.27184051533333,70.72023254266666,78.74161930933333,74.23227056533332,30.411263342666665,64.72243266533333,82.97477182533333,60.213014814,52.03653752333333,78.487123264,85.31243449266667,71.95566807266667,100.0,54.5,44.833333333333336,51.0,62.583333333333336,74.55391859466665,0.12936842857142858,0.20684742857142857,1.29%
PNC,PNC FINL.SVS.GP.,2002,44.66301009,97.45274421095239,61.96946889666666,78.55661902333334,65.38479428809524,48.63796732,59.16808907619048,41.087102119523806,78.7808251152381,8.960823179047619,83.2439007752381,59.79268794047619,63.1953591395238,86.64911626809524,61.280918562380954,100.0,31.142857142857142,70.42857142857143,51.857142857142854,63.357142857142854,65.51568091047619,0.10014304761904762,0.24766785714285716,1.00%
PNR,PENTAIR,2004,24.06206363105263,80.02505109421053,45.087979806315786,89.03780348694737,45.484783672105266,26.38007494231579,47.585182954736844,57.00136878789474,34.63637224,45.27034583578948,34.34632467578947,35.592662537368426,49.07748811526316,42.652736525,51.836596438421054,100.0,31.5,0.0,52.5,,45.40166022052632,0.1364547894736842,0.27880252631578945,1.36%
PNW,PINNACLE WEST CAP.,2002,75.7578782145,82.9466171925,64.0496589885,100.0,64.0496589885,66.1407516815,66.55782112450001,44.162685103,66.650307232,25.898316449,71.71522831050001,46.8716708235,86.78437169349999,43.6955229785,58.76925601000001,100.0,23.5,19.833333333333332,52.833333333333336,49.041666666666664,64.9412170525,0.08411965,0.1867373,0.84%
PODD,INSULET,2015,27.54994100125,58.0373308975,42.79504744875,91.0227272725,43.87072467875,23.524370729624998,23.54397544375,25.0,55.4312477675,9.96877029125,57.07945945,51.95213306,21.74845063975,68.52474666875,42.2949980125,100.0,24.571428571428573,9.285714285714286,21.285714285714285,44.4375,48.955441696250006,0.324626625,0.40262925,3.25%
POOL,POOL,2015,0.0,63.617857203750006,45.172617349999996,100.0,45.172617349999996,36.436364250124996,11.790635304125,0.0,74.92367122625001,15.620844055,87.2809356025,18.83582489875,6.795965201625,83.68190412125,32.5140676225,100.0,21.666666666666668,0.0,56.166666666666664,,45.29884244125,0.28762612499999995,0.23354587499999999,2.88%
PPG,PPG INDUSTRIES,2002,54.8337660147619,78.76356457904761,54.17668498380952,82.13833505714285,57.92429600285715,63.544191516238094,67.5184111942857,77.56729282333333,64.32655235047619,26.787675329523807,64.72616451252381,25.55885538952381,61.22295926190476,69.32303603047619,44.14287051471429,98.0,28.833333333333332,36.666666666666664,62.166666666666664,58.0,59.303546223809526,0.13409366666666667,0.2320385238095238,1.34%
PPL,PPL,2002,56.012905977,73.30345901550001,49.230188379,85.9330808075,51.121732471,44.9905760545,44.586801321,21.04237739775,65.4028438855,21.333674223,66.330178831,55.467164518000004,66.3969950315,68.571686003,49.364824087,100.0,23.0,31.0,48.2,50.55,53.0701106645,0.10022120000000001,0.18394145,1.00%
PRU,PRUDENTIAL FINL.,2002,45.181191692714286,86.53625034285714,55.67051226857143,79.11778036761905,59.57645115238095,67.27042867571429,68.89622180238095,60.08552252666667,55.13215630095239,2.5578460104761906,57.439212305714285,66.7139642395238,47.55290018295238,54.07594601728571,63.54598155666666,100.0,38.142857142857146,73.0,45.857142857142854,64.25,73.60800553809524,0.13603214285714285,0.30670242857142854,1.36%
PSA,PUBLIC STORAGE,2002,9.85208215775,24.8313822015,20.3146494632,100.0,20.3146494632,9.869017354499999,13.382346132,0.0,24.11099811685,0.5121936364999999,27.6732132722,19.846960512499997,20.0216783935,21.74289157255,24.8853059244,100.0,25.5,11.166666666666666,33.166666666666664,55.875,33.608930250499995,0.18614775,0.20390365,1.86%
PSX,PHILLIPS 66,2013,59.0183590956,74.301606639,55.614507278999994,67.762146637,60.376564721,77.170935295,63.93917745699999,55.860286965,60.770850171999996,37.608718756,59.519914078,76.272165992,59.220410791999996,66.10896453400001,57.225470816999994,100.0,23.5,35.666666666666664,36.833333333333336,49.0,61.689994777,0.1365072,0.3184321,1.37%
PTC,PTC,2002,2.533062388,47.394782562,33.4574609925,100.0,33.4574609925,1.7301986919499999,2.0376353444000004,0.0,41.846379496,2.3532731375,50.981663560200005,26.097355105500004,4.95944023855,37.604310678000004,34.661752955,100.0,20.6,15.4,52.6,53.875,49.041576805,0.15455524999999998,0.3584451,1.55%
PWR,QUANTA SERVICES,2008,4.518950437142857,59.80103168785714,33.66472499785714,97.42063492071429,33.66472499785714,13.777268539285714,17.33006323492857,27.388237547142857,58.07871359642858,17.552613021428574,70.65098222857144,28.047668057857145,6.765264928571429,51.87766026285715,32.58080673714286,100.0,15.0,6.666666666666667,17.166666666666668,34.708333333333336,29.444906905,0.15894242857142857,0.3143485,1.59%
PXD,PIONEER NTRL.RES.,2004,36.15266218166667,70.28231922833334,30.560741472222226,98.26695179555556,30.560741472222226,18.534228729888888,13.763862177444445,0.0,55.96742215388889,2.9282673316666665,59.98336255722222,13.734311172222222,20.360631386999998,55.79079412722222,30.128260508888886,100.0,29.833333333333332,48.333333333333336,14.666666666666666,57.875,47.78057476,0.22629133333333332,0.37540416666666665,2.26%
PYPL,PAYPAL HOLDINGS,2015,53.67832099625,84.26507224,51.6539263125,63.033446326375,60.7210212875,64.24415521,44.14347156875,0.0,67.18183592,54.1938280775,63.12567484125,29.23735388625,59.66297706125,89.704716125,62.62662700375,100.0,25.428571428571427,59.714285714285715,42.0,56.785714285714285,73.78918326125,0.24744371428571427,0.32215257142857145,2.47%
QCOM,QUALCOMM,2002,62.0146937505,64.365917446,40.946331144,46.07196969705,54.067212365,74.296498759,52.234756617150005,31.5097411705,50.565873843999995,47.5396346695,45.0392372532,48.5557010275,56.550306861,61.355449205,57.521930800999996,100.0,29.166666666666668,40.5,42.0,52.916666666666664,74.9918231,0.15964865,0.30561645,1.60%
QRVO,QORVO,2015,24.8486628075,69.88837150375,44.3784262075,100.0,44.3784262075,24.216629563999998,25.936523999125,12.82027661,64.8900580625,20.51200393625,64.6832502375,64.61382797,44.349824204125,92.27368098875,45.3594266825,100.0,17.93245,21.071433333333335,40.01515,44.75476666666666,46.1785699975,0.15363085714285715,0.37454275,1.54%
RCL,ROYAL CARIBBEAN GROUP,2004,53.00223973894737,85.53225293578947,59.93427828631579,89.83743882894737,60.541085721578945,72.63641811763158,58.726747925684215,0.0,59.87276038894737,41.097994020526315,62.260659763157896,55.76613412947368,54.92193666421052,56.493442906842105,62.075238621578954,100.0,22.571428571428573,31.571428571428573,51.57142857142857,51.42857142857143,67.27653798894737,0.13561657894736842,0.4205871052631579,1.36%
REG,REGENCY CENTERS,2004,23.881135010555553,76.20736861444445,51.36305289555556,97.77777777777777,51.36305289555556,35.42648128861111,42.808216948222224,37.314832295555554,56.55863818555556,13.051197473333334,65.07571698277778,33.13862688388889,51.101940293333335,49.953377647777785,56.459562938333335,100.0,31.333333333333332,4.833333333333333,40.833333333333336,52.0,61.17657147,0.10887116666666667,0.2606792777777778,1.09%
REGN,REGENERON PHARMS.,2010,31.799798750833332,92.07990168250001,44.08355506416666,94.11393066083333,44.08355506416666,44.909407494166665,37.1841699825,0.0,24.411631860083332,30.59682696666667,24.156891348333332,53.01343163166666,39.02886792666666,20.335322311083335,70.72302083333334,100.0,16.833333333333332,29.833333333333332,49.666666666666664,53.2,76.05186722666667,0.40400375,0.36672225,4.04%
RF,REGIONS FINL.NEW,2002,34.249416787899996,69.12988510599999,38.640926998750004,76.3463988705,39.89387590125,20.277392451,39.53775639,18.82809460955,42.592919364400004,9.9574122855,43.48736756765,52.7991050535,26.079773517249997,45.1737604124,43.6297497228,100.0,17.333333333333332,47.666666666666664,46.833333333333336,52.958333333333336,40.3257126225,0.08003445000000001,0.33456969999999997,0.80%
RHI,ROBERT HALF,2002,16.540936606190478,70.34107567952381,40.34854845142858,93.92230576428571,40.705077552380956,35.85623828809524,23.246942942333334,0.0,54.18716894666667,20.918730120952382,50.53130809219047,18.650232363809522,29.649016720952382,91.47086002761905,39.71789715761905,91.66666666666667,34.333333333333336,59.0,68.0,63.25,47.92394466095238,0.10364309523809524,0.3008260952380952,1.04%
RJF,RAYMOND JAMES FINL.,2009,6.898234624285714,83.99939710642857,45.90927942785714,68.20076782285715,50.19939760214286,15.88760918857143,28.800408656142857,23.242249735714285,51.68398907285714,10.283539358571428,60.10219082428572,45.758712470714286,10.632573342142857,53.48048619285714,59.59434051714286,100.0,14.833333333333334,33.666666666666664,35.166666666666664,45.916666666666664,50.63947208357143,0.20711242857142856,0.2841720714285714,2.07%
RL,RALPH LAUREN CL.A,2004,25.4002507415,63.697348458,38.104038875549996,86.658024343,38.30860567455,20.748365136,34.681687397000005,48.835534256,36.315666109300004,20.3385750675,47.5086188269,51.005218561999996,30.480213577500002,6.282767295699999,40.627518003,100.0,46.0,69.28571428571429,52.714285714285715,67.0,37.313774411,0.13325075,0.3194877,1.33%
RMD,RESMED,2009,38.220035651428574,77.28279791214287,56.84281565857143,99.10714285714286,56.84281565857143,54.41093692142857,47.18486274357143,25.0,52.28696175928572,48.862435395,47.40527494178571,60.125017215,65.88334845071428,77.93720188571429,63.72602978214286,100.0,24.4,14.8,46.4,46.4,71.23008487214285,0.22755750000000002,0.24669121428571428,2.28%
ROK,ROCKWELL AUTOMATION,2002,48.1535877865,88.8923565225,46.063620064,98.4375,46.063620064,65.734809121,41.3462303765,29.3003761585,38.79755229,24.3755506105,35.4443269132,36.291871247,42.5179830605,43.7376132136,55.923147065,100.0,25.2,42.4,60.8,57.1,84.936185027,0.2284625,0.2845297,2.28%
ROL,ROLLINS,2015,7.17480526,66.455527305,22.619686693749998,100.0,22.619686693749998,3.59317193675,2.08823008925,0.0,30.9073356275,0.0,33.371857546,27.673335455,2.337578539625,38.5139494775,27.38136810625,100.0,21.5,0.0,16.25,,20.2362271275,0.22224137500000002,0.224017625,2.22%
ROP,ROPER TECHNOLOGIES,2004,5.42120654368421,62.25739371473684,37.514185760000004,99.62406015052632,37.514185760000004,6.33097414131579,27.028801890263157,36.299426541578946,40.03947288936842,16.981265439473685,42.88393747757895,20.840931552105264,28.466520854894735,53.636768491052635,38.23456669947368,100.0,19.5,0.0,0.0,,32.08751319210526,0.18541284210526315,0.20113636842105265,1.85%
ROST,ROSS STORES,2004,23.10946618157895,60.19352688157894,38.93366089368421,96.9185191236842,38.93366089368421,17.16807259473684,22.734761725631575,0.0,43.029581715263156,47.050499003157896,56.195473375263155,24.083619506842105,47.602598062105265,12.423353209,42.536836781052635,100.0,35.0,27.833333333333332,51.166666666666664,53.5,38.60948095263158,0.1887491578947368,0.26193236842105266,1.89%
RSG,REPUBLIC SVS.'A',2004,46.00406280736842,89.5269958131579,49.73859778947369,90.69731999789474,50.21877934473684,48.48461171105263,47.273208937263156,50.78272071473684,63.37963374210526,12.349905320526315,63.158318417000004,8.745363562105263,43.55483278736842,75.70106544894736,41.538121931052636,83.71428571428571,29.285714285714285,37.142857142857146,58.714285714285715,52.214285714285715,53.854798423157895,0.1470724210526316,0.17934884210526314,1.47%
RTX,RTX,2002,52.406813431,65.38971372,54.8399075605,71.8186208365,59.6217405095,66.8135012445,67.72316790049999,65.07095952649999,65.572074746,22.367117682,73.8481714955,67.376686275,72.47233460700001,46.761926456,50.8494102705,97.6,31.6,50.4,59.8,59.85,65.166132425,0.10286495,0.22690899999999997,1.03%
RVTY,REVVITY,2004,50.390945556666665,65.05629938277778,51.823841790555555,97.09595959611111,52.677935417777775,49.38119733888889,45.71905374611111,36.111111111111114,52.25742890888889,30.03819654666667,50.238955304444445,56.500230636666664,53.15130255166667,60.22999648222223,55.463746522777775,100.0,27.6,8.8,46.6,50.0,74.91603473555556,0.1916085,0.25067550000000005,1.92%
SBAC,SBA COMMS.,2008,15.082184127857143,53.36999952428572,34.87419161214286,100.0,34.87419161214286,24.23339765571429,19.177615649285713,0.0,40.37666177214286,7.563562268571429,38.30947838307143,23.746106225714282,19.232223929285713,64.13025815714285,48.518193531428565,100.0,18.333333333333332,12.5,17.833333333333332,48.0,69.41697786214286,0.2527935,0.23709257142857143,2.53%
SBUX,STARBUCKS,2002,87.63136445149999,80.525638164,57.4917350315,46.2551792216,72.874725739,71.920431314,78.8438323825,59.9412397055,69.464893538,76.525850725,64.120054642,64.276160698,88.1427553185,75.1700425765,71.566483221,82.6,39.36836,45.714279999999995,43.15,52.70816,71.7841849745,0.25784280000000004,0.24064005000000002,2.58%
SCHW,CHARLES SCHWAB,2002,3.315755832380952,90.65288928571428,47.37007152047619,76.35030528571428,48.54491415619048,25.908512310523808,28.186432944285716,0.0,48.363688250952386,0.0,59.538778268095236,47.03332841238095,33.33327275571429,41.14534313228572,61.32876025,100.0,14.428571428571429,43.42857142857143,32.714285714285715,47.642857142857146,49.5360769,0.1351709523809524,0.31159838095238096,1.35%
SHW,SHERWIN-WILLIAMS,2004,67.55183036789474,66.8290658263158,55.069642098421056,79.40187772210527,58.944328752631584,53.919854705789476,55.56117444421053,63.50646000578947,72.64149386526316,43.83955908263158,75.66936653263159,59.13886647368421,49.166024193157895,65.94169396736842,54.388110228421056,100.0,27.285714285714285,19.0,60.714285714285715,51.75,58.05950806105263,0.2177635789473684,0.2159603157894737,2.18%
SJM,J M SMUCKER,2008,62.51767227733333,69.65660565333334,52.927246786,97.451374916,52.927246786,36.418236787333335,48.269026999733335,23.27124701,51.77943282866667,38.74455171333333,59.81856808533333,71.76167391466667,65.11937320673333,17.823489011200003,56.557259748,100.0,22.2,50.6,59.2,58.0,47.377267954,0.1247616,0.19842346666666666,1.25%
SLB,SCHLUMBERGER,2002,47.46551121761905,81.59985664380953,53.903339271904755,80.32547547619048,56.72923401857143,61.03937197095239,60.35924152952381,23.519675967142856,59.20980730428571,24.01810811952381,62.5211944952381,30.03932011190476,72.73893729666666,56.00138072714286,52.00734039095238,93.14285714285714,55.285714285714285,40.857142857142854,63.142857142857146,63.107142857142854,73.20900552666666,0.12022780952380951,0.32941380952380955,1.20%
SNA,SNAP-ON,2002,6.9798871206666675,55.03868308,38.11571144142857,100.0,38.11571144142857,8.628370169428573,15.657760630714288,8.639022730380953,53.90924618952381,43.967005394285714,63.061817932380954,35.63976060714286,40.23532740809524,54.68691309142857,46.62452974857143,100.0,16.149116666666668,18.0641,27.875,40.52205,52.90868859380953,0.13880295238095236,0.24704828571428572,1.39%
SNPS,SYNOPSYS,2004,11.090705606666667,69.15345023611111,46.36855132833333,94.92775742777778,46.36855132833333,19.613997225,16.640397387777778,8.834173372777776,58.24858237277778,18.06224105833333,61.138921373888884,24.54981094833333,25.066296185,80.05270355222223,42.92929148388889,100.0,23.0,10.5,19.25,,36.70917401166667,0.18169849999999999,0.22756844444444443,1.82%
SO,SOUTHERN,2002,74.25660493619047,88.86623437238096,54.605183420952386,72.30097535057142,60.794258610476184,69.01735970761905,54.06289787,26.520971059428568,75.49770435142857,17.400786869047618,70.76495717809523,44.265530731428576,61.650787710476195,92.10092787428572,58.28646439380952,100.0,39.57142857142857,49.714285714285715,57.285714285714285,61.642857142857146,65.31401920809523,0.10715447619047619,0.1494508095238095,1.07%
SPG,SIMON PROPERTY GROUP,2005,49.75946884611111,91.282153345,51.49613672500001,93.88888888833334,51.49613672500001,54.31158185183333,40.264220497555556,11.804661261111113,55.893023225,2.456033485555556,52.89343360722222,39.49367626555556,34.209709036944446,69.98069153555555,60.76988132555555,100.0,32.142857142857146,29.857142857142858,41.142857142857146,50.785714285714285,55.85897000166667,0.1257647222222222,0.2746478333333333,1.26%
SPGI,S&P GLOBAL,2005,59.37026242555555,74.05037546611112,57.89788230794444,81.08825939555555,61.70620515183334,65.8844650661111,60.13666650761112,22.496564695,60.540161176666665,44.44324538888889,63.23919306944444,62.42641601666667,83.18593193255555,52.32332070361112,63.510210238944445,100.0,34.857142857142854,71.57142857142857,60.42857142857143,66.71428571428571,78.10462691055555,0.1834308888888889,0.25854161111111107,1.83%
SRE,SEMPRA,2002,54.442206187500005,73.399897761,48.3309711605,78.134920635,51.418530746,52.9287814736,44.69072905525,17.9474733355,60.210097206499995,43.100852500500004,56.996839742999995,26.770247258,61.25252634515,74.7662160985,53.73374696450001,100.0,41.833333333333336,75.33333333333333,63.833333333333336,70.25,65.0138410505,0.13849424999999999,0.1850233,1.38%
STE,STERIS,2018,14.210201102400001,63.60951575599999,47.003162326,100.0,47.003162326,38.730781076,45.446927236,50.0,12.3679287752,68.36983916599999,11.3026110442,89.707548478,48.150768979999995,14.6908063228,73.859979994,100.0,19.5,3.5,24.5,37.0,69.491343812,0.1986774,0.241263,1.99%
STLD,STEEL DYNAMICS,2007,25.67683226375,46.179483631875,31.9670447461875,94.07886711125,31.9670447461875,43.8966503239375,28.054963356125,0.0,53.75759171375,4.885158945,57.152664766875,37.2451254625,18.616353407125,61.161187836875,22.092531337375,100.0,15.2,16.6,36.4,42.05,24.338449873125,0.2342944375,0.4062048125,2.34%
STT,STATE STREET,2002,80.79361999857143,90.47130439904761,72.52917526571429,80.42365879238095,76.91637981,76.4429725042857,78.93996471714286,66.74492110380953,78.64215068047619,72.51678627904762,84.45153109,40.14299652190476,73.37023253190476,57.84323643523809,77.19756178190475,100.0,36.0,72.14285714285714,46.57142857142857,63.67857142857143,86.47862088190476,0.07117652380952381,0.30094642857142856,0.71%
STX,SEAGATE TECHNOLOGY HOLDINGS,2004,75.363260705,72.93497984055556,51.742592996111114,88.5255331088889,52.91207815333334,31.315903963611113,35.06365825094444,32.99686917388889,54.688840572222226,58.358170487777784,52.946522012222225,39.584536222222226,48.435748715,46.71362234966667,60.25614591055556,100.0,50.5,11.666666666666666,53.666666666666664,54.25,74.10227505944445,0.34580244444444447,0.43896138888888886,3.46%
STZ,CONSTELLATION BRANDS 'A',2002,19.401878721714287,66.55813437904762,30.63617407333333,83.99348628333334,30.63617407333333,38.97266239785714,25.045459371238096,13.993229604285712,29.914599983333336,4.760109035714286,34.09019818471428,51.77385307428571,15.442528333809523,23.004420151476193,34.67689223523809,100.0,10.2,22.4,32.4,45.333333333333336,32.19163226285715,0.20432014285714284,0.2588298571428571,2.04%
SWK,STANLEY BLACK & DECKER,2002,43.710271724500004,65.868865636,39.976408589,71.6134230478,42.6348294435,37.4046336655,31.52072703615,21.72842435395,38.437443052,59.528936767000005,44.3209977288,42.895102591,48.1580509485,15.3103750125,56.008455166500006,96.83333333333333,20.833333333333332,30.166666666666668,52.333333333333336,50.041666666666664,53.701130994,0.12186715000000001,0.2550425,1.22%
SWKS,SKYWORKS SOLUTIONS,2010,37.677016031538464,63.710483861538464,50.370611666923075,100.0,50.370611666923075,26.87740327653846,38.66073990153846,35.66504058769231,70.45710053692308,34.54546527153846,77.99501033615385,38.609680877692306,54.25678474461539,67.18412421076923,46.71325242384615,100.0,20.6,4.6,36.4,46.25,58.02486716615385,0.2781943846153846,0.3470768461538461,2.78%
SYF,SYNCHRONY FINANCIAL,2014,13.544702229444445,75.36090678444445,53.20744793666667,97.69038701666666,53.20744793666667,30.040267722222225,16.256025790333336,0.0,60.67613428000001,47.663763421111106,62.30232491666667,59.86217967666667,30.907907103333336,86.67645352333334,60.284845564444446,100.0,18.285714285714285,52.714285714285715,38.142857142857146,55.0,57.366570224444445,0.074515375,0.331600375,0.75%
SYK,STRYKER,2002,14.533939306000002,84.351371091,43.065401577,76.37982757649999,45.7233851155,10.535325723,15.81448943145,15.0,68.2825585455,13.754389503999999,86.5368978445,16.062954552,23.4315558547,43.267173714500004,39.1904569305,100.0,28.0,48.6,38.2,53.7,49.894665073,0.1488693,0.2062456,1.49%
SYY,SYSCO,2002,45.9099427415,73.646491827,55.449413531000005,90.691741373,56.691405126999996,35.0137422575,47.025613675,50.694576471,59.497863691,45.2010359305,64.9982257735,57.384959597,61.24883512500001,50.221937386,59.780991981,94.83333333333333,28.666666666666668,60.166666666666664,44.5,57.041666666666664,63.2916899875,0.09772014999999999,0.20245934999999998,0.98%
T,AT&T,2002,62.46297960095238,80.81878973571429,32.54034036642857,22.430003178333333,55.34004897880953,61.28849853571428,59.74299702404762,47.99432647619047,47.373178583619044,31.23921005619048,46.99997866214286,54.86501282333333,68.47758224233333,38.557310976809525,57.62932831538095,71.28571428571429,38.0,79.57142857142857,67.85714285714286,64.17857142857143,73.23886596095238,0.07052209523809523,0.19491866666666666,0.71%
TAP,MOLSON COORS BEVERAGE COMPANY B,2002,65.138041133,61.534052666499996,45.1393300407,80.70021379800001,48.8858353837,43.74134374405,47.0835702226,38.709653012000004,46.250017778,45.856255109,45.22287502345,44.1180144685,52.8337566735,37.08181138325,51.49531104675,100.0,29.833333333333332,27.666666666666668,55.166666666666664,53.166666666666664,60.240586269000005,0.066675,0.24799354999999998,0.67%
TDG,TRANSDIGM GROUP,2009,7.8359119078571435,31.53148659857143,20.775378195571427,98.73949579857143,20.775378195571427,11.726050424285715,8.044677294285714,0.0,32.11313752971429,5.403464294285714,39.65414627771429,36.52417382,13.862416178571427,23.161258789285714,19.298557864214285,100.0,7.25,0.0,31.5,,15.03501614142857,0.3296550714285714,0.2489195,3.30%
TDY,TELEDYNE TECHS.,2015,26.107644255,47.13183263166667,33.58723833,100.0,33.58723833,5.925512324166667,15.325848434666668,14.312801454999999,55.09715885166667,30.924147051666665,64.500824105,21.291989526666665,24.215707515000002,43.077951078333335,35.64559495333334,100.0,22.2,0.0,50.4,,34.441656583333334,0.278426,0.23688383333333332,2.78%
TECH,BIO-TECHNE,2009,13.545842023333334,62.78428765066666,40.99944081666667,100.0,40.99944081666667,8.491286491,11.361857889333333,3.3333333333333335,43.314484916,33.80380572666667,44.14825519186666,68.334938538,14.648316880000001,60.381012590666664,60.14457504133333,100.0,15.833333333333334,19.166666666666668,27.333333333333332,47.916666666666664,51.78474500266667,0.15092486666666668,0.24170566666666668,1.51%
TEL,TE CONNECTIVITY,2007,59.16176919625,84.75899797125,56.452622266875004,92.8889874914375,57.6132490475,47.3193659721875,42.713209377187496,29.159460655,68.662473410625,56.6134089525,71.745634585,39.9040993375,69.721436425625,64.719072304375,62.823198973125,100.0,32.857142857142854,26.857142857142858,63.714285714285715,56.875,71.45708480625001,0.1535064,0.2840821333333333,1.54%
TER,TERADYNE (XSC),2002,16.7564173068,65.5514483025,39.70514420115,100.0,39.70514420115,36.629812425,18.3917737755,1.3102412211499999,56.251387565,27.665172709500002,60.667129359,41.7284074225,21.893867467,67.8622284215,45.1777509553,100.0,21.666666666666668,31.333333333333332,44.833333333333336,49.458333333333336,57.87191357299999,0.21593990000000002,0.39398995000000003,2.16%
TFC,TRUIST FINANCIAL,2002,21.111583444571426,77.36419038000001,42.044614655714284,90.31124561714286,42.37555172380952,9.884660112476192,19.10015072142857,0.0,55.07276816142857,0.7647320471428571,64.95815963833333,46.56089432142857,19.330071729047617,44.76225304285714,44.048793593333336,100.0,37.57142857142857,34.285714285714285,38.857142857142854,52.67857142857143,43.71732186238095,0.05747438095238094,0.2560259047619048,0.57%
TFX,TELEFLEX,2008,16.983135952666668,68.57411665533333,43.503102964,97.03030303066666,44.15015759133333,9.526885487533333,20.759373357799998,30.0,40.096817640666664,43.55044582933333,48.11437544333333,60.213762173999996,23.249199889266666,28.780746088666668,55.51904816933333,100.0,23.571428571428573,9.714285714285714,34.142857142857146,52.25,46.558884207333335,0.13293546666666667,0.24122333333333332,1.33%
TGT,TARGET,2002,68.1530355209091,94.14312468409092,53.12995800590909,38.48670399059091,72.33798840272726,81.17101854272727,76.58550578863637,62.335622685454545,61.53870078136363,52.043882995909094,63.42755781681819,75.48783125454545,75.49780110909091,50.83295417136364,79.47618324545455,82.42857142857143,44.42857142857143,54.42857142857143,64.71428571428571,61.5,79.17937121,0.11520231818181817,0.2657458181818182,1.15%
TJX,TJX,2005,43.984157422,80.02705439555555,57.402187093888884,86.08481229166667,58.951535532777775,67.53224531055555,58.767119780111116,8.44017094,45.60046944333333,68.98257488888889,42.84563432377777,49.873794582222224,63.314158587611104,55.86079452277777,72.16871353777778,91.83333333333333,46.333333333333336,58.833333333333336,64.16666666666667,65.29166666666667,88.09168564222222,0.18962194444444444,0.2038668888888889,1.90%
TMO,THERMO FISHER SCIENTIFIC,2002,36.6385451747619,66.4221953447619,48.23212933571428,93.47657244761905,48.55558705666667,46.75174359380952,41.22139450314286,30.952380952380953,49.99971673142857,29.92794678,49.94424740714286,47.20262115,47.144725075714284,59.09206218761905,50.05824035971428,100.0,18.285714285714285,54.285714285714285,41.0,53.392857142857146,59.64901586857143,0.19885695238095236,0.216434,1.99%
TMUS,T-MOBILE US,2007,18.523806639375,74.6820956325,31.491488550625,64.80369223525,36.32424506875,23.59541505125,30.244215296375,32.18898207125,36.8557236665,41.480188666875,42.3566327531875,20.989033465,35.19134461375,30.7406380621875,38.3834637975,91.14285714285714,27.857142857142858,44.857142857142854,41.857142857142854,51.42857142857143,32.71650356125,0.2606079375,0.445424,2.61%
TPR,TAPESTRY,2002,30.2805858425,70.2102014255,42.646841224499994,97.11277173900001,42.646841224499994,36.96460896875,29.0087209614,0.0,36.3017565875,34.439293750000004,29.600175154,37.9315201075,42.66863212175,62.654475198499995,54.494571517500006,100.0,50.833333333333336,29.333333333333332,45.0,56.291666666666664,69.215052416,0.19262635,0.35891850000000003,1.93%
TRGP,TARGA RESOURCES,2015,30.328427394285715,62.68069011285714,39.87517686,99.10714285714286,39.87517686,52.04705708285714,38.81635821971429,0.0,51.85623377,2.7281746028571425,58.59213277285714,23.561199377142856,37.55854459585714,43.75510800714286,32.319558394285714,100.0,28.0,0.0,23.0,,49.879822177142856,0.1739157142857143,0.5406268571428571,1.74%
TRMB,TRIMBLE,2008,6.948688610714286,49.670483526428576,46.96079070857143,100.0,46.96079070857143,11.638021616428572,33.83791597257143,39.34892192857143,50.09124289714286,32.89751666714285,57.18249885214285,63.171824965,41.28983760285714,55.215425902142854,47.897267108571434,100.0,24.5,0.0,13.25,,32.39802559428572,0.1715055,0.34210250000000003,1.72%
TROW,T ROWE PRICE GROUP,2002,28.726473742999996,61.762385151000004,43.182026961000005,100.0,43.182026961000005,35.855624524899994,43.7226159235,16.1342160495,44.06542713899999,8.874130299499999,41.7816566525,34.770260065500004,34.16615782,61.9039643575,48.764458237999996,100.0,28.0,34.166666666666664,47.5,55.1,51.819097020499996,0.19132855,0.2558781,1.91%
TRV,TRAVELERS COS.,2002,25.556376663809527,81.79290795666667,45.025279915714286,80.33138818838094,47.27993803095238,36.892988707952384,41.85482386619047,6.785192215,52.55288816476191,16.28695100904762,56.128322633809525,27.999383904285715,39.708986091285716,58.63244760476191,50.72838869952381,100.0,24.142857142857142,64.42857142857143,45.142857142857146,58.42857142857143,57.80434067952381,0.10727038095238095,0.2081312857142857,1.07%
TSCO,TRACTOR SUPPLY,2008,27.309557874,70.94195660933333,62.848658314,100.0,62.848658314,40.334782631799996,54.48399772066667,58.68894841066666,66.31971050666667,34.275220024666666,72.90882140733333,81.609706724,68.004113816,70.362775926,63.50305582866667,100.0,30.428571428571427,7.857142857142857,71.85714285714286,60.5,55.00088063666667,0.28675486666666666,0.29357846666666665,2.87%
TSLA,TESLA,2010,30.087880783846156,61.59953424846154,29.31042530076923,47.955882457692304,40.354886863846154,29.671895356692307,48.72127537076923,70.08839603461539,33.17733856169231,19.427832737692306,32.814232061846155,46.147145327692314,28.84629005546154,36.447332086923076,37.69569725461538,62.333333333333336,20.666666666666668,34.666666666666664,51.333333333333336,45.35,37.666450189230765,1.0176885,0.5526630833333334,10.18%
TSN,TYSON FOODS 'A',2004,54.077922845555555,66.77025717,40.07254743388889,28.005487577666667,56.27123517388889,49.22245634572222,52.01266469722222,10.636679862222222,60.677555319999996,27.438651395,73.02301947500001,74.5162068961111,63.07807001388889,23.925763114166667,56.432197643888884,87.33333333333333,22.333333333333332,28.333333333333332,42.0,45.0,58.45147045277778,0.17478444444444444,0.29737477777777777,1.75%
TT,TRANE TECHNOLOGIES,2005,58.76202291533333,76.81373777055555,64.38333922083334,93.78653398166666,65.0215703775,72.81020350722223,59.32660309666667,45.96626226833334,68.2449113938889,57.23377669777777,79.48668847888888,61.11003535277777,75.8883621038889,37.094246770611115,67.77543287277778,100.0,51.142857142857146,53.57142857142857,65.71428571428571,67.60714285714286,80.06633309777777,0.2464982,0.2705994,2.46%
TTWO,TAKE TWO INTACT.SFTW.,2015,7.777465534444445,63.31555341111112,37.020615453333335,98.02571166222222,37.020615453333335,9.184108480111112,6.264629233,0.0,38.24293631222222,23.968135615555557,33.14184441533334,45.01977131777778,12.671148709222223,75.55688981222222,46.64202864,100.0,23.26747142857143,13.333332857142858,18.0,44.51285,36.846083164444444,0.2995824444444445,0.2697523333333333,3.00%
TXN,TEXAS INSTRUMENTS,2002,70.18275363476191,93.97197474714287,79.53370479571429,90.58520844285715,79.53370479571429,89.64984919714286,84.89480919095237,72.81784516285714,70.56394035666666,78.28607726523809,76.43581042333332,58.68501718666667,95.51045067238095,51.24516461095238,81.07094065380953,100.0,26.928066666666666,69.7381,62.00715,64.66833333333334,93.67758713476191,0.16640366666666667,0.2540671904761905,1.66%
TXT,TEXTRON,2002,35.29008768047619,64.1168044504762,47.74672208047619,83.17607314142857,48.21517621142857,33.23008813519048,28.820199814714286,23.89572783252381,64.14570230238095,21.78502485238095,68.75873389871428,56.88395280142857,29.506311360619048,68.00600673285714,46.95551304714286,100.0,19.857142857142858,31.571428571428573,63.42857142857143,53.714285714285715,58.41394526714286,0.13885190476190476,0.362519,1.39%
TYL,TYLER TECHNOLOGIES,2015,26.328133065,59.22601553,46.99867316375,96.875,46.99867316375,27.3903783875,18.675050647125,2.51320939325,58.10845284875,18.696204962499998,60.568656327499994,30.37717731125,34.413953825,71.09465444625,43.96457814125,100.0,21.0,7.714285714285714,26.0,51.375,54.65347994125,0.200340125,0.253148875,2.00%
UAL,UNITED AIRLINES HOLDINGS,2008,51.070431375333335,79.99051865466666,48.24830583133333,56.439282428666665,51.780043632,66.502410182,52.74720520266667,26.435682994666664,51.84064097266666,43.723468366666665,43.958739640666664,37.709603052000006,51.250881528,78.62711847866667,51.01624924466667,73.0,20.285714285714285,25.428571428571427,36.142857142857146,38.714285714285715,44.468467403999995,0.09852359999999999,0.5899021999999999,0.99%
UDR,UDR,2004,16.68959815888889,60.28263913166667,40.11694251111111,97.56944444444444,40.33358341388889,20.734341990555556,18.380773993666665,28.88765789888889,59.13463451055556,0.0,79.75527655055555,31.149439172222223,13.547583021000001,18.695851943888886,47.587434189444444,100.0,27.666666666666668,11.5,56.333333333333336,56.583333333333336,55.77790284666666,0.1439733888888889,0.22265144444444443,1.44%
UHS,UNIVERSAL HEALTH SVS.'B',2008,2.882171626,63.88219350666667,29.127721024,88.79807692333334,29.127721024,5.914912329333333,7.110631207333333,0.0,26.2076150792,0.0,35.2469531386,33.04138076866666,10.167142018666668,11.626783853200001,40.73493006933334,100.0,27.142857142857142,4.285714285714286,41.142857142857146,43.142857142857146,53.89237225666667,0.15546726666666666,0.3011179333333333,1.55%
ULTA,ULTA BEAUTY,2010,11.139791578461539,74.09690104153846,41.15587455692308,100.0,41.15587455692308,9.647684601846153,7.538968898538461,0.0,44.48936716092308,53.90985044538461,52.86067297499999,24.067903133076925,11.03968517153846,38.818064833076924,53.283338757692306,100.0,38.6,1.2,70.2,58.75,60.88117701615385,0.31985061538461534,0.3298589230769231,3.20%
UNH,UNITEDHEALTH GROUP,2002,23.2627993,42.44688643238095,35.86943010942857,62.213980845857144,39.392932549904764,32.85013192952381,28.10690067057143,0.0,57.047638248571424,14.588158777619046,68.74954690190476,18.40284493142857,32.07181692809524,40.56450203690476,29.383191083904762,98.5,36.875,70.375,42.25,65.28571428571429,40.620365344285716,0.21806723809523806,0.23191914285714285,2.18%
UNP,UNION PACIFIC,2002,60.8959978135,82.75023385099999,51.795660407499994,75.6064133985,56.399626175499996,67.54265106315,36.6398777579,0.0,65.655416967,13.125847529499998,65.35208744399999,67.90254720499999,40.089194131,69.83946148449999,67.519554874,95.83333333333333,28.166666666666668,72.33333333333333,58.5,63.708333333333336,89.04101104200001,0.19724965,0.21688454999999998,1.97%
UPS,UNITED PARCEL SER.'B',2002,69.79268255714285,91.93183818904762,50.23654308714286,48.18178197223809,63.75007045238095,87.82812170285715,69.96775241190477,33.377425044285715,55.25010410142857,32.06435779952381,66.24419849428571,17.633708865714283,88.77676401190476,8.908070489714286,64.5491073752381,76.71428571428571,32.0,50.857142857142854,67.0,56.642857142857146,92.34709786428571,0.10119014285714285,0.20804938095238093,1.01%
URI,UNITED RENTALS,2014,69.84451797555556,79.16643568,57.7998748911111,97.27095516555556,57.7998748911111,73.65875944,51.45815765555555,12.5416526,61.80479552333333,42.56404909555555,67.92025340555557,33.182705283333334,61.220009886666666,36.06012094333333,58.13974731777778,100.0,21.571428571428573,13.285714285714286,52.857142857142854,53.75,75.87972544444445,0.24661044444444447,0.411997,2.47%
USB,US BANCORP,2002,21.175360345999998,83.643664676,46.5847703215,76.8901529497,48.594113038,40.153194188499995,52.1375492665,34.7833562475,46.758766606,7.1211780325000005,45.2583622865,65.130614526,44.1686477195,68.81571850899999,53.2218359985,97.6,29.2,59.2,32.8,54.7,51.8003318845,0.09786245,0.22447119999999998,0.98%
V,VISA 'A',2007,36.607350814374996,74.5450473375,37.64500534125,51.39961895875,43.052144093125,48.95039478625,29.5271912578125,0.5357142856875,38.663773176,28.66011938875,43.0044168725,29.67586320375,55.2336915325,25.5659091044375,52.860235821875,100.0,32.0,68.85714285714286,65.71428571428571,66.64285714285714,63.96492093625,0.2516712857142857,0.2009982142857143,2.52%
VFC,V F,2002,23.071385847,73.906068926,46.1892271085,97.95454545449999,46.1892271085,33.970179023499995,40.419242221000005,37.293696964,53.4362075655,43.345413223,60.617235652,38.19299498,48.151261189500005,49.742661753,44.2472505175,100.0,34.5,44.75,45.5,56.1875,31.511817609999998,0.16384445,0.23561695,1.64%
VICI,VICI PPTYS,2017,28.433910393999998,63.264428902,48.50761427,100.0,48.50761427,29.5696116254,27.8005419554,5.040983606,74.08023714,34.22030955,75.88884816999999,41.428984434,31.831928726199997,98.482418196,47.001182740000004,100.0,22.25,0.0,10.25,,36.483000978,0.1731955,0.2861175,1.73%
VLO,VALERO ENERGY,2002,46.341405778,80.754049149,44.479445858,70.64052445415,47.373924167,44.934562659,39.9070877555,57.133382016,75.754447551,6.9487413590000005,82.86967772450001,25.2242572775,22.59376575545,71.6457081515,37.6005615595,96.2,24.2,30.4,30.8,45.4,55.698107508,0.23564705,0.37905975000000003,2.36%
VMC,VULCAN MATERIALS,2002,24.974738490904763,74.17471916142857,35.73447719476191,85.26077097490477,36.12811867571428,37.36666018047619,36.600589305190475,46.93246406238095,38.68773286952381,0.0,36.76149326838095,46.427108354285714,27.677775199047616,54.25052778714286,33.75077931938095,100.0,16.571428571428573,3.5714285714285716,57.142857142857146,47.0,33.799995894285715,0.10475157142857143,0.2962768095238095,1.05%
VRSK,VERISK ANALYTICS CL.A,2009,30.149402149285716,75.2376121807143,51.000416452857145,97.98603652,51.000416452857145,41.88607569214286,45.62845589128572,52.661335797142854,42.83391931721429,27.20384443714286,48.237456290357144,70.25545862857143,38.746202811785714,33.278474183571426,62.355612289285716,100.0,24.0,24.0,45.5,48.375,52.101138035000005,0.15962807692307693,0.18822369230769231,1.60%
VRSN,VERISIGN,2002,3.8333691576190474,57.723718329523805,35.18534690142857,88.92351900999999,36.11795743190476,29.675773876666664,8.838924970095238,0.0,44.436383776190475,2.894841304761905,47.097337501428576,21.43922130142857,6.732925658238095,62.63521443380953,35.96151234157143,100.0,19.285714285714285,24.428571428571427,32.0,43.92857142857143,40.659606818571426,0.20148419047619048,0.320736380952381,2.01%
VRTX,VERTEX PHARMS.,2004,10.769419092222222,75.91323054222222,33.11241405744445,93.2539682538889,33.11241405744445,24.961718829444447,14.218668377777778,0.0,27.98465094066667,15.233495656111112,28.121417302333334,32.59831125444444,9.967394159444446,39.00558429777778,52.565138708333336,100.0,21.833333333333332,12.5,27.166666666666668,50.5,57.155042691111106,0.2691314444444444,0.4158682777777778,2.69%
VTR,VENTAS,2007,41.48749399733333,79.44791734866666,58.659024554,100.0,58.659024554,50.44930118,50.60390621893334,41.990476834666666,59.75779249866667,26.44560586,69.77647057266667,46.642701492,52.90220579066667,38.5423979228,67.49805781066667,100.0,37.6,23.2,35.4,49.05,78.19721750866667,0.10362946666666667,0.2911669333333334,1.04%
VTRS,VIATRIS,2002,25.9265553725,67.923313376,30.90962774775,54.90552306229999,38.59083159325,22.283547738,20.2542304665,0.0,49.7914802825,18.470100171000002,44.87506621545,33.2618779095,24.504114061000003,82.0894771125,40.09385978995,100.0,29.833333333333332,40.0,46.666666666666664,54.125,47.763708736,0.08355599999999999,0.33228615,0.84%
VZ,VERIZON COMMUNICATIONS,2002,62.91038696142858,73.96518652238095,41.189986932857146,30.123451312333334,60.96300945190476,54.048940589,54.57766033047619,43.232421714285714,62.11597836285715,45.087612780952384,57.550137307619046,63.30659091380952,65.03346385809525,76.80584281285714,62.82905868904762,96.0,43.166666666666664,64.0,47.0,62.541666666666664,73.38311811190476,0.05788033333333333,0.18245471428571428,0.58%
WAB,WABTEC,2009,20.13563897923077,64.71397029153846,39.04731352,87.3345740276923,41.62836833615385,23.27389590892308,32.37855321661539,40.992904170923076,43.233082743846154,26.153665273076925,46.257772379230765,69.3773149623077,22.162209166999997,48.54907980230769,48.870366099230765,100.0,27.0,23.166666666666668,52.333333333333336,54.625,39.216138396153845,0.15016576923076924,0.28939384615384617,1.50%
WAT,WATERS,2002,23.5248577788,65.7284502885,50.0990623035,100.0,50.0990623035,52.814829542999995,41.9054829865,25.0,64.64423452449999,11.8882806015,67.0988664955,39.6304250095,49.40065352635,83.875045785,41.9561494895,100.0,26.333333333333332,28.333333333333332,30.166666666666668,47.9,54.071399413500004,0.17181685,0.25769895,1.72%
WBA,WALGREENS BOOTS ALLIANCE,2002,37.27122280538096,73.9204029557143,41.32910127428571,48.40985916380952,51.13308823333333,44.95662909076191,38.007727227428575,15.243606749523808,59.62241894809524,41.58763798571429,59.37810857904761,29.904135086190475,42.68056246619047,75.33758427333333,52.39431630047619,90.5,49.333333333333336,76.5,49.0,66.33333333333333,71.40674523619047,0.053562000000000005,0.24277547619047618,0.54%
WBD,WARNER BROS DISCOVERY SERIES A,2005,0.9506366649999999,66.7156620761111,31.053221531722222,95.94258081166667,31.18073958005555,8.973406699555555,11.341388860722223,0.0,22.725518161777778,14.863852682777779,31.525951596388886,30.875550109444443,25.840087269444446,7.907327711333333,42.62504716777778,100.0,15.285714285714286,52.142857142857146,50.857142857142854,54.57142857142857,55.485823095,,,nan%
WDC,WESTERN DIGITAL,2004,41.677713367368426,49.08129162894737,37.82318913473684,91.61392018263159,38.58300650210526,31.085132390526315,34.45719511631579,35.80832689263158,49.06128817473684,20.271650329473683,52.46396115742105,30.045238027368423,34.448545037421056,42.64142810052632,34.63528378478947,100.0,28.333333333333332,24.5,37.833333333333336,48.7,51.84338287052631,0.242084,0.4042065789473684,2.42%
WEC,WEC ENERGY GROUP,2004,71.85730528,84.66618328055556,64.26136540388889,96.06823572333333,64.98135519222222,87.22828773777778,59.74267105555556,14.225601268888889,75.84038795388888,34.506636299444445,73.3568532611111,53.69883796888889,69.18557281,86.77422536666667,63.47884001611111,100.0,25.666666666666668,38.666666666666664,48.0,53.083333333333336,68.71778729444445,0.1418593888888889,0.15131799999999998,1.42%
WELL,WELLTOWER,2008,47.599535312142855,70.90095240357142,53.884988865000004,100.0,53.884988865000004,56.63817347085715,58.05936610857143,68.16192670285714,43.40470110357143,22.208741925714286,45.221606474714285,40.04927893571429,56.86609405714286,34.55179372335714,59.86032954642857,100.0,38.4,9.4,32.2,57.0,70.06776293857142,0.11624357142857143,0.24528178571428572,1.16%
WFC,WELLS FARGO & CO,2002,51.797730507523816,82.64728648714286,42.19514919014286,31.71064050552381,65.88830756442857,60.168923761428566,65.6145266547619,50.888995820000005,73.25722816438095,21.276001336666667,81.01163547066666,58.76262434047619,54.00901463952381,61.71553558095238,64.29453891895238,75.0,43.714285714285715,84.42857142857143,48.714285714285715,62.964285714285715,76.86880131666666,0.08319466666666667,0.2463037142857143,0.83%
WHR,WHIRLPOOL,2002,50.57339058428571,81.48739833380952,48.35077474238095,61.05442176871428,58.2294960147619,59.42793560571429,62.712064382380944,59.22533976761905,44.215954939523805,36.079567964285715,42.90597665857143,71.95174323285714,74.45176582428572,44.34425877952381,63.56758082952381,100.0,23.428571428571427,34.285714285714285,53.42857142857143,53.708333333333336,74.63452742428572,0.1400645238095238,0.3382348095238095,1.40%
WM,WASTE MANAGEMENT,2005,69.90357765470587,97.33123455294118,69.20714287705881,76.05064613647059,76.05681450705883,86.31088480000001,73.41935259058823,58.62667635411765,81.59505415764706,39.82505636470588,81.28886881705883,89.30367737882354,73.16066897529412,90.40998963823529,73.18266611058823,100.0,36.166666666666664,36.5,42.166666666666664,53.708333333333336,77.69209756294117,0.14881605882352944,0.16875041176470587,1.49%
WMB,WILLIAMS,2002,38.2226671835,68.621952959,43.17705975485,88.035087719,45.396910090350005,51.61914268100001,38.704120602,0.0,64.025428663,5.610839371,65.63392156575,9.2102752035,37.76699558465,75.8656266375,37.788911896849996,100.0,32.0,37.833333333333336,46.833333333333336,54.166666666666664,66.11272179049999,0.23966780000000001,0.41469915,2.40%
WMT,WALMART,2002,61.944892984285715,86.48091971428572,37.312223726190474,15.929175861142856,67.93222962809524,60.2270115722381,66.34598812333333,66.79962164952381,67.5406067847619,64.39314284714285,70.31432213000001,52.614296082380946,74.47605992571428,62.025364835714285,68.97373098238096,58.333333333333336,36.166666666666664,64.33333333333333,59.333333333333336,54.541666666666664,78.70002396238095,0.07534828571428571,0.1721097619047619,0.75%
WRB,W R BERKLEY,2004,11.262976708421053,59.030613641578945,35.12968944210527,98.33119383842104,35.12968944210527,14.13909121368421,27.30875706521053,12.251664605263159,43.83710661894737,0.0,47.39316014578947,26.442645327894738,10.097334616842105,53.69968146421053,34.21801915421052,100.0,27.0,29.857142857142858,36.0,48.214285714285715,35.98030647210527,0.16331752631578947,0.19573215789473683,1.63%
WRK,WESTROCK,2014,50.339721000000004,59.08441136444445,52.37594098666667,100.0,52.37594098666667,49.876045575999996,49.407853465222225,33.50198223444445,61.39590787444445,46.411569845555555,70.05739910311111,41.37248959,58.68592666555556,39.895061696666666,49.73855776111111,100.0,28.285714285714285,26.142857142857142,56.0,56.95,54.187646881111114,0.03883314285714285,0.29948375,0.39%
WST,WEST PHARM.SVS.,2015,83.6023625075,88.1490058575,69.962224805,100.0,69.962224805,42.32879795625,37.363064226249996,0.0,85.90535191250001,55.12836577875,90.76678559375,64.59156134375,77.859727345,71.23589924625,69.4076535375,100.0,30.285714285714285,19.142857142857142,26.0,51.8125,71.1639816,0.290259625,0.2712055,2.90%
WTW,WILLIS TOWERS WATSON,2004,5.579438141631579,56.29361444368421,43.22865580526316,83.29028819152632,46.20191119368421,10.287806024736842,24.249072566842102,5.965016771052632,67.61623515157895,8.872365200526316,74.29109965421053,25.33000774894737,17.51014081368421,86.72455148105263,38.43629401842105,100.0,27.857142857142858,26.0,47.285714285714285,53.0,47.85999025947368,0.0928691052631579,0.19581094736842106,0.93%
WY,WEYERHAEUSER,2005,90.14341857055555,95.73548497666667,76.02782167055555,83.095238095,81.23753799888888,85.32230753555557,79.535102655,51.50792139722222,76.38701777222222,81.259569825,72.00684963944444,79.444338035,81.1163933911111,81.8166443461111,88.51922476444444,91.85714285714286,25.857142857142858,39.857142857142854,43.42857142857143,50.25,88.8198513388889,0.09100844444444445,0.29344216666666667,0.91%
WYNN,WYNN RESORTS,2004,24.68488638263158,68.86637535947368,31.102111932631576,87.87440545947368,33.24166219210526,27.955974918947366,26.580551424,0.0,31.96680652542105,13.97512596,29.307462587263156,27.97368927578947,29.40024534026316,45.68589974705263,38.08823243263158,76.71428571428571,30.571428571428573,27.285714285714285,64.57142857142857,49.785714285714285,45.55325456210526,0.2216743157894737,0.45169068421052627,2.22%
XEL,XCEL ENERGY,2002,70.3293013042857,82.65915068047619,58.70588155619048,81.68054601285715,64.41878761714285,65.5078873452381,60.60436070547619,56.115964917619046,82.06797324857142,17.546561503333333,85.74675332333334,63.64421386857143,59.08429780380952,77.63115429142857,55.83058770714286,100.0,31.285714285714285,52.42857142857143,59.142857142857146,60.714285714285715,55.23757589,0.11565461904761905,0.1829600476190476,1.16%
XOM,EXXON MOBIL,2002,82.31744382849999,89.542880567,44.181508773000004,14.8571918063,73.1914819275,85.251122932,71.671627114,41.3450372085,73.741008013,58.138466007,76.067702009,71.67461913,83.67943460149999,60.2677374825,74.1333105105,77.16666666666667,35.166666666666664,62.166666666666664,34.666666666666664,52.291666666666664,86.09916343249999,0.076911,0.1996208,0.77%
XRAY,DENTSPLY SIRONA,2004,19.476687142777777,45.198217665,31.99238653888889,96.02272727277779,32.74485803666667,30.084163834444446,19.119739688777777,5.555555555555555,34.71996912111111,32.999708679444446,36.41755851277778,19.341687111111113,22.369439672277778,39.22352580333333,36.07392953605555,100.0,19.2,0.0,44.2,,54.77876103555556,0.08691511111111111,0.2069006111111111,0.87%
XYL,XYLEM,2011,91.67540149272727,82.16402828909091,66.69546354454545,100.0,66.69546354454545,78.58602998363637,68.44284463363637,55.117373515454545,67.95046273636363,45.37634483090909,65.6947784220909,55.7738499,88.67975502909091,59.65278461,64.13896282545454,100.0,34.833333333333336,35.833333333333336,64.66666666666667,58.833333333333336,79.51085637363636,0.1915,0.21941090000000002,1.92%
YUM,YUM! BRANDS,2005,47.60357685823529,81.5781446,52.833922990588235,51.63111746694118,65.45794964235294,52.22001844588235,63.461813070588235,0.0,51.10417923058824,50.981503094705886,45.801547801764706,83.9302698417647,83.60221012058823,71.11335223882352,76.22481186,89.66666666666667,40.166666666666664,66.33333333333333,66.33333333333333,65.625,77.30424506,0.16781570588235292,0.21999976470588237,1.68%
ZBH,ZIMMER BIOMET HDG.,2002,10.426398432666666,63.18324536,47.41837607,81.19984836047618,48.76133800142857,35.150496141238094,32.58745636952381,16.666666666666668,53.949834289047615,22.623764295714288,60.00676600095238,54.30380037333333,49.284643782380954,62.77568581780953,50.55322292047619,100.0,21.571428571428573,27.285714285714285,29.714285714285715,47.75,64.95154721666667,0.10754547619047619,0.24971338095238094,1.08%
ZBRA,ZEBRA TECHNOLOGIES 'A',2009,5.199272679230769,61.537807327692306,28.847206706153845,97.43589743615385,28.847206706153845,3.157051282307692,6.822591990538461,3.9492110154615383,41.42348788846154,37.83536325307693,55.64376391846153,53.420637798461534,12.106539987538461,18.172044595461536,43.66786942615385,100.0,20.2,0.0,11.4,,24.91664696846154,0.31691100000000005,0.31449907692307694,3.17%
ZION,ZIONS BANCORP.,2002,5.6261681265000005,77.71554356300001,39.431196401,96.079033579,39.431196401,0.0,20.6537189815,7.736209057000001,58.5940505855,0.0,66.89663808,17.3083844085,3.321996549,66.230680584,35.312367344,100.0,19.0,0.8,30.8,45.25,34.7183913825,0.0931321,0.3326278,0.93%
ZTS,ZOETIS A,2013,38.423350176999996,69.476997005,53.363725382999995,100.0,53.363725382999995,29.4489067413,39.655959388999996,0.0,51.709191604,62.560484714000005,48.623298932,52.859103183,60.739094591000004,70.852728129,61.197335755,100.0,28.5,31.833333333333332,39.5,55.1875,59.105405829999995,0.22533933333333334,0.20073789999999997,2.25%
